ISO-10303-21;
HEADER;
FILE_DESCRIPTION(('FreeCAD Model'),'2;1');
FILE_NAME('Open CASCADE Shape Model','2026-05-30T19:29:34',(''),(''),
  'Open CASCADE STEP processor 7.8','FreeCAD','Unknown');
FILE_SCHEMA(('AUTOMOTIVE_DESIGN { 1 0 10303 214 1 1 1 1 }'));
ENDSEC;
DATA;
#1 = APPLICATION_PROTOCOL_DEFINITION('international standard',
  'automotive_design',2000,#2);
#2 = APPLICATION_CONTEXT(
  'core data for automotive mechanical design processes');
#3 = SHAPE_DEFINITION_REPRESENTATION(#4,#10);
#4 = PRODUCT_DEFINITION_SHAPE('','',#5);
#5 = PRODUCT_DEFINITION('design','',#6,#9);
#6 = PRODUCT_DEFINITION_FORMATION('','',#7);
#7 = PRODUCT('enclosure_bottom','enclosure_bottom','',(#8));
#8 = PRODUCT_CONTEXT('',#2,'mechanical');
#9 = PRODUCT_DEFINITION_CONTEXT('part definition',#2,'design');
#10 = ADVANCED_BREP_SHAPE_REPRESENTATION('',(#11,#15),#9019);
#11 = AXIS2_PLACEMENT_3D('',#12,#13,#14);
#12 = CARTESIAN_POINT('',(0.,0.,0.));
#13 = DIRECTION('',(0.,0.,1.));
#14 = DIRECTION('',(1.,0.,-0.));
#15 = MANIFOLD_SOLID_BREP('',#16);
#16 = CLOSED_SHELL('',(#17,#140,#173,#206,#239,#272,#305,#331,#595,#620,
    #645,#678,#703,#728,#745,#771,#797,#1141,#1158,#1249,#1275,#1326,
    #1357,#1381,#1406,#1430,#1594,#1619,#1652,#1678,#1703,#1728,#1754,
    #1854,#1879,#1912,#1937,#1963,#1987,#2012,#2176,#2202,#2227,#2252,
    #2285,#2318,#2344,#2370,#2387,#2404,#2462,#2493,#2517,#2541,#2558,
    #2576,#2594,#2618,#2644,#2670,#2696,#2729,#2755,#2781,#2806,#2831,
    #2857,#2883,#2900,#2933,#2959,#2985,#3010,#3035,#3061,#3087,#3104,
    #3137,#3163,#3189,#3214,#3239,#3265,#3291,#3308,#3341,#3367,#3393,
    #3418,#3443,#3469,#3495,#3512,#3530,#3563,#3589,#3614,#3632,#3658,
    #3676,#3701,#3734,#3752,#3770,#3788,#3800,#3831,#3857,#3881,#3927,
    #3944,#4133,#4164,#4189,#4213,#4238,#4269,#4295,#4320,#4353,#4378,
    #4403,#4420,#4437,#4461,#4478,#4495,#4526,#4572,#4902,#4919,#4936,
    #5135,#5152,#5183,#5214,#5239,#5264,#5281,#5298,#5353,#5396,#5420,
    #5438,#5456,#5468,#5493,#5518,#5543,#5574,#5599,#5624,#5648,#5672,
    #5697,#5722,#5739,#5770,#5795,#5820,#5844,#5868,#5893,#5918,#5935,
    #5966,#5991,#6016,#6040,#6064,#6089,#6114,#6131,#6162,#6187,#6212,
    #6236,#6260,#6285,#6310,#6327,#6338,#6349,#6366,#6390,#6427,#6445,
    #6471,#6496,#6520,#6532,#6565,#6591,#6617,#6642,#6667,#6693,#6719,
    #6736,#6761,#6778,#6803,#6820,#6845,#6896,#6927,#6951,#6975,#6992,
    #7009,#7051,#7094,#7112,#7130,#7148,#7172,#7190,#7208,#7226,#7244,
    #7262,#7280,#7292,#7316,#7334,#7352,#7370,#7388,#7406,#7424,#7436,
    #7460,#7478,#7496,#7514,#7532,#7550,#7568,#7580,#7604,#7622,#7640,
    #7658,#7676,#7694,#7712,#7724,#7742,#7760,#7778,#7796,#7822,#7840,
    #7865,#7915,#7933,#7957,#7975,#7993,#8005,#8038,#8064,#8090,#8115,
    #8140,#8166,#8192,#8209,#8234,#8259,#8276,#8293,#8310,#8322,#8353,
    #8378,#8403,#8427,#8451,#8476,#8501,#8518,#8530,#8561,#8586,#8611,
    #8635,#8659,#8684,#8709,#8726,#8759,#8776,#8793,#8818,#8843,#8860,
    #8877,#8894,#8919,#8936,#8961,#8978,#8995,#9007));
#17 = ADVANCED_FACE('',(#18,#101),#135,.F.);
#18 = FACE_BOUND('',#19,.F.);
#19 = EDGE_LOOP('',(#20,#30,#38,#46,#54,#62,#70,#78,#87,#95));
#20 = ORIENTED_EDGE('',*,*,#21,.F.);
#21 = EDGE_CURVE('',#22,#24,#26,.T.);
#22 = VERTEX_POINT('',#23);
#23 = CARTESIAN_POINT('',(-71.628,-39.37,1.27));
#24 = VERTEX_POINT('',#25);
#25 = CARTESIAN_POINT('',(-71.628,-39.37,21.717));
#26 = LINE('',#27,#28);
#27 = CARTESIAN_POINT('',(-71.628,-39.37,0.));
#28 = VECTOR('',#29,1.);
#29 = DIRECTION('',(0.,0.,1.));
#30 = ORIENTED_EDGE('',*,*,#31,.F.);
#31 = EDGE_CURVE('',#32,#22,#34,.T.);
#32 = VERTEX_POINT('',#33);
#33 = CARTESIAN_POINT('',(-71.628,39.37,1.27));
#34 = LINE('',#35,#36);
#35 = CARTESIAN_POINT('',(-71.628,39.37,1.27));
#36 = VECTOR('',#37,1.);
#37 = DIRECTION('',(0.,-1.,0.));
#38 = ORIENTED_EDGE('',*,*,#39,.T.);
#39 = EDGE_CURVE('',#32,#40,#42,.T.);
#40 = VERTEX_POINT('',#41);
#41 = CARTESIAN_POINT('',(-71.628,39.37,1.524));
#42 = LINE('',#43,#44);
#43 = CARTESIAN_POINT('',(-71.628,39.37,0.));
#44 = VECTOR('',#45,1.);
#45 = DIRECTION('',(0.,0.,1.));
#46 = ORIENTED_EDGE('',*,*,#47,.T.);
#47 = EDGE_CURVE('',#40,#48,#50,.T.);
#48 = VERTEX_POINT('',#49);
#49 = CARTESIAN_POINT('',(-71.628,38.608,1.524));
#50 = LINE('',#51,#52);
#51 = CARTESIAN_POINT('',(-71.628,46.228,1.524));
#52 = VECTOR('',#53,1.);
#53 = DIRECTION('',(0.,-1.,0.));
#54 = ORIENTED_EDGE('',*,*,#55,.T.);
#55 = EDGE_CURVE('',#48,#56,#58,.T.);
#56 = VERTEX_POINT('',#57);
#57 = CARTESIAN_POINT('',(-71.628,38.082079700352,1.524));
#58 = LINE('',#59,#60);
#59 = CARTESIAN_POINT('',(-71.628,23.979625643719,1.524));
#60 = VECTOR('',#61,1.);
#61 = DIRECTION('',(0.,-1.,0.));
#62 = ORIENTED_EDGE('',*,*,#63,.T.);
#63 = EDGE_CURVE('',#56,#64,#66,.T.);
#64 = VERTEX_POINT('',#65);
#65 = CARTESIAN_POINT('',(-71.628,34.57703631416,14.605));
#66 = LINE('',#67,#68);
#67 = CARTESIAN_POINT('',(-71.628,38.117309680245,1.392519925088));
#68 = VECTOR('',#69,1.);
#69 = DIRECTION('',(0.,-0.258819045103,0.965925826289));
#70 = ORIENTED_EDGE('',*,*,#71,.T.);
#71 = EDGE_CURVE('',#64,#72,#74,.T.);
#72 = VERTEX_POINT('',#73);
#73 = CARTESIAN_POINT('',(-71.628,-12.18254323353,14.605));
#74 = LINE('',#75,#76);
#75 = CARTESIAN_POINT('',(-71.628,34.57703631416,14.605));
#76 = VECTOR('',#77,1.);
#77 = DIRECTION('',(-0.,-1.,-0.));
#78 = ORIENTED_EDGE('',*,*,#79,.T.);
#79 = EDGE_CURVE('',#72,#80,#82,.T.);
#80 = VERTEX_POINT('',#81);
#81 = CARTESIAN_POINT('',(-71.628,-13.16392387304,15.358039850176));
#82 = CIRCLE('',#83,1.016);
#83 = AXIS2_PLACEMENT_3D('',#84,#85,#86);
#84 = CARTESIAN_POINT('',(-71.628,-12.18254323353,15.621));
#85 = DIRECTION('',(-1.,-0.,-0.));
#86 = DIRECTION('',(0.,0.,-1.));
#87 = ORIENTED_EDGE('',*,*,#88,.T.);
#88 = EDGE_CURVE('',#80,#89,#91,.T.);
#89 = VERTEX_POINT('',#90);
#90 = CARTESIAN_POINT('',(-71.628,-14.86780210989,21.717));
#91 = LINE('',#92,#93);
#92 = CARTESIAN_POINT('',(-71.628,-13.16392387304,15.358039850176));
#93 = VECTOR('',#94,1.);
#94 = DIRECTION('',(0.,-0.258819045103,0.965925826289));
#95 = ORIENTED_EDGE('',*,*,#96,.T.);
#96 = EDGE_CURVE('',#89,#24,#97,.T.);
#97 = LINE('',#98,#99);
#98 = CARTESIAN_POINT('',(-71.628,-14.86780210989,21.717));
#99 = VECTOR('',#100,1.);
#100 = DIRECTION('',(0.,-1.,0.));
#101 = FACE_BOUND('',#102,.F.);
#102 = EDGE_LOOP('',(#103,#113,#121,#129));
#103 = ORIENTED_EDGE('',*,*,#104,.T.);
#104 = EDGE_CURVE('',#105,#107,#109,.T.);
#105 = VERTEX_POINT('',#106);
#106 = CARTESIAN_POINT('',(-71.628,-21.47180210989,18.034));
#107 = VERTEX_POINT('',#108);
#108 = CARTESIAN_POINT('',(-71.628,-28.58380210989,18.034));
#109 = LINE('',#110,#111);
#110 = CARTESIAN_POINT('',(-71.628,-21.72580210989,18.034));
#111 = VECTOR('',#112,1.);
#112 = DIRECTION('',(0.,-1.,0.));
#113 = ORIENTED_EDGE('',*,*,#114,.T.);
#114 = EDGE_CURVE('',#107,#115,#117,.T.);
#115 = VERTEX_POINT('',#116);
#116 = CARTESIAN_POINT('',(-71.628,-28.58380210989,21.209));
#117 = LINE('',#118,#119);
#118 = CARTESIAN_POINT('',(-71.628,-28.58380210989,18.288));
#119 = VECTOR('',#120,1.);
#120 = DIRECTION('',(0.,0.,1.));
#121 = ORIENTED_EDGE('',*,*,#122,.T.);
#122 = EDGE_CURVE('',#115,#123,#125,.T.);
#123 = VERTEX_POINT('',#124);
#124 = CARTESIAN_POINT('',(-71.628,-21.47180210989,21.209));
#125 = LINE('',#126,#127);
#126 = CARTESIAN_POINT('',(-71.628,-28.32980210989,21.209));
#127 = VECTOR('',#128,1.);
#128 = DIRECTION('',(0.,1.,0.));
#129 = ORIENTED_EDGE('',*,*,#130,.T.);
#130 = EDGE_CURVE('',#123,#105,#131,.T.);
#131 = LINE('',#132,#133);
#132 = CARTESIAN_POINT('',(-71.628,-21.47180210989,20.955));
#133 = VECTOR('',#134,1.);
#134 = DIRECTION('',(0.,0.,-1.));
#135 = PLANE('',#136);
#136 = AXIS2_PLACEMENT_3D('',#137,#138,#139);
#137 = CARTESIAN_POINT('',(-71.628,46.228,0.));
#138 = DIRECTION('',(1.,0.,0.));
#139 = DIRECTION('',(0.,-1.,0.));
#140 = ADVANCED_FACE('',(#141),#168,.T.);
#141 = FACE_BOUND('',#142,.T.);
#142 = EDGE_LOOP('',(#143,#144,#153,#161));
#143 = ORIENTED_EDGE('',*,*,#21,.F.);
#144 = ORIENTED_EDGE('',*,*,#145,.T.);
#145 = EDGE_CURVE('',#22,#146,#148,.T.);
#146 = VERTEX_POINT('',#147);
#147 = CARTESIAN_POINT('',(-64.77,-46.228,1.27));
#148 = CIRCLE('',#149,6.858);
#149 = AXIS2_PLACEMENT_3D('',#150,#151,#152);
#150 = CARTESIAN_POINT('',(-64.77,-39.37,1.27));
#151 = DIRECTION('',(0.,0.,1.));
#152 = DIRECTION('',(-1.,-1.04E-15,0.));
#153 = ORIENTED_EDGE('',*,*,#154,.T.);
#154 = EDGE_CURVE('',#146,#155,#157,.T.);
#155 = VERTEX_POINT('',#156);
#156 = CARTESIAN_POINT('',(-64.77,-46.228,21.717));
#157 = LINE('',#158,#159);
#158 = CARTESIAN_POINT('',(-64.77,-46.228,0.));
#159 = VECTOR('',#160,1.);
#160 = DIRECTION('',(0.,0.,1.));
#161 = ORIENTED_EDGE('',*,*,#162,.F.);
#162 = EDGE_CURVE('',#24,#155,#163,.T.);
#163 = CIRCLE('',#164,6.858);
#164 = AXIS2_PLACEMENT_3D('',#165,#166,#167);
#165 = CARTESIAN_POINT('',(-64.77,-39.37,21.717));
#166 = DIRECTION('',(0.,0.,1.));
#167 = DIRECTION('',(-1.,-1.04E-15,0.));
#168 = CYLINDRICAL_SURFACE('',#169,6.858);
#169 = AXIS2_PLACEMENT_3D('',#170,#171,#172);
#170 = CARTESIAN_POINT('',(-64.77,-39.37,0.));
#171 = DIRECTION('',(0.,0.,1.));
#172 = DIRECTION('',(-1.,0.,0.));
#173 = ADVANCED_FACE('',(#174),#201,.T.);
#174 = FACE_BOUND('',#175,.F.);
#175 = EDGE_LOOP('',(#176,#185,#193,#200));
#176 = ORIENTED_EDGE('',*,*,#177,.T.);
#177 = EDGE_CURVE('',#89,#178,#180,.T.);
#178 = VERTEX_POINT('',#179);
#179 = CARTESIAN_POINT('',(-71.12,-14.86780210989,22.225));
#180 = CIRCLE('',#181,0.508);
#181 = AXIS2_PLACEMENT_3D('',#182,#183,#184);
#182 = CARTESIAN_POINT('',(-71.12,-14.86780210989,21.717));
#183 = DIRECTION('',(0.,1.,-8.E-17));
#184 = DIRECTION('',(0.,8.E-17,1.));
#185 = ORIENTED_EDGE('',*,*,#186,.T.);
#186 = EDGE_CURVE('',#178,#187,#189,.T.);
#187 = VERTEX_POINT('',#188);
#188 = CARTESIAN_POINT('',(-71.12,-39.37,22.225));
#189 = LINE('',#190,#191);
#190 = CARTESIAN_POINT('',(-71.12,-14.86780210989,22.225));
#191 = VECTOR('',#192,1.);
#192 = DIRECTION('',(0.,-1.,0.));
#193 = ORIENTED_EDGE('',*,*,#194,.F.);
#194 = EDGE_CURVE('',#24,#187,#195,.T.);
#195 = CIRCLE('',#196,0.508);
#196 = AXIS2_PLACEMENT_3D('',#197,#198,#199);
#197 = CARTESIAN_POINT('',(-71.12,-39.37,21.717));
#198 = DIRECTION('',(0.,1.,-0.));
#199 = DIRECTION('',(-1.,0.,0.));
#200 = ORIENTED_EDGE('',*,*,#96,.F.);
#201 = CYLINDRICAL_SURFACE('',#202,0.508);
#202 = AXIS2_PLACEMENT_3D('',#203,#204,#205);
#203 = CARTESIAN_POINT('',(-71.12,-14.86780210989,21.717));
#204 = DIRECTION('',(0.,-1.,0.));
#205 = DIRECTION('',(-1.,0.,0.));
#206 = ADVANCED_FACE('',(#207),#234,.T.);
#207 = FACE_BOUND('',#208,.F.);
#208 = EDGE_LOOP('',(#209,#218,#219,#228));
#209 = ORIENTED_EDGE('',*,*,#210,.T.);
#210 = EDGE_CURVE('',#211,#32,#213,.T.);
#211 = VERTEX_POINT('',#212);
#212 = CARTESIAN_POINT('',(-70.358,39.37,0.));
#213 = CIRCLE('',#214,1.27);
#214 = AXIS2_PLACEMENT_3D('',#215,#216,#217);
#215 = CARTESIAN_POINT('',(-70.358,39.37,1.27));
#216 = DIRECTION('',(6.E-17,1.,-0.));
#217 = DIRECTION('',(-1.,6.E-17,0.));
#218 = ORIENTED_EDGE('',*,*,#31,.T.);
#219 = ORIENTED_EDGE('',*,*,#220,.F.);
#220 = EDGE_CURVE('',#221,#22,#223,.T.);
#221 = VERTEX_POINT('',#222);
#222 = CARTESIAN_POINT('',(-70.358,-39.37,-0.));
#223 = CIRCLE('',#224,1.27);
#224 = AXIS2_PLACEMENT_3D('',#225,#226,#227);
#225 = CARTESIAN_POINT('',(-70.358,-39.37,1.27));
#226 = DIRECTION('',(0.,1.,0.));
#227 = DIRECTION('',(0.,0.,-1.));
#228 = ORIENTED_EDGE('',*,*,#229,.F.);
#229 = EDGE_CURVE('',#211,#221,#230,.T.);
#230 = LINE('',#231,#232);
#231 = CARTESIAN_POINT('',(-70.358,39.37,-2.2E-16));
#232 = VECTOR('',#233,1.);
#233 = DIRECTION('',(0.,-1.,0.));
#234 = CYLINDRICAL_SURFACE('',#235,1.27);
#235 = AXIS2_PLACEMENT_3D('',#236,#237,#238);
#236 = CARTESIAN_POINT('',(-70.358,39.37,1.27));
#237 = DIRECTION('',(0.,-1.,0.));
#238 = DIRECTION('',(-0.,-0.,-1.));
#239 = ADVANCED_FACE('',(#240),#267,.T.);
#240 = FACE_BOUND('',#241,.F.);
#241 = EDGE_LOOP('',(#242,#251,#259,#266));
#242 = ORIENTED_EDGE('',*,*,#243,.T.);
#243 = EDGE_CURVE('',#80,#244,#246,.T.);
#244 = VERTEX_POINT('',#245);
#245 = CARTESIAN_POINT('',(-71.12,-12.67323355329,15.489519925088));
#246 = CIRCLE('',#247,0.508);
#247 = AXIS2_PLACEMENT_3D('',#248,#249,#250);
#248 = CARTESIAN_POINT('',(-71.12,-13.16392387304,15.358039850176));
#249 = DIRECTION('',(0.,0.258819045103,-0.965925826289));
#250 = DIRECTION('',(0.,-0.965925826289,-0.258819045103));
#251 = ORIENTED_EDGE('',*,*,#252,.T.);
#252 = EDGE_CURVE('',#244,#253,#255,.T.);
#253 = VERTEX_POINT('',#254);
#254 = CARTESIAN_POINT('',(-71.12,-14.37711179013,21.848480074912));
#255 = LINE('',#256,#257);
#256 = CARTESIAN_POINT('',(-71.12,-12.67323355329,15.489519925088));
#257 = VECTOR('',#258,1.);
#258 = DIRECTION('',(0.,-0.258819045103,0.965925826289));
#259 = ORIENTED_EDGE('',*,*,#260,.F.);
#260 = EDGE_CURVE('',#89,#253,#261,.T.);
#261 = CIRCLE('',#262,0.508);
#262 = AXIS2_PLACEMENT_3D('',#263,#264,#265);
#263 = CARTESIAN_POINT('',(-71.12,-14.86780210989,21.717));
#264 = DIRECTION('',(0.,0.258819045103,-0.965925826289));
#265 = DIRECTION('',(-1.,0.,0.));
#266 = ORIENTED_EDGE('',*,*,#88,.F.);
#267 = CYLINDRICAL_SURFACE('',#268,0.508);
#268 = AXIS2_PLACEMENT_3D('',#269,#270,#271);
#269 = CARTESIAN_POINT('',(-71.12,-13.16392387304,15.358039850176));
#270 = DIRECTION('',(0.,-0.258819045103,0.965925826289));
#271 = DIRECTION('',(-1.,0.,0.));
#272 = ADVANCED_FACE('',(#273),#300,.T.);
#273 = FACE_BOUND('',#274,.F.);
#274 = EDGE_LOOP('',(#275,#276,#285,#293));
#275 = ORIENTED_EDGE('',*,*,#39,.F.);
#276 = ORIENTED_EDGE('',*,*,#277,.F.);
#277 = EDGE_CURVE('',#278,#32,#280,.T.);
#278 = VERTEX_POINT('',#279);
#279 = CARTESIAN_POINT('',(-64.77,46.228,1.27));
#280 = CIRCLE('',#281,6.858);
#281 = AXIS2_PLACEMENT_3D('',#282,#283,#284);
#282 = CARTESIAN_POINT('',(-64.77,39.37,1.27));
#283 = DIRECTION('',(0.,-0.,1.));
#284 = DIRECTION('',(0.,1.,0.));
#285 = ORIENTED_EDGE('',*,*,#286,.T.);
#286 = EDGE_CURVE('',#278,#287,#289,.T.);
#287 = VERTEX_POINT('',#288);
#288 = CARTESIAN_POINT('',(-64.77,46.228,1.524));
#289 = LINE('',#290,#291);
#290 = CARTESIAN_POINT('',(-64.77,46.228,0.));
#291 = VECTOR('',#292,1.);
#292 = DIRECTION('',(0.,0.,1.));
#293 = ORIENTED_EDGE('',*,*,#294,.F.);
#294 = EDGE_CURVE('',#40,#287,#295,.T.);
#295 = CIRCLE('',#296,6.858);
#296 = AXIS2_PLACEMENT_3D('',#297,#298,#299);
#297 = CARTESIAN_POINT('',(-64.77,39.37,1.524));
#298 = DIRECTION('',(-0.,-0.,-1.));
#299 = DIRECTION('',(0.,-1.,0.));
#300 = CYLINDRICAL_SURFACE('',#301,6.858);
#301 = AXIS2_PLACEMENT_3D('',#302,#303,#304);
#302 = CARTESIAN_POINT('',(-64.77,39.37,0.));
#303 = DIRECTION('',(0.,0.,1.));
#304 = DIRECTION('',(-1.,0.,0.));
#305 = ADVANCED_FACE('',(#306),#326,.T.);
#306 = FACE_BOUND('',#307,.T.);
#307 = EDGE_LOOP('',(#308,#317,#318,#319));
#308 = ORIENTED_EDGE('',*,*,#309,.F.);
#309 = EDGE_CURVE('',#72,#310,#312,.T.);
#310 = VERTEX_POINT('',#311);
#311 = CARTESIAN_POINT('',(-71.12,-12.18254323353,15.113));
#312 = CIRCLE('',#313,0.508);
#313 = AXIS2_PLACEMENT_3D('',#314,#315,#316);
#314 = CARTESIAN_POINT('',(-71.12,-12.18254323353,14.605));
#315 = DIRECTION('',(0.,1.,-0.));
#316 = DIRECTION('',(-1.,0.,0.));
#317 = ORIENTED_EDGE('',*,*,#79,.T.);
#318 = ORIENTED_EDGE('',*,*,#243,.T.);
#319 = ORIENTED_EDGE('',*,*,#320,.F.);
#320 = EDGE_CURVE('',#310,#244,#321,.T.);
#321 = CIRCLE('',#322,0.508);
#322 = AXIS2_PLACEMENT_3D('',#323,#324,#325);
#323 = CARTESIAN_POINT('',(-71.12,-12.18254323353,15.621));
#324 = DIRECTION('',(-1.,-0.,-0.));
#325 = DIRECTION('',(0.,0.,-1.));
#326 = TOROIDAL_SURFACE('',#327,1.016,0.508);
#327 = AXIS2_PLACEMENT_3D('',#328,#329,#330);
#328 = CARTESIAN_POINT('',(-71.12,-12.18254323353,15.621));
#329 = DIRECTION('',(-1.,-0.,-0.));
#330 = DIRECTION('',(0.,0.,-1.));
#331 = ADVANCED_FACE('',(#332),#590,.T.);
#332 = FACE_BOUND('',#333,.T.);
#333 = EDGE_LOOP('',(#334,#344,#367,#375,#383,#392,#400,#409,#417,#425,
    #434,#442,#451,#459,#467,#476,#484,#493,#501,#509,#532,#540,#549,
    #557,#565,#574,#580,#581,#582,#583));
#334 = ORIENTED_EDGE('',*,*,#335,.T.);
#335 = EDGE_CURVE('',#336,#338,#340,.T.);
#336 = VERTEX_POINT('',#337);
#337 = CARTESIAN_POINT('',(-71.12,38.608,1.524));
#338 = VERTEX_POINT('',#339);
#339 = CARTESIAN_POINT('',(-70.61199999999,38.608,1.524));
#340 = LINE('',#341,#342);
#341 = CARTESIAN_POINT('',(-71.628,38.608,1.524));
#342 = VECTOR('',#343,1.);
#343 = DIRECTION('',(1.,0.,0.));
#344 = ORIENTED_EDGE('',*,*,#345,.F.);
#345 = EDGE_CURVE('',#346,#338,#348,.T.);
#346 = VERTEX_POINT('',#347);
#347 = CARTESIAN_POINT('',(-69.59599999999,37.945961510596,1.524));
#348 = B_SPLINE_CURVE_WITH_KNOTS('',5,(#349,#350,#351,#352,#353,#354,
    #355,#356,#357,#358,#359,#360,#361,#362,#363,#364,#365,#366),
  .UNSPECIFIED.,.F.,.F.,(6,4,4,4,6),(0.,0.125,0.25,0.5,1.),
  .UNSPECIFIED.);
#349 = CARTESIAN_POINT('',(-69.59599999999,37.945961510596,1.524));
#350 = CARTESIAN_POINT('',(-69.59599999999,37.978887217754,1.524));
#351 = CARTESIAN_POINT('',(-69.60021523396,38.011718873098,1.524));
#352 = CARTESIAN_POINT('',(-69.60825805138,38.043864045416,1.524));
#353 = CARTESIAN_POINT('',(-69.61958505296,38.07492636661,1.524));
#354 = CARTESIAN_POINT('',(-69.6474091284,38.13448469678,1.524));
#355 = CARTESIAN_POINT('',(-69.66398255989,38.163073313424,1.524));
#356 = CARTESIAN_POINT('',(-69.68262031436,38.190316013757,1.524));
#357 = CARTESIAN_POINT('',(-69.70291224216,38.216210912483,1.524));
#358 = CARTESIAN_POINT('',(-69.76808085993,38.290306995698,1.524));
#359 = CARTESIAN_POINT('',(-69.81718856639,38.334784021175,1.524));
#360 = CARTESIAN_POINT('',(-69.86965089159,38.37469441394,1.524));
#361 = CARTESIAN_POINT('',(-69.92497789374,38.410643784345,1.524));
#362 = CARTESIAN_POINT('',(-70.09730253124,38.506710278303,1.524));
#363 = CARTESIAN_POINT('',(-70.22086588039,38.555219596098,1.524));
#364 = CARTESIAN_POINT('',(-70.34887812747,38.589490950058,1.524));
#365 = CARTESIAN_POINT('',(-70.48044538346,38.608,1.524));
#366 = CARTESIAN_POINT('',(-70.61199999999,38.608,1.524));
#367 = ORIENTED_EDGE('',*,*,#368,.T.);
#368 = EDGE_CURVE('',#346,#369,#371,.T.);
#369 = VERTEX_POINT('',#370);
#370 = CARTESIAN_POINT('',(-69.59599999999,34.798,1.524));
#371 = LINE('',#372,#373);
#372 = CARTESIAN_POINT('',(-69.59599999999,38.608,1.524));
#373 = VECTOR('',#374,1.);
#374 = DIRECTION('',(0.,-1.,0.));
#375 = ORIENTED_EDGE('',*,*,#376,.F.);
#376 = EDGE_CURVE('',#377,#369,#379,.T.);
#377 = VERTEX_POINT('',#378);
#378 = CARTESIAN_POINT('',(-66.802,34.798,1.524));
#379 = LINE('',#380,#381);
#380 = CARTESIAN_POINT('',(-66.294,34.798,1.524));
#381 = VECTOR('',#382,1.);
#382 = DIRECTION('',(-1.,0.,0.));
#383 = ORIENTED_EDGE('',*,*,#384,.T.);
#384 = EDGE_CURVE('',#377,#385,#387,.T.);
#385 = VERTEX_POINT('',#386);
#386 = CARTESIAN_POINT('',(-65.786,33.782,1.524));
#387 = CIRCLE('',#388,1.016);
#388 = AXIS2_PLACEMENT_3D('',#389,#390,#391);
#389 = CARTESIAN_POINT('',(-66.802,33.782,1.524));
#390 = DIRECTION('',(0.,0.,-1.));
#391 = DIRECTION('',(0.,1.,0.));
#392 = ORIENTED_EDGE('',*,*,#393,.F.);
#393 = EDGE_CURVE('',#394,#385,#396,.T.);
#394 = VERTEX_POINT('',#395);
#395 = CARTESIAN_POINT('',(-65.786,-33.782,1.524));
#396 = LINE('',#397,#398);
#397 = CARTESIAN_POINT('',(-65.786,-34.29,1.524));
#398 = VECTOR('',#399,1.);
#399 = DIRECTION('',(0.,1.,0.));
#400 = ORIENTED_EDGE('',*,*,#401,.T.);
#401 = EDGE_CURVE('',#394,#402,#404,.T.);
#402 = VERTEX_POINT('',#403);
#403 = CARTESIAN_POINT('',(-66.802,-34.798,1.524));
#404 = CIRCLE('',#405,1.016);
#405 = AXIS2_PLACEMENT_3D('',#406,#407,#408);
#406 = CARTESIAN_POINT('',(-66.802,-33.782,1.524));
#407 = DIRECTION('',(0.,0.,-1.));
#408 = DIRECTION('',(1.,0.,0.));
#409 = ORIENTED_EDGE('',*,*,#410,.F.);
#410 = EDGE_CURVE('',#411,#402,#413,.T.);
#411 = VERTEX_POINT('',#412);
#412 = CARTESIAN_POINT('',(-69.59599999999,-34.798,1.524));
#413 = LINE('',#414,#415);
#414 = CARTESIAN_POINT('',(-70.104,-34.798,1.524));
#415 = VECTOR('',#416,1.);
#416 = DIRECTION('',(1.,0.,0.));
#417 = ORIENTED_EDGE('',*,*,#418,.T.);
#418 = EDGE_CURVE('',#411,#419,#421,.T.);
#419 = VERTEX_POINT('',#420);
#420 = CARTESIAN_POINT('',(-69.59599999999,-39.36999999996,1.524));
#421 = LINE('',#422,#423);
#422 = CARTESIAN_POINT('',(-69.59599999999,-34.29,1.524));
#423 = VECTOR('',#424,1.);
#424 = DIRECTION('',(0.,-1.,0.));
#425 = ORIENTED_EDGE('',*,*,#426,.T.);
#426 = EDGE_CURVE('',#419,#427,#429,.T.);
#427 = VERTEX_POINT('',#428);
#428 = CARTESIAN_POINT('',(-64.76999999997,-44.19599999996,1.524));
#429 = CIRCLE('',#430,4.826);
#430 = AXIS2_PLACEMENT_3D('',#431,#432,#433);
#431 = CARTESIAN_POINT('',(-64.76999999997,-39.36999999996,1.524));
#432 = DIRECTION('',(0.,0.,1.));
#433 = DIRECTION('',(-1.,1.079E-13,0.));
#434 = ORIENTED_EDGE('',*,*,#435,.T.);
#435 = EDGE_CURVE('',#427,#436,#438,.T.);
#436 = VERTEX_POINT('',#437);
#437 = CARTESIAN_POINT('',(64.76999999997,-44.19599999996,1.524));
#438 = LINE('',#439,#440);
#439 = CARTESIAN_POINT('',(-64.76999999997,-44.19599999996,1.524));
#440 = VECTOR('',#441,1.);
#441 = DIRECTION('',(1.,0.,0.));
#442 = ORIENTED_EDGE('',*,*,#443,.T.);
#443 = EDGE_CURVE('',#436,#444,#446,.T.);
#444 = VERTEX_POINT('',#445);
#445 = CARTESIAN_POINT('',(69.59599999997,-39.36999999996,1.524));
#446 = CIRCLE('',#447,4.826);
#447 = AXIS2_PLACEMENT_3D('',#448,#449,#450);
#448 = CARTESIAN_POINT('',(64.76999999997,-39.36999999996,1.524));
#449 = DIRECTION('',(-0.,0.,1.));
#450 = DIRECTION('',(0.,-1.,0.));
#451 = ORIENTED_EDGE('',*,*,#452,.T.);
#452 = EDGE_CURVE('',#444,#453,#455,.T.);
#453 = VERTEX_POINT('',#454);
#454 = CARTESIAN_POINT('',(69.595999999991,-34.798,1.524));
#455 = LINE('',#456,#457);
#456 = CARTESIAN_POINT('',(69.595999999991,-39.36999999996,1.524));
#457 = VECTOR('',#458,1.);
#458 = DIRECTION('',(0.,1.,0.));
#459 = ORIENTED_EDGE('',*,*,#460,.T.);
#460 = EDGE_CURVE('',#453,#461,#463,.T.);
#461 = VERTEX_POINT('',#462);
#462 = CARTESIAN_POINT('',(66.802,-34.798,1.524));
#463 = LINE('',#464,#465);
#464 = CARTESIAN_POINT('',(70.104,-34.798,1.524));
#465 = VECTOR('',#466,1.);
#466 = DIRECTION('',(-1.,-0.,-0.));
#467 = ORIENTED_EDGE('',*,*,#468,.T.);
#468 = EDGE_CURVE('',#461,#469,#471,.T.);
#469 = VERTEX_POINT('',#470);
#470 = CARTESIAN_POINT('',(65.786,-33.782,1.524));
#471 = CIRCLE('',#472,1.016);
#472 = AXIS2_PLACEMENT_3D('',#473,#474,#475);
#473 = CARTESIAN_POINT('',(66.802,-33.782,1.524));
#474 = DIRECTION('',(-0.,-0.,-1.));
#475 = DIRECTION('',(0.,-1.,0.));
#476 = ORIENTED_EDGE('',*,*,#477,.T.);
#477 = EDGE_CURVE('',#469,#478,#480,.T.);
#478 = VERTEX_POINT('',#479);
#479 = CARTESIAN_POINT('',(65.786,33.782,1.524));
#480 = LINE('',#481,#482);
#481 = CARTESIAN_POINT('',(65.786,-34.29,1.524));
#482 = VECTOR('',#483,1.);
#483 = DIRECTION('',(0.,1.,0.));
#484 = ORIENTED_EDGE('',*,*,#485,.F.);
#485 = EDGE_CURVE('',#486,#478,#488,.T.);
#486 = VERTEX_POINT('',#487);
#487 = CARTESIAN_POINT('',(66.802,34.798,1.524));
#488 = CIRCLE('',#489,1.016);
#489 = AXIS2_PLACEMENT_3D('',#490,#491,#492);
#490 = CARTESIAN_POINT('',(66.802,33.782,1.524));
#491 = DIRECTION('',(0.,-0.,1.));
#492 = DIRECTION('',(0.,1.,0.));
#493 = ORIENTED_EDGE('',*,*,#494,.T.);
#494 = EDGE_CURVE('',#486,#495,#497,.T.);
#495 = VERTEX_POINT('',#496);
#496 = CARTESIAN_POINT('',(69.59599999999,34.798,1.524));
#497 = LINE('',#498,#499);
#498 = CARTESIAN_POINT('',(66.294,34.798,1.524));
#499 = VECTOR('',#500,1.);
#500 = DIRECTION('',(1.,0.,0.));
#501 = ORIENTED_EDGE('',*,*,#502,.T.);
#502 = EDGE_CURVE('',#495,#503,#505,.T.);
#503 = VERTEX_POINT('',#504);
#504 = CARTESIAN_POINT('',(69.59599999999,37.945961510596,1.524));
#505 = LINE('',#506,#507);
#506 = CARTESIAN_POINT('',(69.59599999999,34.29,1.524));
#507 = VECTOR('',#508,1.);
#508 = DIRECTION('',(0.,1.,0.));
#509 = ORIENTED_EDGE('',*,*,#510,.T.);
#510 = EDGE_CURVE('',#503,#511,#513,.T.);
#511 = VERTEX_POINT('',#512);
#512 = CARTESIAN_POINT('',(70.61199999999,38.608,1.524));
#513 = B_SPLINE_CURVE_WITH_KNOTS('',5,(#514,#515,#516,#517,#518,#519,
    #520,#521,#522,#523,#524,#525,#526,#527,#528,#529,#530,#531),
  .UNSPECIFIED.,.F.,.F.,(6,4,4,4,6),(0.,0.125,0.25,0.5,1.),
  .UNSPECIFIED.);
#514 = CARTESIAN_POINT('',(69.59599999999,37.945961510596,1.524));
#515 = CARTESIAN_POINT('',(69.59599999999,37.978887217754,1.524));
#516 = CARTESIAN_POINT('',(69.600215233962,38.011718873098,1.524));
#517 = CARTESIAN_POINT('',(69.60825805138,38.043864045416,1.524));
#518 = CARTESIAN_POINT('',(69.619585052965,38.07492636661,1.524));
#519 = CARTESIAN_POINT('',(69.647409128408,38.13448469678,1.524));
#520 = CARTESIAN_POINT('',(69.663982559895,38.163073313425,1.524));
#521 = CARTESIAN_POINT('',(69.682620314366,38.190316013757,1.524));
#522 = CARTESIAN_POINT('',(69.702912242166,38.216210912483,1.524));
#523 = CARTESIAN_POINT('',(69.768080859936,38.290306995698,1.524));
#524 = CARTESIAN_POINT('',(69.817188566391,38.334784021175,1.524));
#525 = CARTESIAN_POINT('',(69.869650891598,38.37469441394,1.524));
#526 = CARTESIAN_POINT('',(69.924977893742,38.410643784345,1.524));
#527 = CARTESIAN_POINT('',(70.097302531244,38.506710278303,1.524));
#528 = CARTESIAN_POINT('',(70.220865880398,38.555219596098,1.524));
#529 = CARTESIAN_POINT('',(70.348878127476,38.589490950058,1.524));
#530 = CARTESIAN_POINT('',(70.480445383463,38.608,1.524));
#531 = CARTESIAN_POINT('',(70.61199999999,38.608,1.524));
#532 = ORIENTED_EDGE('',*,*,#533,.T.);
#533 = EDGE_CURVE('',#511,#534,#536,.T.);
#534 = VERTEX_POINT('',#535);
#535 = CARTESIAN_POINT('',(71.12,38.608,1.524));
#536 = LINE('',#537,#538);
#537 = CARTESIAN_POINT('',(-71.628,38.608,1.524));
#538 = VECTOR('',#539,1.);
#539 = DIRECTION('',(1.,0.,0.));
#540 = ORIENTED_EDGE('',*,*,#541,.F.);
#541 = EDGE_CURVE('',#542,#534,#544,.T.);
#542 = VERTEX_POINT('',#543);
#543 = CARTESIAN_POINT('',(71.628,38.082079700352,1.524));
#544 = ELLIPSE('',#545,0.525920299648,0.508);
#545 = AXIS2_PLACEMENT_3D('',#546,#547,#548);
#546 = CARTESIAN_POINT('',(71.12,38.082079700352,1.524));
#547 = DIRECTION('',(0.,-0.,1.));
#548 = DIRECTION('',(0.,1.,0.));
#549 = ORIENTED_EDGE('',*,*,#550,.F.);
#550 = EDGE_CURVE('',#551,#542,#553,.T.);
#551 = VERTEX_POINT('',#552);
#552 = CARTESIAN_POINT('',(71.628,38.608,1.524));
#553 = LINE('',#554,#555);
#554 = CARTESIAN_POINT('',(71.628,-22.24837435628,1.524));
#555 = VECTOR('',#556,1.);
#556 = DIRECTION('',(0.,-1.,0.));
#557 = ORIENTED_EDGE('',*,*,#558,.F.);
#558 = EDGE_CURVE('',#559,#551,#561,.T.);
#559 = VERTEX_POINT('',#560);
#560 = CARTESIAN_POINT('',(71.628,39.37,1.524));
#561 = LINE('',#562,#563);
#562 = CARTESIAN_POINT('',(71.628,0.,1.524));
#563 = VECTOR('',#564,1.);
#564 = DIRECTION('',(-0.,-1.,-0.));
#565 = ORIENTED_EDGE('',*,*,#566,.F.);
#566 = EDGE_CURVE('',#567,#559,#569,.T.);
#567 = VERTEX_POINT('',#568);
#568 = CARTESIAN_POINT('',(64.77,46.228,1.524));
#569 = CIRCLE('',#570,6.858);
#570 = AXIS2_PLACEMENT_3D('',#571,#572,#573);
#571 = CARTESIAN_POINT('',(64.77,39.37,1.524));
#572 = DIRECTION('',(-0.,-0.,-1.));
#573 = DIRECTION('',(0.,-1.,0.));
#574 = ORIENTED_EDGE('',*,*,#575,.F.);
#575 = EDGE_CURVE('',#287,#567,#576,.T.);
#576 = LINE('',#577,#578);
#577 = CARTESIAN_POINT('',(-71.628,46.228,1.524));
#578 = VECTOR('',#579,1.);
#579 = DIRECTION('',(1.,0.,0.));
#580 = ORIENTED_EDGE('',*,*,#294,.F.);
#581 = ORIENTED_EDGE('',*,*,#47,.T.);
#582 = ORIENTED_EDGE('',*,*,#55,.T.);
#583 = ORIENTED_EDGE('',*,*,#584,.T.);
#584 = EDGE_CURVE('',#56,#336,#585,.T.);
#585 = ELLIPSE('',#586,0.525920299648,0.508);
#586 = AXIS2_PLACEMENT_3D('',#587,#588,#589);
#587 = CARTESIAN_POINT('',(-71.12,38.082079700352,1.524));
#588 = DIRECTION('',(-0.,-0.,-1.));
#589 = DIRECTION('',(0.,-1.,0.));
#590 = PLANE('',#591);
#591 = AXIS2_PLACEMENT_3D('',#592,#593,#594);
#592 = CARTESIAN_POINT('',(6.51E-15,1.731251287438,1.524));
#593 = DIRECTION('',(0.,0.,1.));
#594 = DIRECTION('',(1.,0.,0.));
#595 = ADVANCED_FACE('',(#596),#615,.T.);
#596 = FACE_BOUND('',#597,.F.);
#597 = EDGE_LOOP('',(#598,#607,#613,#614));
#598 = ORIENTED_EDGE('',*,*,#599,.T.);
#599 = EDGE_CURVE('',#64,#600,#602,.T.);
#600 = VERTEX_POINT('',#601);
#601 = CARTESIAN_POINT('',(-71.12,34.57703631416,15.113));
#602 = CIRCLE('',#603,0.508);
#603 = AXIS2_PLACEMENT_3D('',#604,#605,#606);
#604 = CARTESIAN_POINT('',(-71.12,34.57703631416,14.605));
#605 = DIRECTION('',(-0.,1.,1.67E-15));
#606 = DIRECTION('',(0.,-1.67E-15,1.));
#607 = ORIENTED_EDGE('',*,*,#608,.T.);
#608 = EDGE_CURVE('',#600,#310,#609,.T.);
#609 = LINE('',#610,#611);
#610 = CARTESIAN_POINT('',(-71.12,34.57703631416,15.113));
#611 = VECTOR('',#612,1.);
#612 = DIRECTION('',(-0.,-1.,-0.));
#613 = ORIENTED_EDGE('',*,*,#309,.F.);
#614 = ORIENTED_EDGE('',*,*,#71,.F.);
#615 = CYLINDRICAL_SURFACE('',#616,0.508);
#616 = AXIS2_PLACEMENT_3D('',#617,#618,#619);
#617 = CARTESIAN_POINT('',(-71.12,34.57703631416,14.605));
#618 = DIRECTION('',(-0.,-1.,-0.));
#619 = DIRECTION('',(-1.,0.,0.));
#620 = ADVANCED_FACE('',(#621),#640,.T.);
#621 = FACE_BOUND('',#622,.F.);
#622 = EDGE_LOOP('',(#623,#624,#632,#639));
#623 = ORIENTED_EDGE('',*,*,#584,.T.);
#624 = ORIENTED_EDGE('',*,*,#625,.T.);
#625 = EDGE_CURVE('',#336,#626,#628,.T.);
#626 = VERTEX_POINT('',#627);
#627 = CARTESIAN_POINT('',(-71.12,35.067726633915,14.736480074912));
#628 = LINE('',#629,#630);
#629 = CARTESIAN_POINT('',(-71.12,38.608,1.524));
#630 = VECTOR('',#631,1.);
#631 = DIRECTION('',(0.,-0.258819045103,0.965925826289));
#632 = ORIENTED_EDGE('',*,*,#633,.F.);
#633 = EDGE_CURVE('',#64,#626,#634,.T.);
#634 = CIRCLE('',#635,0.508);
#635 = AXIS2_PLACEMENT_3D('',#636,#637,#638);
#636 = CARTESIAN_POINT('',(-71.12,34.57703631416,14.605));
#637 = DIRECTION('',(0.,0.258819045103,-0.965925826289));
#638 = DIRECTION('',(-1.,0.,0.));
#639 = ORIENTED_EDGE('',*,*,#63,.F.);
#640 = CYLINDRICAL_SURFACE('',#641,0.508);
#641 = AXIS2_PLACEMENT_3D('',#642,#643,#644);
#642 = CARTESIAN_POINT('',(-71.12,38.117309680245,1.392519925088));
#643 = DIRECTION('',(0.,-0.258819045103,0.965925826289));
#644 = DIRECTION('',(-1.,0.,0.));
#645 = ADVANCED_FACE('',(#646),#673,.T.);
#646 = FACE_BOUND('',#647,.F.);
#647 = EDGE_LOOP('',(#648,#657,#665,#672));
#648 = ORIENTED_EDGE('',*,*,#649,.T.);
#649 = EDGE_CURVE('',#105,#650,#652,.T.);
#650 = VERTEX_POINT('',#651);
#651 = CARTESIAN_POINT('',(-71.374,-21.72580210989,18.288));
#652 = ELLIPSE('',#653,0.359210244843,0.254);
#653 = AXIS2_PLACEMENT_3D('',#654,#655,#656);
#654 = CARTESIAN_POINT('',(-71.374,-21.47180210989,18.034));
#655 = DIRECTION('',(-0.,0.707106781187,0.707106781187));
#656 = DIRECTION('',(0.,-0.707106781187,0.707106781187));
#657 = ORIENTED_EDGE('',*,*,#658,.T.);
#658 = EDGE_CURVE('',#650,#659,#661,.T.);
#659 = VERTEX_POINT('',#660);
#660 = CARTESIAN_POINT('',(-71.374,-28.32980210989,18.288));
#661 = LINE('',#662,#663);
#662 = CARTESIAN_POINT('',(-71.374,-21.72580210989,18.288));
#663 = VECTOR('',#664,1.);
#664 = DIRECTION('',(0.,-1.,0.));
#665 = ORIENTED_EDGE('',*,*,#666,.F.);
#666 = EDGE_CURVE('',#107,#659,#667,.T.);
#667 = ELLIPSE('',#668,0.359210244843,0.254);
#668 = AXIS2_PLACEMENT_3D('',#669,#670,#671);
#669 = CARTESIAN_POINT('',(-71.374,-28.58380210989,18.034));
#670 = DIRECTION('',(0.,0.707106781187,-0.707106781187));
#671 = DIRECTION('',(0.,-0.707106781187,-0.707106781187));
#672 = ORIENTED_EDGE('',*,*,#104,.F.);
#673 = CYLINDRICAL_SURFACE('',#674,0.254);
#674 = AXIS2_PLACEMENT_3D('',#675,#676,#677);
#675 = CARTESIAN_POINT('',(-71.374,-21.72580210989,18.034));
#676 = DIRECTION('',(0.,-1.,0.));
#677 = DIRECTION('',(-1.,0.,0.));
#678 = ADVANCED_FACE('',(#679),#698,.T.);
#679 = FACE_BOUND('',#680,.F.);
#680 = EDGE_LOOP('',(#681,#690,#696,#697));
#681 = ORIENTED_EDGE('',*,*,#682,.T.);
#682 = EDGE_CURVE('',#123,#683,#685,.T.);
#683 = VERTEX_POINT('',#684);
#684 = CARTESIAN_POINT('',(-71.374,-21.72580210989,20.955));
#685 = ELLIPSE('',#686,0.359210244843,0.254);
#686 = AXIS2_PLACEMENT_3D('',#687,#688,#689);
#687 = CARTESIAN_POINT('',(-71.374,-21.47180210989,21.209));
#688 = DIRECTION('',(0.,-0.707106781187,0.707106781187));
#689 = DIRECTION('',(0.,-0.707106781187,-0.707106781187));
#690 = ORIENTED_EDGE('',*,*,#691,.T.);
#691 = EDGE_CURVE('',#683,#650,#692,.T.);
#692 = LINE('',#693,#694);
#693 = CARTESIAN_POINT('',(-71.374,-21.72580210989,20.955));
#694 = VECTOR('',#695,1.);
#695 = DIRECTION('',(0.,0.,-1.));
#696 = ORIENTED_EDGE('',*,*,#649,.F.);
#697 = ORIENTED_EDGE('',*,*,#130,.F.);
#698 = CYLINDRICAL_SURFACE('',#699,0.254);
#699 = AXIS2_PLACEMENT_3D('',#700,#701,#702);
#700 = CARTESIAN_POINT('',(-71.374,-21.47180210989,20.955));
#701 = DIRECTION('',(0.,0.,-1.));
#702 = DIRECTION('',(-1.,-0.,-0.));
#703 = ADVANCED_FACE('',(#704),#723,.T.);
#704 = FACE_BOUND('',#705,.F.);
#705 = EDGE_LOOP('',(#706,#707,#715,#722));
#706 = ORIENTED_EDGE('',*,*,#666,.T.);
#707 = ORIENTED_EDGE('',*,*,#708,.T.);
#708 = EDGE_CURVE('',#659,#709,#711,.T.);
#709 = VERTEX_POINT('',#710);
#710 = CARTESIAN_POINT('',(-71.374,-28.32980210989,20.955));
#711 = LINE('',#712,#713);
#712 = CARTESIAN_POINT('',(-71.374,-28.32980210989,18.288));
#713 = VECTOR('',#714,1.);
#714 = DIRECTION('',(0.,0.,1.));
#715 = ORIENTED_EDGE('',*,*,#716,.F.);
#716 = EDGE_CURVE('',#115,#709,#717,.T.);
#717 = ELLIPSE('',#718,0.359210244843,0.254);
#718 = AXIS2_PLACEMENT_3D('',#719,#720,#721);
#719 = CARTESIAN_POINT('',(-71.374,-28.58380210989,21.209));
#720 = DIRECTION('',(0.,-0.707106781187,-0.707106781187));
#721 = DIRECTION('',(0.,0.707106781187,-0.707106781187));
#722 = ORIENTED_EDGE('',*,*,#114,.F.);
#723 = CYLINDRICAL_SURFACE('',#724,0.254);
#724 = AXIS2_PLACEMENT_3D('',#725,#726,#727);
#725 = CARTESIAN_POINT('',(-71.374,-28.58380210989,18.288));
#726 = DIRECTION('',(0.,0.,1.));
#727 = DIRECTION('',(-1.,0.,0.));
#728 = ADVANCED_FACE('',(#729),#740,.T.);
#729 = FACE_BOUND('',#730,.F.);
#730 = EDGE_LOOP('',(#731,#732,#738,#739));
#731 = ORIENTED_EDGE('',*,*,#716,.T.);
#732 = ORIENTED_EDGE('',*,*,#733,.T.);
#733 = EDGE_CURVE('',#709,#683,#734,.T.);
#734 = LINE('',#735,#736);
#735 = CARTESIAN_POINT('',(-71.374,-28.32980210989,20.955));
#736 = VECTOR('',#737,1.);
#737 = DIRECTION('',(0.,1.,0.));
#738 = ORIENTED_EDGE('',*,*,#682,.F.);
#739 = ORIENTED_EDGE('',*,*,#122,.F.);
#740 = CYLINDRICAL_SURFACE('',#741,0.254);
#741 = AXIS2_PLACEMENT_3D('',#742,#743,#744);
#742 = CARTESIAN_POINT('',(-71.374,-28.32980210989,21.209));
#743 = DIRECTION('',(0.,1.,0.));
#744 = DIRECTION('',(-1.,0.,0.));
#745 = ADVANCED_FACE('',(#746),#766,.T.);
#746 = FACE_BOUND('',#747,.T.);
#747 = EDGE_LOOP('',(#748,#749,#750,#759));
#748 = ORIENTED_EDGE('',*,*,#194,.F.);
#749 = ORIENTED_EDGE('',*,*,#162,.T.);
#750 = ORIENTED_EDGE('',*,*,#751,.T.);
#751 = EDGE_CURVE('',#155,#752,#754,.T.);
#752 = VERTEX_POINT('',#753);
#753 = CARTESIAN_POINT('',(-64.77,-45.72,22.225));
#754 = CIRCLE('',#755,0.508);
#755 = AXIS2_PLACEMENT_3D('',#756,#757,#758);
#756 = CARTESIAN_POINT('',(-64.77,-45.72,21.717));
#757 = DIRECTION('',(-1.,1.4E-16,0.));
#758 = DIRECTION('',(-1.4E-16,-1.,0.));
#759 = ORIENTED_EDGE('',*,*,#760,.F.);
#760 = EDGE_CURVE('',#187,#752,#761,.T.);
#761 = CIRCLE('',#762,6.35);
#762 = AXIS2_PLACEMENT_3D('',#763,#764,#765);
#763 = CARTESIAN_POINT('',(-64.77,-39.37,22.225));
#764 = DIRECTION('',(0.,0.,1.));
#765 = DIRECTION('',(-1.,-1.04E-15,0.));
#766 = TOROIDAL_SURFACE('',#767,6.35,0.508);
#767 = AXIS2_PLACEMENT_3D('',#768,#769,#770);
#768 = CARTESIAN_POINT('',(-64.77,-39.37,21.717));
#769 = DIRECTION('',(0.,0.,1.));
#770 = DIRECTION('',(-1.,-1.04E-15,0.));
#771 = ADVANCED_FACE('',(#772),#792,.T.);
#772 = FACE_BOUND('',#773,.T.);
#773 = EDGE_LOOP('',(#774,#775,#784,#791));
#774 = ORIENTED_EDGE('',*,*,#220,.F.);
#775 = ORIENTED_EDGE('',*,*,#776,.T.);
#776 = EDGE_CURVE('',#221,#777,#779,.T.);
#777 = VERTEX_POINT('',#778);
#778 = CARTESIAN_POINT('',(-64.77,-44.958,-0.));
#779 = CIRCLE('',#780,5.588);
#780 = AXIS2_PLACEMENT_3D('',#781,#782,#783);
#781 = CARTESIAN_POINT('',(-64.77,-39.37,0.));
#782 = DIRECTION('',(0.,0.,1.));
#783 = DIRECTION('',(-1.,-1.04E-15,0.));
#784 = ORIENTED_EDGE('',*,*,#785,.T.);
#785 = EDGE_CURVE('',#777,#146,#786,.T.);
#786 = CIRCLE('',#787,1.27);
#787 = AXIS2_PLACEMENT_3D('',#788,#789,#790);
#788 = CARTESIAN_POINT('',(-64.77,-44.958,1.27));
#789 = DIRECTION('',(-1.,-0.,-0.));
#790 = DIRECTION('',(0.,0.,-1.));
#791 = ORIENTED_EDGE('',*,*,#145,.F.);
#792 = TOROIDAL_SURFACE('',#793,5.588,1.27);
#793 = AXIS2_PLACEMENT_3D('',#794,#795,#796);
#794 = CARTESIAN_POINT('',(-64.77,-39.37,1.27));
#795 = DIRECTION('',(0.,0.,1.));
#796 = DIRECTION('',(-1.,-1.04E-15,0.));
#797 = ADVANCED_FACE('',(#798,#823,#834,#845,#856,#926,#996,#1066),#1136
  ,.F.);
#798 = FACE_BOUND('',#799,.F.);
#799 = EDGE_LOOP('',(#800,#801,#809,#817));
#800 = ORIENTED_EDGE('',*,*,#154,.T.);
#801 = ORIENTED_EDGE('',*,*,#802,.T.);
#802 = EDGE_CURVE('',#155,#803,#805,.T.);
#803 = VERTEX_POINT('',#804);
#804 = CARTESIAN_POINT('',(64.77,-46.228,21.717));
#805 = LINE('',#806,#807);
#806 = CARTESIAN_POINT('',(-64.77,-46.228,21.717));
#807 = VECTOR('',#808,1.);
#808 = DIRECTION('',(1.,0.,0.));
#809 = ORIENTED_EDGE('',*,*,#810,.F.);
#810 = EDGE_CURVE('',#811,#803,#813,.T.);
#811 = VERTEX_POINT('',#812);
#812 = CARTESIAN_POINT('',(64.77,-46.228,1.27));
#813 = LINE('',#814,#815);
#814 = CARTESIAN_POINT('',(64.77,-46.228,0.));
#815 = VECTOR('',#816,1.);
#816 = DIRECTION('',(0.,0.,1.));
#817 = ORIENTED_EDGE('',*,*,#818,.F.);
#818 = EDGE_CURVE('',#146,#811,#819,.T.);
#819 = LINE('',#820,#821);
#820 = CARTESIAN_POINT('',(-64.77,-46.228,1.27));
#821 = VECTOR('',#822,1.);
#822 = DIRECTION('',(1.,0.,0.));
#823 = FACE_BOUND('',#824,.F.);
#824 = EDGE_LOOP('',(#825));
#825 = ORIENTED_EDGE('',*,*,#826,.T.);
#826 = EDGE_CURVE('',#827,#827,#829,.T.);
#827 = VERTEX_POINT('',#828);
#828 = CARTESIAN_POINT('',(-52.7812,-46.228,9.467));
#829 = CIRCLE('',#830,2.2098);
#830 = AXIS2_PLACEMENT_3D('',#831,#832,#833);
#831 = CARTESIAN_POINT('',(-54.991,-46.228,9.467));
#832 = DIRECTION('',(0.,-1.,0.));
#833 = DIRECTION('',(1.,0.,0.));
#834 = FACE_BOUND('',#835,.F.);
#835 = EDGE_LOOP('',(#836));
#836 = ORIENTED_EDGE('',*,*,#837,.T.);
#837 = EDGE_CURVE('',#838,#838,#840,.T.);
#838 = VERTEX_POINT('',#839);
#839 = CARTESIAN_POINT('',(-52.7812,-46.228,14.547));
#840 = CIRCLE('',#841,2.2098);
#841 = AXIS2_PLACEMENT_3D('',#842,#843,#844);
#842 = CARTESIAN_POINT('',(-54.991,-46.228,14.547));
#843 = DIRECTION('',(0.,-1.,0.));
#844 = DIRECTION('',(1.,0.,0.));
#845 = FACE_BOUND('',#846,.F.);
#846 = EDGE_LOOP('',(#847));
#847 = ORIENTED_EDGE('',*,*,#848,.T.);
#848 = EDGE_CURVE('',#849,#849,#851,.T.);
#849 = VERTEX_POINT('',#850);
#850 = CARTESIAN_POINT('',(-38.148,-46.228,9.952));
#851 = CIRCLE('',#852,2.032);
#852 = AXIS2_PLACEMENT_3D('',#853,#854,#855);
#853 = CARTESIAN_POINT('',(-40.18,-46.228,9.952));
#854 = DIRECTION('',(0.,-1.,0.));
#855 = DIRECTION('',(1.,0.,0.));
#856 = FACE_BOUND('',#857,.F.);
#857 = EDGE_LOOP('',(#858,#868,#877,#885,#894,#902,#911,#919));
#858 = ORIENTED_EDGE('',*,*,#859,.T.);
#859 = EDGE_CURVE('',#860,#862,#864,.T.);
#860 = VERTEX_POINT('',#861);
#861 = CARTESIAN_POINT('',(-25.665,-46.228,6.737));
#862 = VERTEX_POINT('',#863);
#863 = CARTESIAN_POINT('',(-12.435,-46.228,6.737));
#864 = LINE('',#865,#866);
#865 = CARTESIAN_POINT('',(-25.665,-46.228,6.737));
#866 = VECTOR('',#867,1.);
#867 = DIRECTION('',(1.,0.,0.));
#868 = ORIENTED_EDGE('',*,*,#869,.T.);
#869 = EDGE_CURVE('',#862,#870,#872,.T.);
#870 = VERTEX_POINT('',#871);
#871 = CARTESIAN_POINT('',(-11.165,-46.228,8.007));
#872 = CIRCLE('',#873,1.27);
#873 = AXIS2_PLACEMENT_3D('',#874,#875,#876);
#874 = CARTESIAN_POINT('',(-12.435,-46.228,8.007));
#875 = DIRECTION('',(0.,-1.,0.));
#876 = DIRECTION('',(2.331E-14,0.,-1.));
#877 = ORIENTED_EDGE('',*,*,#878,.T.);
#878 = EDGE_CURVE('',#870,#879,#881,.T.);
#879 = VERTEX_POINT('',#880);
#880 = CARTESIAN_POINT('',(-11.165,-46.228,13.857));
#881 = LINE('',#882,#883);
#882 = CARTESIAN_POINT('',(-11.165,-46.228,8.007));
#883 = VECTOR('',#884,1.);
#884 = DIRECTION('',(0.,2.2E-16,1.));
#885 = ORIENTED_EDGE('',*,*,#886,.T.);
#886 = EDGE_CURVE('',#879,#887,#889,.T.);
#887 = VERTEX_POINT('',#888);
#888 = CARTESIAN_POINT('',(-12.435,-46.228,15.127));
#889 = CIRCLE('',#890,1.27);
#890 = AXIS2_PLACEMENT_3D('',#891,#892,#893);
#891 = CARTESIAN_POINT('',(-12.435,-46.228,13.857));
#892 = DIRECTION('',(0.,-1.,0.));
#893 = DIRECTION('',(1.,0.,0.));
#894 = ORIENTED_EDGE('',*,*,#895,.T.);
#895 = EDGE_CURVE('',#887,#896,#898,.T.);
#896 = VERTEX_POINT('',#897);
#897 = CARTESIAN_POINT('',(-25.665,-46.228,15.127));
#898 = LINE('',#899,#900);
#899 = CARTESIAN_POINT('',(-12.435,-46.228,15.127));
#900 = VECTOR('',#901,1.);
#901 = DIRECTION('',(-1.,0.,0.));
#902 = ORIENTED_EDGE('',*,*,#903,.T.);
#903 = EDGE_CURVE('',#896,#904,#906,.T.);
#904 = VERTEX_POINT('',#905);
#905 = CARTESIAN_POINT('',(-26.935,-46.228,13.857));
#906 = CIRCLE('',#907,1.27);
#907 = AXIS2_PLACEMENT_3D('',#908,#909,#910);
#908 = CARTESIAN_POINT('',(-25.665,-46.228,13.857));
#909 = DIRECTION('',(0.,-1.,0.));
#910 = DIRECTION('',(4.66E-15,0.,1.));
#911 = ORIENTED_EDGE('',*,*,#912,.T.);
#912 = EDGE_CURVE('',#904,#913,#915,.T.);
#913 = VERTEX_POINT('',#914);
#914 = CARTESIAN_POINT('',(-26.935,-46.228,8.007));
#915 = LINE('',#916,#917);
#916 = CARTESIAN_POINT('',(-26.935,-46.228,13.857));
#917 = VECTOR('',#918,1.);
#918 = DIRECTION('',(0.,-2.2E-16,-1.));
#919 = ORIENTED_EDGE('',*,*,#920,.T.);
#920 = EDGE_CURVE('',#913,#860,#921,.T.);
#921 = CIRCLE('',#922,1.27);
#922 = AXIS2_PLACEMENT_3D('',#923,#924,#925);
#923 = CARTESIAN_POINT('',(-25.665,-46.228,8.007));
#924 = DIRECTION('',(-0.,-1.,-0.));
#925 = DIRECTION('',(-1.,0.,0.));
#926 = FACE_BOUND('',#927,.F.);
#927 = EDGE_LOOP('',(#928,#938,#947,#955,#964,#972,#981,#989));
#928 = ORIENTED_EDGE('',*,*,#929,.T.);
#929 = EDGE_CURVE('',#930,#932,#934,.T.);
#930 = VERTEX_POINT('',#931);
#931 = CARTESIAN_POINT('',(-2.5532,-46.228,6.24));
#932 = VERTEX_POINT('',#933);
#933 = CARTESIAN_POINT('',(11.4852,-46.228,6.24));
#934 = LINE('',#935,#936);
#935 = CARTESIAN_POINT('',(-2.5532,-46.228,6.24));
#936 = VECTOR('',#937,1.);
#937 = DIRECTION('',(1.,0.,0.));
#938 = ORIENTED_EDGE('',*,*,#939,.T.);
#939 = EDGE_CURVE('',#932,#940,#942,.T.);
#940 = VERTEX_POINT('',#941);
#941 = CARTESIAN_POINT('',(12.298,-46.228,7.0528));
#942 = CIRCLE('',#943,0.8128);
#943 = AXIS2_PLACEMENT_3D('',#944,#945,#946);
#944 = CARTESIAN_POINT('',(11.4852,-46.228,7.0528));
#945 = DIRECTION('',(0.,-1.,0.));
#946 = DIRECTION('',(5.83E-15,0.,-1.));
#947 = ORIENTED_EDGE('',*,*,#948,.T.);
#948 = EDGE_CURVE('',#940,#949,#951,.T.);
#949 = VERTEX_POINT('',#950);
#950 = CARTESIAN_POINT('',(12.298,-46.228,8.3512));
#951 = LINE('',#952,#953);
#952 = CARTESIAN_POINT('',(12.298,-46.228,7.0528));
#953 = VECTOR('',#954,1.);
#954 = DIRECTION('',(0.,2.2E-16,1.));
#955 = ORIENTED_EDGE('',*,*,#956,.T.);
#956 = EDGE_CURVE('',#949,#957,#959,.T.);
#957 = VERTEX_POINT('',#958);
#958 = CARTESIAN_POINT('',(11.4852,-46.228,9.164));
#959 = CIRCLE('',#960,0.8128);
#960 = AXIS2_PLACEMENT_3D('',#961,#962,#963);
#961 = CARTESIAN_POINT('',(11.4852,-46.228,8.3512));
#962 = DIRECTION('',(0.,-1.,0.));
#963 = DIRECTION('',(1.,0.,0.));
#964 = ORIENTED_EDGE('',*,*,#965,.T.);
#965 = EDGE_CURVE('',#957,#966,#968,.T.);
#966 = VERTEX_POINT('',#967);
#967 = CARTESIAN_POINT('',(-2.5532,-46.228,9.164));
#968 = LINE('',#969,#970);
#969 = CARTESIAN_POINT('',(11.4852,-46.228,9.164));
#970 = VECTOR('',#971,1.);
#971 = DIRECTION('',(-1.,0.,0.));
#972 = ORIENTED_EDGE('',*,*,#973,.T.);
#973 = EDGE_CURVE('',#966,#974,#976,.T.);
#974 = VERTEX_POINT('',#975);
#975 = CARTESIAN_POINT('',(-3.366,-46.228,8.3512));
#976 = CIRCLE('',#977,0.8128);
#977 = AXIS2_PLACEMENT_3D('',#978,#979,#980);
#978 = CARTESIAN_POINT('',(-2.5532,-46.228,8.3512));
#979 = DIRECTION('',(0.,-1.,0.));
#980 = DIRECTION('',(1.457E-14,0.,1.));
#981 = ORIENTED_EDGE('',*,*,#982,.T.);
#982 = EDGE_CURVE('',#974,#983,#985,.T.);
#983 = VERTEX_POINT('',#984);
#984 = CARTESIAN_POINT('',(-3.366,-46.228,7.0528));
#985 = LINE('',#986,#987);
#986 = CARTESIAN_POINT('',(-3.366,-46.228,8.3512));
#987 = VECTOR('',#988,1.);
#988 = DIRECTION('',(0.,-2.2E-16,-1.));
#989 = ORIENTED_EDGE('',*,*,#990,.T.);
#990 = EDGE_CURVE('',#983,#930,#991,.T.);
#991 = CIRCLE('',#992,0.8128);
#992 = AXIS2_PLACEMENT_3D('',#993,#994,#995);
#993 = CARTESIAN_POINT('',(-2.5532,-46.228,7.0528));
#994 = DIRECTION('',(-0.,-1.,-0.));
#995 = DIRECTION('',(-1.,0.,0.));
#996 = FACE_BOUND('',#997,.F.);
#997 = EDGE_LOOP('',(#998,#1008,#1017,#1025,#1034,#1042,#1051,#1059));
#998 = ORIENTED_EDGE('',*,*,#999,.T.);
#999 = EDGE_CURVE('',#1000,#1002,#1004,.T.);
#1000 = VERTEX_POINT('',#1001);
#1001 = CARTESIAN_POINT('',(19.9528,-46.228,6.367));
#1002 = VERTEX_POINT('',#1003);
#1003 = CARTESIAN_POINT('',(35.6972,-46.228,6.367));
#1004 = LINE('',#1005,#1006);
#1005 = CARTESIAN_POINT('',(19.9528,-46.228,6.367));
#1006 = VECTOR('',#1007,1.);
#1007 = DIRECTION('',(1.,0.,0.));
#1008 = ORIENTED_EDGE('',*,*,#1009,.T.);
#1009 = EDGE_CURVE('',#1002,#1010,#1012,.T.);
#1010 = VERTEX_POINT('',#1011);
#1011 = CARTESIAN_POINT('',(36.51,-46.228,7.1798));
#1012 = CIRCLE('',#1013,0.8128);
#1013 = AXIS2_PLACEMENT_3D('',#1014,#1015,#1016);
#1014 = CARTESIAN_POINT('',(35.6972,-46.228,7.1798));
#1015 = DIRECTION('',(0.,-1.,0.));
#1016 = DIRECTION('',(2.331E-14,0.,-1.));
#1017 = ORIENTED_EDGE('',*,*,#1018,.T.);
#1018 = EDGE_CURVE('',#1010,#1019,#1021,.T.);
#1019 = VERTEX_POINT('',#1020);
#1020 = CARTESIAN_POINT('',(36.51,-46.228,20.224199999999));
#1021 = LINE('',#1022,#1023);
#1022 = CARTESIAN_POINT('',(36.51,-46.228,7.1798));
#1023 = VECTOR('',#1024,1.);
#1024 = DIRECTION('',(0.,2.2E-16,1.));
#1025 = ORIENTED_EDGE('',*,*,#1026,.T.);
#1026 = EDGE_CURVE('',#1019,#1027,#1029,.T.);
#1027 = VERTEX_POINT('',#1028);
#1028 = CARTESIAN_POINT('',(35.697199999996,-46.228,21.036999999999));
#1029 = CIRCLE('',#1030,0.8128);
#1030 = AXIS2_PLACEMENT_3D('',#1031,#1032,#1033);
#1031 = CARTESIAN_POINT('',(35.6972,-46.228,20.224199999999));
#1032 = DIRECTION('',(0.,-1.,0.));
#1033 = DIRECTION('',(1.,0.,0.));
#1034 = ORIENTED_EDGE('',*,*,#1035,.T.);
#1035 = EDGE_CURVE('',#1027,#1036,#1038,.T.);
#1036 = VERTEX_POINT('',#1037);
#1037 = CARTESIAN_POINT('',(19.952800000002,-46.228,21.036999999999));
#1038 = LINE('',#1039,#1040);
#1039 = CARTESIAN_POINT('',(35.697199999998,-46.228,21.036999999999));
#1040 = VECTOR('',#1041,1.);
#1041 = DIRECTION('',(-1.,0.,0.));
#1042 = ORIENTED_EDGE('',*,*,#1043,.T.);
#1043 = EDGE_CURVE('',#1036,#1044,#1046,.T.);
#1044 = VERTEX_POINT('',#1045);
#1045 = CARTESIAN_POINT('',(19.14,-46.228,20.224199999999));
#1046 = CIRCLE('',#1047,0.8128);
#1047 = AXIS2_PLACEMENT_3D('',#1048,#1049,#1050);
#1048 = CARTESIAN_POINT('',(19.9528,-46.228,20.224199999999));
#1049 = DIRECTION('',(0.,-1.,0.));
#1050 = DIRECTION('',(5.52489E-12,0.,1.));
#1051 = ORIENTED_EDGE('',*,*,#1052,.T.);
#1052 = EDGE_CURVE('',#1044,#1053,#1055,.T.);
#1053 = VERTEX_POINT('',#1054);
#1054 = CARTESIAN_POINT('',(19.14,-46.228,7.1798));
#1055 = LINE('',#1056,#1057);
#1056 = CARTESIAN_POINT('',(19.14,-46.228,20.224199999999));
#1057 = VECTOR('',#1058,1.);
#1058 = DIRECTION('',(0.,-2.2E-16,-1.));
#1059 = ORIENTED_EDGE('',*,*,#1060,.T.);
#1060 = EDGE_CURVE('',#1053,#1000,#1061,.T.);
#1061 = CIRCLE('',#1062,0.8128);
#1062 = AXIS2_PLACEMENT_3D('',#1063,#1064,#1065);
#1063 = CARTESIAN_POINT('',(19.9528,-46.228,7.1798));
#1064 = DIRECTION('',(-0.,-1.,-0.));
#1065 = DIRECTION('',(-1.,0.,0.));
#1066 = FACE_BOUND('',#1067,.F.);
#1067 = EDGE_LOOP('',(#1068,#1078,#1087,#1095,#1104,#1112,#1121,#1129));
#1068 = ORIENTED_EDGE('',*,*,#1069,.T.);
#1069 = EDGE_CURVE('',#1070,#1072,#1074,.T.);
#1070 = VERTEX_POINT('',#1071);
#1071 = CARTESIAN_POINT('',(52.983999999929,-46.228,10.846999999927));
#1072 = VERTEX_POINT('',#1073);
#1073 = CARTESIAN_POINT('',(46.58400000007,-46.228,10.846999999927));
#1074 = LINE('',#1075,#1076);
#1075 = CARTESIAN_POINT('',(52.983999999929,-46.228,10.846999999927));
#1076 = VECTOR('',#1077,1.);
#1077 = DIRECTION('',(-1.,0.,0.));
#1078 = ORIENTED_EDGE('',*,*,#1079,.T.);
#1079 = EDGE_CURVE('',#1072,#1080,#1082,.T.);
#1080 = VERTEX_POINT('',#1081);
#1081 = CARTESIAN_POINT('',(44.67900000007,-46.228,8.941999999927));
#1082 = CIRCLE('',#1083,1.905);
#1083 = AXIS2_PLACEMENT_3D('',#1084,#1085,#1086);
#1084 = CARTESIAN_POINT('',(46.58400000007,-46.228,8.941999999927));
#1085 = DIRECTION('',(0.,-1.,0.));
#1086 = DIRECTION('',(0.,0.,1.));
#1087 = ORIENTED_EDGE('',*,*,#1088,.T.);
#1088 = EDGE_CURVE('',#1080,#1089,#1091,.T.);
#1089 = VERTEX_POINT('',#1090);
#1090 = CARTESIAN_POINT('',(44.67900000007,-46.228,8.322000000069));
#1091 = LINE('',#1092,#1093);
#1092 = CARTESIAN_POINT('',(44.67900000007,-46.228,8.941999999927));
#1093 = VECTOR('',#1094,1.);
#1094 = DIRECTION('',(0.,-2.2E-16,-1.));
#1095 = ORIENTED_EDGE('',*,*,#1096,.T.);
#1096 = EDGE_CURVE('',#1089,#1097,#1099,.T.);
#1097 = VERTEX_POINT('',#1098);
#1098 = CARTESIAN_POINT('',(46.58400000007,-46.228,6.417000000069));
#1099 = CIRCLE('',#1100,1.905);
#1100 = AXIS2_PLACEMENT_3D('',#1101,#1102,#1103);
#1101 = CARTESIAN_POINT('',(46.58400000007,-46.228,8.322000000069));
#1102 = DIRECTION('',(-0.,-1.,-0.));
#1103 = DIRECTION('',(-1.,0.,0.));
#1104 = ORIENTED_EDGE('',*,*,#1105,.T.);
#1105 = EDGE_CURVE('',#1097,#1106,#1108,.T.);
#1106 = VERTEX_POINT('',#1107);
#1107 = CARTESIAN_POINT('',(52.983999999929,-46.228,6.417000000069));
#1108 = LINE('',#1109,#1110);
#1109 = CARTESIAN_POINT('',(46.58400000007,-46.228,6.417000000069));
#1110 = VECTOR('',#1111,1.);
#1111 = DIRECTION('',(1.,0.,0.));
#1112 = ORIENTED_EDGE('',*,*,#1113,.T.);
#1113 = EDGE_CURVE('',#1106,#1114,#1116,.T.);
#1114 = VERTEX_POINT('',#1115);
#1115 = CARTESIAN_POINT('',(54.888999999929,-46.228,8.322000000069));
#1116 = CIRCLE('',#1117,1.905);
#1117 = AXIS2_PLACEMENT_3D('',#1118,#1119,#1120);
#1118 = CARTESIAN_POINT('',(52.983999999929,-46.228,8.322000000069));
#1119 = DIRECTION('',(0.,-1.,0.));
#1120 = DIRECTION('',(5.09E-15,0.,-1.));
#1121 = ORIENTED_EDGE('',*,*,#1122,.T.);
#1122 = EDGE_CURVE('',#1114,#1123,#1125,.T.);
#1123 = VERTEX_POINT('',#1124);
#1124 = CARTESIAN_POINT('',(54.888999999929,-46.228,8.941999999927));
#1125 = LINE('',#1126,#1127);
#1126 = CARTESIAN_POINT('',(54.888999999929,-46.228,8.322000000069));
#1127 = VECTOR('',#1128,1.);
#1128 = DIRECTION('',(0.,2.2E-16,1.));
#1129 = ORIENTED_EDGE('',*,*,#1130,.T.);
#1130 = EDGE_CURVE('',#1123,#1070,#1131,.T.);
#1131 = CIRCLE('',#1132,1.905);
#1132 = AXIS2_PLACEMENT_3D('',#1133,#1134,#1135);
#1133 = CARTESIAN_POINT('',(52.983999999929,-46.228,8.941999999927));
#1134 = DIRECTION('',(0.,-1.,0.));
#1135 = DIRECTION('',(1.,0.,1.27E-15));
#1136 = PLANE('',#1137);
#1137 = AXIS2_PLACEMENT_3D('',#1138,#1139,#1140);
#1138 = CARTESIAN_POINT('',(-71.628,-46.228,0.));
#1139 = DIRECTION('',(0.,1.,0.));
#1140 = DIRECTION('',(1.,0.,0.));
#1141 = ADVANCED_FACE('',(#1142),#1153,.T.);
#1142 = FACE_BOUND('',#1143,.T.);
#1143 = EDGE_LOOP('',(#1144,#1145,#1146));
#1144 = ORIENTED_EDGE('',*,*,#260,.F.);
#1145 = ORIENTED_EDGE('',*,*,#177,.T.);
#1146 = ORIENTED_EDGE('',*,*,#1147,.F.);
#1147 = EDGE_CURVE('',#253,#178,#1148,.T.);
#1148 = CIRCLE('',#1149,0.508);
#1149 = AXIS2_PLACEMENT_3D('',#1150,#1151,#1152);
#1150 = CARTESIAN_POINT('',(-71.12,-14.86780210989,21.717));
#1151 = DIRECTION('',(1.,0.,-0.));
#1152 = DIRECTION('',(0.,0.965925826289,0.258819045103));
#1153 = SPHERICAL_SURFACE('',#1154,0.508);
#1154 = AXIS2_PLACEMENT_3D('',#1155,#1156,#1157);
#1155 = CARTESIAN_POINT('',(-71.12,-14.86780210989,21.717));
#1156 = DIRECTION('',(1.,0.,0.));
#1157 = DIRECTION('',(-0.,0.965925826289,0.258819045103));
#1158 = ADVANCED_FACE('',(#1159),#1244,.T.);
#1159 = FACE_BOUND('',#1160,.T.);
#1160 = EDGE_LOOP('',(#1161,#1169,#1170,#1171,#1179,#1188,#1196,#1204,
    #1212,#1221,#1229,#1238));
#1161 = ORIENTED_EDGE('',*,*,#1162,.F.);
#1162 = EDGE_CURVE('',#178,#1163,#1165,.T.);
#1163 = VERTEX_POINT('',#1164);
#1164 = CARTESIAN_POINT('',(-70.61199999997,-14.86780210989,
    22.224999999999));
#1165 = LINE('',#1166,#1167);
#1166 = CARTESIAN_POINT('',(-71.628,-14.86780210989,22.225));
#1167 = VECTOR('',#1168,1.);
#1168 = DIRECTION('',(1.,0.,0.));
#1169 = ORIENTED_EDGE('',*,*,#186,.T.);
#1170 = ORIENTED_EDGE('',*,*,#760,.T.);
#1171 = ORIENTED_EDGE('',*,*,#1172,.T.);
#1172 = EDGE_CURVE('',#752,#1173,#1175,.T.);
#1173 = VERTEX_POINT('',#1174);
#1174 = CARTESIAN_POINT('',(64.77,-45.72,22.225));
#1175 = LINE('',#1176,#1177);
#1176 = CARTESIAN_POINT('',(-64.77,-45.72,22.225));
#1177 = VECTOR('',#1178,1.);
#1178 = DIRECTION('',(1.,0.,0.));
#1179 = ORIENTED_EDGE('',*,*,#1180,.T.);
#1180 = EDGE_CURVE('',#1173,#1181,#1183,.T.);
#1181 = VERTEX_POINT('',#1182);
#1182 = CARTESIAN_POINT('',(71.12,-39.37,22.225));
#1183 = CIRCLE('',#1184,6.35);
#1184 = AXIS2_PLACEMENT_3D('',#1185,#1186,#1187);
#1185 = CARTESIAN_POINT('',(64.77,-39.37,22.225));
#1186 = DIRECTION('',(-0.,0.,1.));
#1187 = DIRECTION('',(0.,-1.,0.));
#1188 = ORIENTED_EDGE('',*,*,#1189,.T.);
#1189 = EDGE_CURVE('',#1181,#1190,#1192,.T.);
#1190 = VERTEX_POINT('',#1191);
#1191 = CARTESIAN_POINT('',(71.12,-14.86780210989,22.225));
#1192 = LINE('',#1193,#1194);
#1193 = CARTESIAN_POINT('',(71.12,-39.37,22.225));
#1194 = VECTOR('',#1195,1.);
#1195 = DIRECTION('',(0.,1.,0.));
#1196 = ORIENTED_EDGE('',*,*,#1197,.F.);
#1197 = EDGE_CURVE('',#1198,#1190,#1200,.T.);
#1198 = VERTEX_POINT('',#1199);
#1199 = CARTESIAN_POINT('',(70.611999999973,-14.86780210989,22.225));
#1200 = LINE('',#1201,#1202);
#1201 = CARTESIAN_POINT('',(70.10399999997,-14.86780210989,22.225));
#1202 = VECTOR('',#1203,1.);
#1203 = DIRECTION('',(1.,0.,0.));
#1204 = ORIENTED_EDGE('',*,*,#1205,.F.);
#1205 = EDGE_CURVE('',#1206,#1198,#1208,.T.);
#1206 = VERTEX_POINT('',#1207);
#1207 = CARTESIAN_POINT('',(70.61199999997,-39.36999999996,22.225));
#1208 = LINE('',#1209,#1210);
#1209 = CARTESIAN_POINT('',(70.611999999973,-39.36999999996,22.225));
#1210 = VECTOR('',#1211,1.);
#1211 = DIRECTION('',(0.,1.,0.));
#1212 = ORIENTED_EDGE('',*,*,#1213,.F.);
#1213 = EDGE_CURVE('',#1214,#1206,#1216,.T.);
#1214 = VERTEX_POINT('',#1215);
#1215 = CARTESIAN_POINT('',(64.76999999997,-45.21199999996,22.225));
#1216 = CIRCLE('',#1217,5.842);
#1217 = AXIS2_PLACEMENT_3D('',#1218,#1219,#1220);
#1218 = CARTESIAN_POINT('',(64.76999999997,-39.36999999996,22.225));
#1219 = DIRECTION('',(-0.,0.,1.));
#1220 = DIRECTION('',(0.,-1.,0.));
#1221 = ORIENTED_EDGE('',*,*,#1222,.F.);
#1222 = EDGE_CURVE('',#1223,#1214,#1225,.T.);
#1223 = VERTEX_POINT('',#1224);
#1224 = CARTESIAN_POINT('',(-64.76999999997,-45.21199999996,22.225));
#1225 = LINE('',#1226,#1227);
#1226 = CARTESIAN_POINT('',(-64.76999999997,-45.21199999996,22.225));
#1227 = VECTOR('',#1228,1.);
#1228 = DIRECTION('',(1.,0.,0.));
#1229 = ORIENTED_EDGE('',*,*,#1230,.F.);
#1230 = EDGE_CURVE('',#1231,#1223,#1233,.T.);
#1231 = VERTEX_POINT('',#1232);
#1232 = CARTESIAN_POINT('',(-70.61199999997,-39.36999999996,22.225));
#1233 = CIRCLE('',#1234,5.842);
#1234 = AXIS2_PLACEMENT_3D('',#1235,#1236,#1237);
#1235 = CARTESIAN_POINT('',(-64.76999999997,-39.36999999996,22.225));
#1236 = DIRECTION('',(0.,0.,1.));
#1237 = DIRECTION('',(-1.,1.079E-13,0.));
#1238 = ORIENTED_EDGE('',*,*,#1239,.F.);
#1239 = EDGE_CURVE('',#1163,#1231,#1240,.T.);
#1240 = LINE('',#1241,#1242);
#1241 = CARTESIAN_POINT('',(-70.61199999997,-14.86780210989,22.225));
#1242 = VECTOR('',#1243,1.);
#1243 = DIRECTION('',(0.,-1.,0.));
#1244 = PLANE('',#1245);
#1245 = AXIS2_PLACEMENT_3D('',#1246,#1247,#1248);
#1246 = CARTESIAN_POINT('',(1.93E-15,-1.93E-15,22.225));
#1247 = DIRECTION('',(0.,0.,1.));
#1248 = DIRECTION('',(1.,0.,0.));
#1249 = ADVANCED_FACE('',(#1250),#1270,.T.);
#1250 = FACE_BOUND('',#1251,.T.);
#1251 = EDGE_LOOP('',(#1252,#1261,#1268,#1269));
#1252 = ORIENTED_EDGE('',*,*,#1253,.F.);
#1253 = EDGE_CURVE('',#1254,#278,#1256,.T.);
#1254 = VERTEX_POINT('',#1255);
#1255 = CARTESIAN_POINT('',(-64.77,44.958,0.));
#1256 = CIRCLE('',#1257,1.27);
#1257 = AXIS2_PLACEMENT_3D('',#1258,#1259,#1260);
#1258 = CARTESIAN_POINT('',(-64.77,44.958,1.27));
#1259 = DIRECTION('',(1.,-0.,0.));
#1260 = DIRECTION('',(0.,0.,-1.));
#1261 = ORIENTED_EDGE('',*,*,#1262,.T.);
#1262 = EDGE_CURVE('',#1254,#211,#1263,.T.);
#1263 = CIRCLE('',#1264,5.588);
#1264 = AXIS2_PLACEMENT_3D('',#1265,#1266,#1267);
#1265 = CARTESIAN_POINT('',(-64.77,39.37,0.));
#1266 = DIRECTION('',(0.,-0.,1.));
#1267 = DIRECTION('',(0.,1.,0.));
#1268 = ORIENTED_EDGE('',*,*,#210,.T.);
#1269 = ORIENTED_EDGE('',*,*,#277,.F.);
#1270 = TOROIDAL_SURFACE('',#1271,5.588,1.27);
#1271 = AXIS2_PLACEMENT_3D('',#1272,#1273,#1274);
#1272 = CARTESIAN_POINT('',(-64.77,39.37,1.27));
#1273 = DIRECTION('',(0.,0.,1.));
#1274 = DIRECTION('',(0.,1.,0.));
#1275 = ADVANCED_FACE('',(#1276),#1321,.F.);
#1276 = FACE_BOUND('',#1277,.F.);
#1277 = EDGE_LOOP('',(#1278,#1286,#1295,#1303,#1312,#1318,#1319,#1320));
#1278 = ORIENTED_EDGE('',*,*,#1279,.T.);
#1279 = EDGE_CURVE('',#777,#1280,#1282,.T.);
#1280 = VERTEX_POINT('',#1281);
#1281 = CARTESIAN_POINT('',(64.77,-44.958,0.));
#1282 = LINE('',#1283,#1284);
#1283 = CARTESIAN_POINT('',(-64.77,-44.958,-2.2E-16));
#1284 = VECTOR('',#1285,1.);
#1285 = DIRECTION('',(1.,0.,0.));
#1286 = ORIENTED_EDGE('',*,*,#1287,.T.);
#1287 = EDGE_CURVE('',#1280,#1288,#1290,.T.);
#1288 = VERTEX_POINT('',#1289);
#1289 = CARTESIAN_POINT('',(70.358,-39.37,0.));
#1290 = CIRCLE('',#1291,5.588);
#1291 = AXIS2_PLACEMENT_3D('',#1292,#1293,#1294);
#1292 = CARTESIAN_POINT('',(64.77,-39.37,0.));
#1293 = DIRECTION('',(-0.,0.,1.));
#1294 = DIRECTION('',(0.,-1.,0.));
#1295 = ORIENTED_EDGE('',*,*,#1296,.T.);
#1296 = EDGE_CURVE('',#1288,#1297,#1299,.T.);
#1297 = VERTEX_POINT('',#1298);
#1298 = CARTESIAN_POINT('',(70.358,39.37,0.));
#1299 = LINE('',#1300,#1301);
#1300 = CARTESIAN_POINT('',(70.358,-39.37,-2.2E-16));
#1301 = VECTOR('',#1302,1.);
#1302 = DIRECTION('',(0.,1.,0.));
#1303 = ORIENTED_EDGE('',*,*,#1304,.T.);
#1304 = EDGE_CURVE('',#1297,#1305,#1307,.T.);
#1305 = VERTEX_POINT('',#1306);
#1306 = CARTESIAN_POINT('',(64.77,44.958,0.));
#1307 = CIRCLE('',#1308,5.588);
#1308 = AXIS2_PLACEMENT_3D('',#1309,#1310,#1311);
#1309 = CARTESIAN_POINT('',(64.77,39.37,0.));
#1310 = DIRECTION('',(-0.,0.,1.));
#1311 = DIRECTION('',(1.,-1.04E-15,0.));
#1312 = ORIENTED_EDGE('',*,*,#1313,.T.);
#1313 = EDGE_CURVE('',#1305,#1254,#1314,.T.);
#1314 = LINE('',#1315,#1316);
#1315 = CARTESIAN_POINT('',(64.77,44.958,-2.2E-16));
#1316 = VECTOR('',#1317,1.);
#1317 = DIRECTION('',(-1.,0.,0.));
#1318 = ORIENTED_EDGE('',*,*,#1262,.T.);
#1319 = ORIENTED_EDGE('',*,*,#229,.T.);
#1320 = ORIENTED_EDGE('',*,*,#776,.T.);
#1321 = PLANE('',#1322);
#1322 = AXIS2_PLACEMENT_3D('',#1323,#1324,#1325);
#1323 = CARTESIAN_POINT('',(1.93E-15,-1.93E-15,0.));
#1324 = DIRECTION('',(0.,0.,1.));
#1325 = DIRECTION('',(1.,0.,0.));
#1326 = ADVANCED_FACE('',(#1327),#1352,.F.);
#1327 = FACE_BOUND('',#1328,.F.);
#1328 = EDGE_LOOP('',(#1329,#1337,#1345,#1351));
#1329 = ORIENTED_EDGE('',*,*,#1330,.T.);
#1330 = EDGE_CURVE('',#244,#1331,#1333,.T.);
#1331 = VERTEX_POINT('',#1332);
#1332 = CARTESIAN_POINT('',(-70.61199999997,-12.67323355329,
    15.489519925087));
#1333 = LINE('',#1334,#1335);
#1334 = CARTESIAN_POINT('',(-71.628,-12.67323355329,15.489519925088));
#1335 = VECTOR('',#1336,1.);
#1336 = DIRECTION('',(1.,0.,0.));
#1337 = ORIENTED_EDGE('',*,*,#1338,.T.);
#1338 = EDGE_CURVE('',#1331,#1339,#1341,.T.);
#1339 = VERTEX_POINT('',#1340);
#1340 = CARTESIAN_POINT('',(-70.61199999997,-14.37711179013,
    21.848480074912));
#1341 = LINE('',#1342,#1343);
#1342 = CARTESIAN_POINT('',(-70.61199999997,-12.67323355329,
    15.489519925088));
#1343 = VECTOR('',#1344,1.);
#1344 = DIRECTION('',(8.7793E-13,-0.258819045103,0.965925826289));
#1345 = ORIENTED_EDGE('',*,*,#1346,.F.);
#1346 = EDGE_CURVE('',#253,#1339,#1347,.T.);
#1347 = LINE('',#1348,#1349);
#1348 = CARTESIAN_POINT('',(-71.628,-14.37711179013,21.848480074912));
#1349 = VECTOR('',#1350,1.);
#1350 = DIRECTION('',(1.,0.,0.));
#1351 = ORIENTED_EDGE('',*,*,#252,.F.);
#1352 = PLANE('',#1353);
#1353 = AXIS2_PLACEMENT_3D('',#1354,#1355,#1356);
#1354 = CARTESIAN_POINT('',(-71.628,-12.57234534343,15.113));
#1355 = DIRECTION('',(0.,-0.965925826289,-0.258819045103));
#1356 = DIRECTION('',(0.,-0.258819045103,0.965925826289));
#1357 = ADVANCED_FACE('',(#1358),#1376,.F.);
#1358 = FACE_BOUND('',#1359,.F.);
#1359 = EDGE_LOOP('',(#1360,#1368,#1369,#1370));
#1360 = ORIENTED_EDGE('',*,*,#1361,.T.);
#1361 = EDGE_CURVE('',#1362,#567,#1364,.T.);
#1362 = VERTEX_POINT('',#1363);
#1363 = CARTESIAN_POINT('',(64.77,46.228,1.27));
#1364 = LINE('',#1365,#1366);
#1365 = CARTESIAN_POINT('',(64.77,46.228,0.));
#1366 = VECTOR('',#1367,1.);
#1367 = DIRECTION('',(0.,0.,1.));
#1368 = ORIENTED_EDGE('',*,*,#575,.F.);
#1369 = ORIENTED_EDGE('',*,*,#286,.F.);
#1370 = ORIENTED_EDGE('',*,*,#1371,.F.);
#1371 = EDGE_CURVE('',#1362,#278,#1372,.T.);
#1372 = LINE('',#1373,#1374);
#1373 = CARTESIAN_POINT('',(64.77,46.228,1.27));
#1374 = VECTOR('',#1375,1.);
#1375 = DIRECTION('',(-1.,0.,0.));
#1376 = PLANE('',#1377);
#1377 = AXIS2_PLACEMENT_3D('',#1378,#1379,#1380);
#1378 = CARTESIAN_POINT('',(71.628,46.228,0.));
#1379 = DIRECTION('',(0.,-1.,0.));
#1380 = DIRECTION('',(-1.,0.,0.));
#1381 = ADVANCED_FACE('',(#1382),#1401,.F.);
#1382 = FACE_BOUND('',#1383,.F.);
#1383 = EDGE_LOOP('',(#1384,#1385,#1386,#1394));
#1384 = ORIENTED_EDGE('',*,*,#1330,.F.);
#1385 = ORIENTED_EDGE('',*,*,#320,.F.);
#1386 = ORIENTED_EDGE('',*,*,#1387,.T.);
#1387 = EDGE_CURVE('',#310,#1388,#1390,.T.);
#1388 = VERTEX_POINT('',#1389);
#1389 = CARTESIAN_POINT('',(-70.61199999997,-12.18254323353,15.113));
#1390 = LINE('',#1391,#1392);
#1391 = CARTESIAN_POINT('',(-71.628,-12.18254323353,15.113));
#1392 = VECTOR('',#1393,1.);
#1393 = DIRECTION('',(1.,0.,0.));
#1394 = ORIENTED_EDGE('',*,*,#1395,.T.);
#1395 = EDGE_CURVE('',#1388,#1331,#1396,.T.);
#1396 = CIRCLE('',#1397,0.508);
#1397 = AXIS2_PLACEMENT_3D('',#1398,#1399,#1400);
#1398 = CARTESIAN_POINT('',(-70.61199999997,-12.18254323353,
    15.620999999999));
#1399 = DIRECTION('',(-1.,2.311E-14,9.1509E-13));
#1400 = DIRECTION('',(-9.1509E-13,6.857E-14,-1.));
#1401 = CYLINDRICAL_SURFACE('',#1402,0.508);
#1402 = AXIS2_PLACEMENT_3D('',#1403,#1404,#1405);
#1403 = CARTESIAN_POINT('',(-71.628,-12.18254323353,15.621));
#1404 = DIRECTION('',(1.,0.,0.));
#1405 = DIRECTION('',(0.,-0.965925826289,-0.258819045103));
#1406 = ADVANCED_FACE('',(#1407),#1425,.F.);
#1407 = FACE_BOUND('',#1408,.F.);
#1408 = EDGE_LOOP('',(#1409,#1417,#1418,#1419));
#1409 = ORIENTED_EDGE('',*,*,#1410,.F.);
#1410 = EDGE_CURVE('',#626,#1411,#1413,.T.);
#1411 = VERTEX_POINT('',#1412);
#1412 = CARTESIAN_POINT('',(-70.61199999997,35.067726633915,
    14.736480074912));
#1413 = LINE('',#1414,#1415);
#1414 = CARTESIAN_POINT('',(-71.628,35.067726633915,14.736480074912));
#1415 = VECTOR('',#1416,1.);
#1416 = DIRECTION('',(1.,0.,0.));
#1417 = ORIENTED_EDGE('',*,*,#625,.F.);
#1418 = ORIENTED_EDGE('',*,*,#335,.T.);
#1419 = ORIENTED_EDGE('',*,*,#1420,.F.);
#1420 = EDGE_CURVE('',#1411,#338,#1421,.T.);
#1421 = LINE('',#1422,#1423);
#1422 = CARTESIAN_POINT('',(-70.61199999997,34.966838424053,15.113));
#1423 = VECTOR('',#1424,1.);
#1424 = DIRECTION('',(-8.7793E-13,0.258819045103,-0.965925826289));
#1425 = PLANE('',#1426);
#1426 = AXIS2_PLACEMENT_3D('',#1427,#1428,#1429);
#1427 = CARTESIAN_POINT('',(-71.628,38.608,1.524));
#1428 = DIRECTION('',(0.,-0.965925826289,-0.258819045103));
#1429 = DIRECTION('',(0.,-0.258819045103,0.965925826289));
#1430 = ADVANCED_FACE('',(#1431),#1467,.F.);
#1431 = FACE_BOUND('',#1432,.F.);
#1432 = EDGE_LOOP('',(#1433,#1434,#1446));
#1433 = ORIENTED_EDGE('',*,*,#345,.F.);
#1434 = ORIENTED_EDGE('',*,*,#1435,.T.);
#1435 = EDGE_CURVE('',#346,#1436,#1438,.T.);
#1436 = VERTEX_POINT('',#1437);
#1437 = CARTESIAN_POINT('',(-70.10399999999,37.945961510596,2.032));
#1438 = B_SPLINE_CURVE_WITH_KNOTS('',6,(#1439,#1440,#1441,#1442,#1443,
    #1444,#1445),.UNSPECIFIED.,.F.,.F.,(7,7),(0.,1.),
  .PIECEWISE_BEZIER_KNOTS.);
#1439 = CARTESIAN_POINT('',(-69.59599999999,37.945961510596,1.524));
#1440 = CARTESIAN_POINT('',(-69.72899408899,37.945961510596,1.524));
#1441 = CARTESIAN_POINT('',(-69.86197686234,37.945961510596,
    1.565771664498));
#1442 = CARTESIAN_POINT('',(-69.978620596,37.945961510597,1.649379403983
    ));
#1443 = CARTESIAN_POINT('',(-70.06222833549,37.945961510596,
    1.766023137642));
#1444 = CARTESIAN_POINT('',(-70.10399999999,37.945961510596,
    1.899005910998));
#1445 = CARTESIAN_POINT('',(-70.10399999999,37.945961510596,2.032));
#1446 = ORIENTED_EDGE('',*,*,#1447,.T.);
#1447 = EDGE_CURVE('',#1436,#338,#1448,.T.);
#1448 = B_SPLINE_CURVE_WITH_KNOTS('',5,(#1449,#1450,#1451,#1452,#1453,
    #1454,#1455,#1456,#1457,#1458,#1459,#1460,#1461,#1462,#1463,#1464,
    #1465,#1466),.UNSPECIFIED.,.F.,.F.,(6,4,4,4,6),(0.,0.125,0.25,0.5,1.
    ),.UNSPECIFIED.);
#1449 = CARTESIAN_POINT('',(-70.10399999999,37.945961510596,2.032));
#1450 = CARTESIAN_POINT('',(-70.10399999999,37.969514578634,
    2.021176208596));
#1451 = CARTESIAN_POINT('',(-70.10497925493,37.9930677061,2.010352433114
    ));
#1452 = CARTESIAN_POINT('',(-70.10693774648,38.016558747252,
    1.999512021655));
#1453 = CARTESIAN_POINT('',(-70.10986919859,38.039926151678,
    1.988638481836));
#1454 = CARTESIAN_POINT('',(-70.11765295649,38.08629177691,
    1.966792479743));
#1455 = CARTESIAN_POINT('',(-70.12250528628,38.109290114286,
    1.955820048706));
#1456 = CARTESIAN_POINT('',(-70.12830549719,38.132043028252,
    1.944781856664));
#1457 = CARTESIAN_POINT('',(-70.1350350023,38.154491333744,
    1.933662045027));
#1458 = CARTESIAN_POINT('',(-70.15793758781,38.220750158916,
    1.900011592828));
#1459 = CARTESIAN_POINT('',(-70.17682476401,38.263474844876,
    1.877190003999));
#1460 = CARTESIAN_POINT('',(-70.19913483054,38.304293912151,
    1.853857806181));
#1461 = CARTESIAN_POINT('',(-70.22457744849,38.342787643881,
    1.829902536582));
#1462 = CARTESIAN_POINT('',(-70.30921436846,38.450242856186,
    1.755886172152));
#1463 = CARTESIAN_POINT('',(-70.3767163366,38.511181488229,
    1.703675361537));
#1464 = CARTESIAN_POINT('',(-70.45240582896,38.558599639108,
    1.647841748912));
#1465 = CARTESIAN_POINT('',(-70.53220354658,38.590865183035,
    1.587948007491));
#1466 = CARTESIAN_POINT('',(-70.61199999999,38.608,1.524));
#1467 = B_SPLINE_SURFACE_WITH_KNOTS('',6,5,(
    (#1468,#1469,#1470,#1471,#1472,#1473,#1474,#1475,#1476,#1477,#1478
      ,#1479,#1480,#1481,#1482,#1483,#1484,#1485)
    ,(#1486,#1487,#1488,#1489,#1490,#1491,#1492,#1493,#1494,#1495,#1496
      ,#1497,#1498,#1499,#1500,#1501,#1502,#1503)
    ,(#1504,#1505,#1506,#1507,#1508,#1509,#1510,#1511,#1512,#1513,#1514
      ,#1515,#1516,#1517,#1518,#1519,#1520,#1521)
    ,(#1522,#1523,#1524,#1525,#1526,#1527,#1528,#1529,#1530,#1531,#1532
      ,#1533,#1534,#1535,#1536,#1537,#1538,#1539)
    ,(#1540,#1541,#1542,#1543,#1544,#1545,#1546,#1547,#1548,#1549,#1550
      ,#1551,#1552,#1553,#1554,#1555,#1556,#1557)
    ,(#1558,#1559,#1560,#1561,#1562,#1563,#1564,#1565,#1566,#1567,#1568
      ,#1569,#1570,#1571,#1572,#1573,#1574,#1575)
    ,(#1576,#1577,#1578,#1579,#1580,#1581,#1582,#1583,#1584,#1585,#1586
      ,#1587,#1588,#1589,#1590,#1591,#1592,#1593
  )),.UNSPECIFIED.,.F.,.F.,.F.,(7,7),(6,4,4,4,6),(0.,1.),(0.,0.125,0.25,
    0.5,1.),.UNSPECIFIED.);
#1468 = CARTESIAN_POINT('',(-69.59599999999,37.945961510596,1.524));
#1469 = CARTESIAN_POINT('',(-69.59599999999,37.978887217754,1.524));
#1470 = CARTESIAN_POINT('',(-69.60021523396,38.011718873098,1.524));
#1471 = CARTESIAN_POINT('',(-69.60825805138,38.043864045416,1.524));
#1472 = CARTESIAN_POINT('',(-69.61958505296,38.07492636661,1.524));
#1473 = CARTESIAN_POINT('',(-69.6474091284,38.13448469678,1.524));
#1474 = CARTESIAN_POINT('',(-69.66398255989,38.163073313424,1.524));
#1475 = CARTESIAN_POINT('',(-69.68262031436,38.190316013757,1.524));
#1476 = CARTESIAN_POINT('',(-69.70291224216,38.216210912483,1.524));
#1477 = CARTESIAN_POINT('',(-69.76808085993,38.290306995698,1.524));
#1478 = CARTESIAN_POINT('',(-69.81718856639,38.334784021175,1.524));
#1479 = CARTESIAN_POINT('',(-69.86965089159,38.37469441394,1.524));
#1480 = CARTESIAN_POINT('',(-69.92497789374,38.410643784345,1.524));
#1481 = CARTESIAN_POINT('',(-70.09730253124,38.506710278303,1.524));
#1482 = CARTESIAN_POINT('',(-70.22086588039,38.555219596098,1.524));
#1483 = CARTESIAN_POINT('',(-70.34887812747,38.589490950058,1.524));
#1484 = CARTESIAN_POINT('',(-70.48044538346,38.608,1.524));
#1485 = CARTESIAN_POINT('',(-70.61199999999,38.608,1.524));
#1486 = CARTESIAN_POINT('',(-69.72899408899,37.945961510596,1.524));
#1487 = CARTESIAN_POINT('',(-69.72778590343,37.977325111234,1.524));
#1488 = CARTESIAN_POINT('',(-69.73025362201,38.008610345265,1.524));
#1489 = CARTESIAN_POINT('',(-69.73607419955,38.039313162388,1.524));
#1490 = CARTESIAN_POINT('',(-69.74479375733,38.069092997455,1.524));
#1491 = CARTESIAN_POINT('',(-69.76686140874,38.126452543469,1.524));
#1492 = CARTESIAN_POINT('',(-69.78027313772,38.154109446901,1.524));
#1493 = CARTESIAN_POINT('',(-69.79556311604,38.180603849506,1.524));
#1494 = CARTESIAN_POINT('',(-69.8123864545,38.205924316027,1.524));
#1495 = CARTESIAN_POINT('',(-69.86688617688,38.278714189568,1.524));
#1496 = CARTESIAN_POINT('',(-69.90854075718,38.322899158458,1.524));
#1497 = CARTESIAN_POINT('',(-69.95356133482,38.362960996975,1.524));
#1498 = CARTESIAN_POINT('',(-70.00149123515,38.399334427601,1.524));
#1499 = CARTESIAN_POINT('',(-70.15195213971,38.497299041283,1.524));
#1500 = CARTESIAN_POINT('',(-70.26133918313,38.547879911453,1.524));
#1501 = CARTESIAN_POINT('',(-70.37579822885,38.584342398233,1.524));
#1502 = CARTESIAN_POINT('',(-70.49390448621,38.605144197173,1.524));
#1503 = CARTESIAN_POINT('',(-70.61199999999,38.608,1.524));
#1504 = CARTESIAN_POINT('',(-69.86197686234,37.945961510596,
    1.565771664498));
#1505 = CARTESIAN_POINT('',(-69.86005186105,37.975763004714,
    1.564985190355));
#1506 = CARTESIAN_POINT('',(-69.86384545814,38.005328778373,
    1.567706976191));
#1507 = CARTESIAN_POINT('',(-69.86844519084,38.034348934504,
    1.568374688961));
#1508 = CARTESIAN_POINT('',(-69.87515727438,38.062608487675,
    1.568859779897));
#1509 = CARTESIAN_POINT('',(-69.89211858525,38.117366240504,
    1.569484180806));
#1510 = CARTESIAN_POINT('',(-69.90240501723,38.143914532481,
    1.569623672515));
#1511 = CARTESIAN_POINT('',(-69.91420183314,38.169534634682,
    1.56959978507));
#1512 = CARTESIAN_POINT('',(-69.92730133008,38.194207300473,
    1.569420816115));
#1513 = CARTESIAN_POINT('',(-69.97014782434,38.265560324851,
    1.568440461798));
#1514 = CARTESIAN_POINT('',(-70.00341236801,38.309504869822,
    1.567196003869));
#1515 = CARTESIAN_POINT('',(-70.04015584051,38.349841824275,
    1.565419181097));
#1516 = CARTESIAN_POINT('',(-70.07998077374,38.386723352742,
    1.563166821901));
#1517 = CARTESIAN_POINT('',(-70.20695672618,38.486709754188,
    1.555187016283));
#1518 = CARTESIAN_POINT('',(-70.30172603996,38.539260065362,
    1.548239600585));
#1519 = CARTESIAN_POINT('',(-70.40284806633,38.577415195663,
    1.540194262019));
#1520 = CARTESIAN_POINT('',(-70.51378515026,38.600487026306,
    1.539249198042));
#1521 = CARTESIAN_POINT('',(-70.61199999999,38.608,1.524));
#1522 = CARTESIAN_POINT('',(-69.978620596,37.945961510597,1.649379403983
    ));
#1523 = CARTESIAN_POINT('',(-69.97634471883,37.974200898194,
    1.647436797548));
#1524 = CARTESIAN_POINT('',(-69.975933253,38.002327192313,1.645827987573
    ));
#1525 = CARTESIAN_POINT('',(-69.97789574143,38.030070039426,
    1.643898882511));
#1526 = CARTESIAN_POINT('',(-69.98179001687,38.057235065585,
    1.641882049667));
#1527 = CARTESIAN_POINT('',(-69.99288586576,38.110172687243,
    1.637679901754));
#1528 = CARTESIAN_POINT('',(-70.00011768617,38.135993100978,
    1.635494987781));
#1529 = CARTESIAN_POINT('',(-70.00879269957,38.161065817482,
    1.63322881604));
#1530 = CARTESIAN_POINT('',(-70.01873996947,38.185359436204,
    1.630881528783));
#1531 = CARTESIAN_POINT('',(-70.05209503887,38.256012496107,
    1.623589427255));
#1532 = CARTESIAN_POINT('',(-70.07899082803,38.300079490196,
    1.618395199463));
#1533 = CARTESIAN_POINT('',(-70.10951322382,38.34097708673,
    1.612850549888));
#1534 = CARTESIAN_POINT('',(-70.14326310878,38.378678835946,
    1.606931521452));
#1535 = CARTESIAN_POINT('',(-70.25242458857,38.481519014265,
    1.588040557286));
#1536 = CARTESIAN_POINT('',(-70.33585688954,38.536502131931,
    1.57394073993));
#1537 = CARTESIAN_POINT('',(-70.42596542696,38.576498931956,
    1.558276296623));
#1538 = CARTESIAN_POINT('',(-70.51829393303,38.60051995852,
    1.542323693722));
#1539 = CARTESIAN_POINT('',(-70.61199999999,38.608,1.524));
#1540 = CARTESIAN_POINT('',(-70.06222833549,37.945961510596,
    1.766023137642));
#1541 = CARTESIAN_POINT('',(-70.05933335047,37.972638791674,
    1.761700571965));
#1542 = CARTESIAN_POINT('',(-70.05493087134,37.999340294537,
    1.754297091256));
#1543 = CARTESIAN_POINT('',(-70.05445607094,38.025822556993,
    1.748540833814));
#1544 = CARTESIAN_POINT('',(-70.05586087809,38.051904130952,
    1.742857089846));
#1545 = CARTESIAN_POINT('',(-70.06195808542,38.103027033894,
    1.73161685752));
#1546 = CARTESIAN_POINT('',(-70.06667554013,38.128113583446,
    1.726060903958));
#1547 = CARTESIAN_POINT('',(-70.07285553752,38.152622267731,
    1.720559021431));
#1548 = CARTESIAN_POINT('',(-70.0803482093,38.17650972458,1.715097865051
    ));
#1549 = CARTESIAN_POINT('',(-70.10648396329,38.246357129852,
    1.698786779722));
#1550 = CARTESIAN_POINT('',(-70.12876345093,38.290442986755,
    1.68801033623));
#1551 = CARTESIAN_POINT('',(-70.1549578626,38.331782810588,
    1.677199769637));
#1552 = CARTESIAN_POINT('',(-70.18462005248,38.370198069853,
    1.666214860684));
#1553 = CARTESIAN_POINT('',(-70.28208925677,38.475652175004,
    1.632397954258));
#1554 = CARTESIAN_POINT('',(-70.35847985092,38.533010511885,
    1.60871177353));
#1555 = CARTESIAN_POINT('',(-70.44179064418,38.5750374155,1.582939424866
    ));
#1556 = CARTESIAN_POINT('',(-70.52014283402,38.600311253622,
    1.548431591629));
#1557 = CARTESIAN_POINT('',(-70.61199999999,38.608,1.524));
#1558 = CARTESIAN_POINT('',(-70.10399999999,37.945961510596,
    1.899005910998));
#1559 = CARTESIAN_POINT('',(-70.10190730633,37.971076685154,
    1.891194270386));
#1560 = CARTESIAN_POINT('',(-70.10111133852,37.996102792504,
    1.883362964472));
#1561 = CARTESIAN_POINT('',(-70.10157914466,38.020952567048,
    1.87551506742));
#1562 = CARTESIAN_POINT('',(-70.10327091625,38.045547083545,
    1.867647132362));
#1563 = CARTESIAN_POINT('',(-70.10900906009,38.094084430664,
    1.851851250422));
#1564 = CARTESIAN_POINT('',(-70.11305935208,38.118044410945,
    1.843923763086));
#1565 = CARTESIAN_POINT('',(-70.11824608676,38.141628855256,
    1.835955757388));
#1566 = CARTESIAN_POINT('',(-70.12452764209,38.164787166967,
    1.827933760197));
#1567 = CARTESIAN_POINT('',(-70.14654136994,38.232880652602,
    1.803657871335));
#1568 = CARTESIAN_POINT('',(-70.16543857396,38.276415326671,
    1.787195031094));
#1569 = CARTESIAN_POINT('',(-70.18820460151,38.317675022099,
    1.770326549754));
#1570 = CARTESIAN_POINT('',(-70.21445761406,38.356278247106,
    1.752923161433));
#1571 = CARTESIAN_POINT('',(-70.3021382221,38.463034589895,
    1.698813309218));
#1572 = CARTESIAN_POINT('',(-70.37252161273,38.522189605949,
    1.660214194927));
#1573 = CARTESIAN_POINT('',(-70.45086722919,38.566474454681,
    1.618266473129));
#1574 = CARTESIAN_POINT('',(-70.53204385273,38.594929171421,
    1.572780996354));
#1575 = CARTESIAN_POINT('',(-70.61199999999,38.608,1.524));
#1576 = CARTESIAN_POINT('',(-70.10399999999,37.945961510596,2.032));
#1577 = CARTESIAN_POINT('',(-70.10399999999,37.969514578634,
    2.021176208596));
#1578 = CARTESIAN_POINT('',(-70.10497925493,37.9930677061,2.010352433114
    ));
#1579 = CARTESIAN_POINT('',(-70.10693774648,38.016558747252,
    1.999512021655));
#1580 = CARTESIAN_POINT('',(-70.10986919859,38.039926151678,
    1.988638481836));
#1581 = CARTESIAN_POINT('',(-70.11765295649,38.08629177691,
    1.966792479743));
#1582 = CARTESIAN_POINT('',(-70.12250528628,38.109290114286,
    1.955820048706));
#1583 = CARTESIAN_POINT('',(-70.12830549719,38.132043028252,
    1.944781856664));
#1584 = CARTESIAN_POINT('',(-70.1350350023,38.154491333744,
    1.933662045027));
#1585 = CARTESIAN_POINT('',(-70.15793758781,38.220750158916,
    1.900011592828));
#1586 = CARTESIAN_POINT('',(-70.17682476401,38.263474844876,
    1.877190003999));
#1587 = CARTESIAN_POINT('',(-70.19913483054,38.304293912151,
    1.853857806181));
#1588 = CARTESIAN_POINT('',(-70.22457744849,38.342787643881,
    1.829902536582));
#1589 = CARTESIAN_POINT('',(-70.30921436846,38.450242856186,
    1.755886172152));
#1590 = CARTESIAN_POINT('',(-70.3767163366,38.511181488229,
    1.703675361537));
#1591 = CARTESIAN_POINT('',(-70.45240582896,38.558599639108,
    1.647841748912));
#1592 = CARTESIAN_POINT('',(-70.53220354658,38.590865183035,
    1.587948007491));
#1593 = CARTESIAN_POINT('',(-70.61199999999,38.608,1.524));
#1594 = ADVANCED_FACE('',(#1595),#1614,.F.);
#1595 = FACE_BOUND('',#1596,.T.);
#1596 = EDGE_LOOP('',(#1597,#1598,#1599,#1607));
#1597 = ORIENTED_EDGE('',*,*,#368,.F.);
#1598 = ORIENTED_EDGE('',*,*,#1435,.T.);
#1599 = ORIENTED_EDGE('',*,*,#1600,.T.);
#1600 = EDGE_CURVE('',#1436,#1601,#1603,.T.);
#1601 = VERTEX_POINT('',#1602);
#1602 = CARTESIAN_POINT('',(-70.10399999999,34.798,2.032));
#1603 = LINE('',#1604,#1605);
#1604 = CARTESIAN_POINT('',(-70.10399999999,38.608,2.032));
#1605 = VECTOR('',#1606,1.);
#1606 = DIRECTION('',(0.,-1.,0.));
#1607 = ORIENTED_EDGE('',*,*,#1608,.F.);
#1608 = EDGE_CURVE('',#369,#1601,#1609,.T.);
#1609 = CIRCLE('',#1610,0.508);
#1610 = AXIS2_PLACEMENT_3D('',#1611,#1612,#1613);
#1611 = CARTESIAN_POINT('',(-69.59599999999,34.798,2.032));
#1612 = DIRECTION('',(2.792E-14,1.,-0.));
#1613 = DIRECTION('',(-1.,2.792E-14,0.));
#1614 = CYLINDRICAL_SURFACE('',#1615,0.508);
#1615 = AXIS2_PLACEMENT_3D('',#1616,#1617,#1618);
#1616 = CARTESIAN_POINT('',(-69.59599999999,38.608,2.032));
#1617 = DIRECTION('',(0.,-1.,0.));
#1618 = DIRECTION('',(-0.,-0.,-1.));
#1619 = ADVANCED_FACE('',(#1620),#1647,.F.);
#1620 = FACE_BOUND('',#1621,.F.);
#1621 = EDGE_LOOP('',(#1622,#1631,#1639,#1646));
#1622 = ORIENTED_EDGE('',*,*,#1623,.T.);
#1623 = EDGE_CURVE('',#377,#1624,#1626,.T.);
#1624 = VERTEX_POINT('',#1625);
#1625 = CARTESIAN_POINT('',(-66.802,34.29,2.032));
#1626 = CIRCLE('',#1627,0.508);
#1627 = AXIS2_PLACEMENT_3D('',#1628,#1629,#1630);
#1628 = CARTESIAN_POINT('',(-66.802,34.798,2.032));
#1629 = DIRECTION('',(-1.,0.,0.));
#1630 = DIRECTION('',(0.,1.,0.));
#1631 = ORIENTED_EDGE('',*,*,#1632,.T.);
#1632 = EDGE_CURVE('',#1624,#1633,#1635,.T.);
#1633 = VERTEX_POINT('',#1634);
#1634 = CARTESIAN_POINT('',(-69.59599999999,34.29,2.032));
#1635 = LINE('',#1636,#1637);
#1636 = CARTESIAN_POINT('',(-66.294,34.29,2.032));
#1637 = VECTOR('',#1638,1.);
#1638 = DIRECTION('',(-1.,0.,0.));
#1639 = ORIENTED_EDGE('',*,*,#1640,.F.);
#1640 = EDGE_CURVE('',#369,#1633,#1641,.T.);
#1641 = CIRCLE('',#1642,0.508);
#1642 = AXIS2_PLACEMENT_3D('',#1643,#1644,#1645);
#1643 = CARTESIAN_POINT('',(-69.59599999999,34.798,2.032));
#1644 = DIRECTION('',(-1.,0.,0.));
#1645 = DIRECTION('',(0.,-1.,0.));
#1646 = ORIENTED_EDGE('',*,*,#376,.F.);
#1647 = CYLINDRICAL_SURFACE('',#1648,0.508);
#1648 = AXIS2_PLACEMENT_3D('',#1649,#1650,#1651);
#1649 = CARTESIAN_POINT('',(-66.294,34.798,2.032));
#1650 = DIRECTION('',(-1.,0.,0.));
#1651 = DIRECTION('',(0.,0.,-1.));
#1652 = ADVANCED_FACE('',(#1653),#1673,.F.);
#1653 = FACE_BOUND('',#1654,.F.);
#1654 = EDGE_LOOP('',(#1655,#1656,#1657,#1666));
#1655 = ORIENTED_EDGE('',*,*,#1623,.F.);
#1656 = ORIENTED_EDGE('',*,*,#384,.T.);
#1657 = ORIENTED_EDGE('',*,*,#1658,.T.);
#1658 = EDGE_CURVE('',#385,#1659,#1661,.T.);
#1659 = VERTEX_POINT('',#1660);
#1660 = CARTESIAN_POINT('',(-66.294,33.782,2.032));
#1661 = CIRCLE('',#1662,0.508);
#1662 = AXIS2_PLACEMENT_3D('',#1663,#1664,#1665);
#1663 = CARTESIAN_POINT('',(-65.786,33.782,2.032));
#1664 = DIRECTION('',(-6.E-17,1.,0.));
#1665 = DIRECTION('',(1.,6.E-17,0.));
#1666 = ORIENTED_EDGE('',*,*,#1667,.F.);
#1667 = EDGE_CURVE('',#1624,#1659,#1668,.T.);
#1668 = CIRCLE('',#1669,0.508);
#1669 = AXIS2_PLACEMENT_3D('',#1670,#1671,#1672);
#1670 = CARTESIAN_POINT('',(-66.802,33.782,2.032));
#1671 = DIRECTION('',(0.,0.,-1.));
#1672 = DIRECTION('',(0.,1.,0.));
#1673 = TOROIDAL_SURFACE('',#1674,1.016,0.508);
#1674 = AXIS2_PLACEMENT_3D('',#1675,#1676,#1677);
#1675 = CARTESIAN_POINT('',(-66.802,33.782,2.032));
#1676 = DIRECTION('',(-0.,-0.,-1.));
#1677 = DIRECTION('',(0.,1.,0.));
#1678 = ADVANCED_FACE('',(#1679),#1698,.F.);
#1679 = FACE_BOUND('',#1680,.F.);
#1680 = EDGE_LOOP('',(#1681,#1690,#1696,#1697));
#1681 = ORIENTED_EDGE('',*,*,#1682,.T.);
#1682 = EDGE_CURVE('',#394,#1683,#1685,.T.);
#1683 = VERTEX_POINT('',#1684);
#1684 = CARTESIAN_POINT('',(-66.294,-33.782,2.032));
#1685 = CIRCLE('',#1686,0.508);
#1686 = AXIS2_PLACEMENT_3D('',#1687,#1688,#1689);
#1687 = CARTESIAN_POINT('',(-65.786,-33.782,2.032));
#1688 = DIRECTION('',(-0.,1.,0.));
#1689 = DIRECTION('',(1.,0.,0.));
#1690 = ORIENTED_EDGE('',*,*,#1691,.T.);
#1691 = EDGE_CURVE('',#1683,#1659,#1692,.T.);
#1692 = LINE('',#1693,#1694);
#1693 = CARTESIAN_POINT('',(-66.294,-34.29,2.032));
#1694 = VECTOR('',#1695,1.);
#1695 = DIRECTION('',(0.,1.,0.));
#1696 = ORIENTED_EDGE('',*,*,#1658,.F.);
#1697 = ORIENTED_EDGE('',*,*,#393,.F.);
#1698 = CYLINDRICAL_SURFACE('',#1699,0.508);
#1699 = AXIS2_PLACEMENT_3D('',#1700,#1701,#1702);
#1700 = CARTESIAN_POINT('',(-65.786,-34.29,2.032));
#1701 = DIRECTION('',(0.,1.,0.));
#1702 = DIRECTION('',(0.,0.,-1.));
#1703 = ADVANCED_FACE('',(#1704),#1723,.T.);
#1704 = FACE_BOUND('',#1705,.F.);
#1705 = EDGE_LOOP('',(#1706,#1707,#1716,#1722));
#1706 = ORIENTED_EDGE('',*,*,#1361,.F.);
#1707 = ORIENTED_EDGE('',*,*,#1708,.F.);
#1708 = EDGE_CURVE('',#1709,#1362,#1711,.T.);
#1709 = VERTEX_POINT('',#1710);
#1710 = CARTESIAN_POINT('',(71.628,39.37,1.27));
#1711 = CIRCLE('',#1712,6.858);
#1712 = AXIS2_PLACEMENT_3D('',#1713,#1714,#1715);
#1713 = CARTESIAN_POINT('',(64.77,39.37,1.27));
#1714 = DIRECTION('',(-0.,0.,1.));
#1715 = DIRECTION('',(1.,-1.04E-15,0.));
#1716 = ORIENTED_EDGE('',*,*,#1717,.T.);
#1717 = EDGE_CURVE('',#1709,#559,#1718,.T.);
#1718 = LINE('',#1719,#1720);
#1719 = CARTESIAN_POINT('',(71.628,39.37,0.));
#1720 = VECTOR('',#1721,1.);
#1721 = DIRECTION('',(0.,0.,1.));
#1722 = ORIENTED_EDGE('',*,*,#566,.F.);
#1723 = CYLINDRICAL_SURFACE('',#1724,6.858);
#1724 = AXIS2_PLACEMENT_3D('',#1725,#1726,#1727);
#1725 = CARTESIAN_POINT('',(64.77,39.37,0.));
#1726 = DIRECTION('',(0.,0.,1.));
#1727 = DIRECTION('',(0.,1.,0.));
#1728 = ADVANCED_FACE('',(#1729),#1749,.F.);
#1729 = FACE_BOUND('',#1730,.F.);
#1730 = EDGE_LOOP('',(#1731,#1732,#1733,#1742));
#1731 = ORIENTED_EDGE('',*,*,#1682,.F.);
#1732 = ORIENTED_EDGE('',*,*,#401,.T.);
#1733 = ORIENTED_EDGE('',*,*,#1734,.T.);
#1734 = EDGE_CURVE('',#402,#1735,#1737,.T.);
#1735 = VERTEX_POINT('',#1736);
#1736 = CARTESIAN_POINT('',(-66.802,-34.29,2.032));
#1737 = CIRCLE('',#1738,0.508);
#1738 = AXIS2_PLACEMENT_3D('',#1739,#1740,#1741);
#1739 = CARTESIAN_POINT('',(-66.802,-34.798,2.032));
#1740 = DIRECTION('',(1.,6.E-17,0.));
#1741 = DIRECTION('',(6.E-17,-1.,0.));
#1742 = ORIENTED_EDGE('',*,*,#1743,.F.);
#1743 = EDGE_CURVE('',#1683,#1735,#1744,.T.);
#1744 = CIRCLE('',#1745,0.508);
#1745 = AXIS2_PLACEMENT_3D('',#1746,#1747,#1748);
#1746 = CARTESIAN_POINT('',(-66.802,-33.782,2.032));
#1747 = DIRECTION('',(0.,0.,-1.));
#1748 = DIRECTION('',(1.,0.,0.));
#1749 = TOROIDAL_SURFACE('',#1750,1.016,0.508);
#1750 = AXIS2_PLACEMENT_3D('',#1751,#1752,#1753);
#1751 = CARTESIAN_POINT('',(-66.802,-33.782,2.032));
#1752 = DIRECTION('',(-0.,-0.,-1.));
#1753 = DIRECTION('',(1.,0.,0.));
#1754 = ADVANCED_FACE('',(#1755,#1815),#1849,.F.);
#1755 = FACE_BOUND('',#1756,.F.);
#1756 = EDGE_LOOP('',(#1757,#1767,#1775,#1783,#1792,#1800,#1806,#1807,
    #1808,#1809));
#1757 = ORIENTED_EDGE('',*,*,#1758,.T.);
#1758 = EDGE_CURVE('',#1759,#1761,#1763,.T.);
#1759 = VERTEX_POINT('',#1760);
#1760 = CARTESIAN_POINT('',(71.628,-39.37,1.27));
#1761 = VERTEX_POINT('',#1762);
#1762 = CARTESIAN_POINT('',(71.628,-39.37,21.717));
#1763 = LINE('',#1764,#1765);
#1764 = CARTESIAN_POINT('',(71.628,-39.37,0.));
#1765 = VECTOR('',#1766,1.);
#1766 = DIRECTION('',(0.,0.,1.));
#1767 = ORIENTED_EDGE('',*,*,#1768,.T.);
#1768 = EDGE_CURVE('',#1761,#1769,#1771,.T.);
#1769 = VERTEX_POINT('',#1770);
#1770 = CARTESIAN_POINT('',(71.628,-14.86780210989,21.717));
#1771 = LINE('',#1772,#1773);
#1772 = CARTESIAN_POINT('',(71.628,-39.37,21.717));
#1773 = VECTOR('',#1774,1.);
#1774 = DIRECTION('',(0.,1.,0.));
#1775 = ORIENTED_EDGE('',*,*,#1776,.T.);
#1776 = EDGE_CURVE('',#1769,#1777,#1779,.T.);
#1777 = VERTEX_POINT('',#1778);
#1778 = CARTESIAN_POINT('',(71.628,-13.16392387304,15.358039850176));
#1779 = LINE('',#1780,#1781);
#1780 = CARTESIAN_POINT('',(71.628,-14.86780210989,21.717));
#1781 = VECTOR('',#1782,1.);
#1782 = DIRECTION('',(0.,0.258819045103,-0.965925826289));
#1783 = ORIENTED_EDGE('',*,*,#1784,.T.);
#1784 = EDGE_CURVE('',#1777,#1785,#1787,.T.);
#1785 = VERTEX_POINT('',#1786);
#1786 = CARTESIAN_POINT('',(71.628,-12.18254323353,14.605));
#1787 = CIRCLE('',#1788,1.016);
#1788 = AXIS2_PLACEMENT_3D('',#1789,#1790,#1791);
#1789 = CARTESIAN_POINT('',(71.628,-12.18254323353,15.621));
#1790 = DIRECTION('',(1.,0.,0.));
#1791 = DIRECTION('',(0.,-0.965925826289,-0.258819045103));
#1792 = ORIENTED_EDGE('',*,*,#1793,.T.);
#1793 = EDGE_CURVE('',#1785,#1794,#1796,.T.);
#1794 = VERTEX_POINT('',#1795);
#1795 = CARTESIAN_POINT('',(71.628,34.57703631416,14.605));
#1796 = LINE('',#1797,#1798);
#1797 = CARTESIAN_POINT('',(71.628,-12.18254323353,14.605));
#1798 = VECTOR('',#1799,1.);
#1799 = DIRECTION('',(0.,1.,0.));
#1800 = ORIENTED_EDGE('',*,*,#1801,.T.);
#1801 = EDGE_CURVE('',#1794,#542,#1802,.T.);
#1802 = LINE('',#1803,#1804);
#1803 = CARTESIAN_POINT('',(71.628,34.57703631416,14.605));
#1804 = VECTOR('',#1805,1.);
#1805 = DIRECTION('',(0.,0.258819045103,-0.965925826289));
#1806 = ORIENTED_EDGE('',*,*,#550,.F.);
#1807 = ORIENTED_EDGE('',*,*,#558,.F.);
#1808 = ORIENTED_EDGE('',*,*,#1717,.F.);
#1809 = ORIENTED_EDGE('',*,*,#1810,.F.);
#1810 = EDGE_CURVE('',#1759,#1709,#1811,.T.);
#1811 = LINE('',#1812,#1813);
#1812 = CARTESIAN_POINT('',(71.628,-39.37,1.27));
#1813 = VECTOR('',#1814,1.);
#1814 = DIRECTION('',(0.,1.,0.));
#1815 = FACE_BOUND('',#1816,.F.);
#1816 = EDGE_LOOP('',(#1817,#1827,#1835,#1843));
#1817 = ORIENTED_EDGE('',*,*,#1818,.F.);
#1818 = EDGE_CURVE('',#1819,#1821,#1823,.T.);
#1819 = VERTEX_POINT('',#1820);
#1820 = CARTESIAN_POINT('',(71.628,-21.47180210989,18.034));
#1821 = VERTEX_POINT('',#1822);
#1822 = CARTESIAN_POINT('',(71.628,-28.58380210989,18.034));
#1823 = LINE('',#1824,#1825);
#1824 = CARTESIAN_POINT('',(71.628,-21.72580210989,18.034));
#1825 = VECTOR('',#1826,1.);
#1826 = DIRECTION('',(-2.2E-16,-1.,-0.));
#1827 = ORIENTED_EDGE('',*,*,#1828,.F.);
#1828 = EDGE_CURVE('',#1829,#1819,#1831,.T.);
#1829 = VERTEX_POINT('',#1830);
#1830 = CARTESIAN_POINT('',(71.628,-21.47180210989,21.209));
#1831 = LINE('',#1832,#1833);
#1832 = CARTESIAN_POINT('',(71.628,-21.47180210989,20.955));
#1833 = VECTOR('',#1834,1.);
#1834 = DIRECTION('',(2.2E-16,0.,-1.));
#1835 = ORIENTED_EDGE('',*,*,#1836,.F.);
#1836 = EDGE_CURVE('',#1837,#1829,#1839,.T.);
#1837 = VERTEX_POINT('',#1838);
#1838 = CARTESIAN_POINT('',(71.628,-28.58380210989,21.209));
#1839 = LINE('',#1840,#1841);
#1840 = CARTESIAN_POINT('',(71.628,-28.32980210989,21.209));
#1841 = VECTOR('',#1842,1.);
#1842 = DIRECTION('',(2.2E-16,1.,0.));
#1843 = ORIENTED_EDGE('',*,*,#1844,.F.);
#1844 = EDGE_CURVE('',#1821,#1837,#1845,.T.);
#1845 = LINE('',#1846,#1847);
#1846 = CARTESIAN_POINT('',(71.628,-28.58380210989,18.288));
#1847 = VECTOR('',#1848,1.);
#1848 = DIRECTION('',(-2.2E-16,0.,1.));
#1849 = PLANE('',#1850);
#1850 = AXIS2_PLACEMENT_3D('',#1851,#1852,#1853);
#1851 = CARTESIAN_POINT('',(71.628,-46.228,0.));
#1852 = DIRECTION('',(-1.,0.,0.));
#1853 = DIRECTION('',(0.,1.,0.));
#1854 = ADVANCED_FACE('',(#1855),#1874,.F.);
#1855 = FACE_BOUND('',#1856,.F.);
#1856 = EDGE_LOOP('',(#1857,#1866,#1872,#1873));
#1857 = ORIENTED_EDGE('',*,*,#1858,.F.);
#1858 = EDGE_CURVE('',#1859,#411,#1861,.T.);
#1859 = VERTEX_POINT('',#1860);
#1860 = CARTESIAN_POINT('',(-69.59599999999,-34.29,2.032));
#1861 = CIRCLE('',#1862,0.508);
#1862 = AXIS2_PLACEMENT_3D('',#1863,#1864,#1865);
#1863 = CARTESIAN_POINT('',(-69.59599999999,-34.798,2.032));
#1864 = DIRECTION('',(-1.,-0.,-0.));
#1865 = DIRECTION('',(0.,0.,-1.));
#1866 = ORIENTED_EDGE('',*,*,#1867,.T.);
#1867 = EDGE_CURVE('',#1859,#1735,#1868,.T.);
#1868 = LINE('',#1869,#1870);
#1869 = CARTESIAN_POINT('',(-70.104,-34.29,2.032));
#1870 = VECTOR('',#1871,1.);
#1871 = DIRECTION('',(1.,0.,0.));
#1872 = ORIENTED_EDGE('',*,*,#1734,.F.);
#1873 = ORIENTED_EDGE('',*,*,#410,.F.);
#1874 = CYLINDRICAL_SURFACE('',#1875,0.508);
#1875 = AXIS2_PLACEMENT_3D('',#1876,#1877,#1878);
#1876 = CARTESIAN_POINT('',(-70.104,-34.798,2.032));
#1877 = DIRECTION('',(1.,0.,0.));
#1878 = DIRECTION('',(0.,0.,-1.));
#1879 = ADVANCED_FACE('',(#1880),#1907,.F.);
#1880 = FACE_BOUND('',#1881,.T.);
#1881 = EDGE_LOOP('',(#1882,#1883,#1892,#1900));
#1882 = ORIENTED_EDGE('',*,*,#418,.F.);
#1883 = ORIENTED_EDGE('',*,*,#1884,.T.);
#1884 = EDGE_CURVE('',#411,#1885,#1887,.T.);
#1885 = VERTEX_POINT('',#1886);
#1886 = CARTESIAN_POINT('',(-70.10399999999,-34.798,2.032));
#1887 = CIRCLE('',#1888,0.508);
#1888 = AXIS2_PLACEMENT_3D('',#1889,#1890,#1891);
#1889 = CARTESIAN_POINT('',(-69.59599999999,-34.798,2.032));
#1890 = DIRECTION('',(0.,1.,0.));
#1891 = DIRECTION('',(0.,0.,-1.));
#1892 = ORIENTED_EDGE('',*,*,#1893,.T.);
#1893 = EDGE_CURVE('',#1885,#1894,#1896,.T.);
#1894 = VERTEX_POINT('',#1895);
#1895 = CARTESIAN_POINT('',(-70.10399999999,-39.36999999996,2.032));
#1896 = LINE('',#1897,#1898);
#1897 = CARTESIAN_POINT('',(-70.10399999999,-34.29,2.032));
#1898 = VECTOR('',#1899,1.);
#1899 = DIRECTION('',(0.,-1.,0.));
#1900 = ORIENTED_EDGE('',*,*,#1901,.F.);
#1901 = EDGE_CURVE('',#419,#1894,#1902,.T.);
#1902 = CIRCLE('',#1903,0.508);
#1903 = AXIS2_PLACEMENT_3D('',#1904,#1905,#1906);
#1904 = CARTESIAN_POINT('',(-69.59599999999,-39.36999999996,2.032));
#1905 = DIRECTION('',(0.,1.,0.));
#1906 = DIRECTION('',(0.,0.,-1.));
#1907 = CYLINDRICAL_SURFACE('',#1908,0.508);
#1908 = AXIS2_PLACEMENT_3D('',#1909,#1910,#1911);
#1909 = CARTESIAN_POINT('',(-69.59599999999,-34.29,2.032));
#1910 = DIRECTION('',(0.,-1.,0.));
#1911 = DIRECTION('',(-0.,-0.,-1.));
#1912 = ADVANCED_FACE('',(#1913),#1932,.T.);
#1913 = FACE_BOUND('',#1914,.F.);
#1914 = EDGE_LOOP('',(#1915,#1924,#1930,#1931));
#1915 = ORIENTED_EDGE('',*,*,#1916,.T.);
#1916 = EDGE_CURVE('',#1794,#1917,#1919,.T.);
#1917 = VERTEX_POINT('',#1918);
#1918 = CARTESIAN_POINT('',(71.12,35.067726633915,14.736480074912));
#1919 = CIRCLE('',#1920,0.508);
#1920 = AXIS2_PLACEMENT_3D('',#1921,#1922,#1923);
#1921 = CARTESIAN_POINT('',(71.12,34.57703631416,14.605));
#1922 = DIRECTION('',(0.,-0.258819045103,0.965925826289));
#1923 = DIRECTION('',(0.,0.965925826289,0.258819045103));
#1924 = ORIENTED_EDGE('',*,*,#1925,.T.);
#1925 = EDGE_CURVE('',#1917,#534,#1926,.T.);
#1926 = LINE('',#1927,#1928);
#1927 = CARTESIAN_POINT('',(71.12,35.067726633915,14.736480074912));
#1928 = VECTOR('',#1929,1.);
#1929 = DIRECTION('',(0.,0.258819045103,-0.965925826289));
#1930 = ORIENTED_EDGE('',*,*,#541,.F.);
#1931 = ORIENTED_EDGE('',*,*,#1801,.F.);
#1932 = CYLINDRICAL_SURFACE('',#1933,0.508);
#1933 = AXIS2_PLACEMENT_3D('',#1934,#1935,#1936);
#1934 = CARTESIAN_POINT('',(71.12,34.57703631416,14.605));
#1935 = DIRECTION('',(0.,0.258819045103,-0.965925826289));
#1936 = DIRECTION('',(1.,0.,0.));
#1937 = ADVANCED_FACE('',(#1938),#1958,.F.);
#1938 = FACE_BOUND('',#1939,.F.);
#1939 = EDGE_LOOP('',(#1940,#1941,#1942,#1951));
#1940 = ORIENTED_EDGE('',*,*,#1901,.F.);
#1941 = ORIENTED_EDGE('',*,*,#426,.T.);
#1942 = ORIENTED_EDGE('',*,*,#1943,.T.);
#1943 = EDGE_CURVE('',#427,#1944,#1946,.T.);
#1944 = VERTEX_POINT('',#1945);
#1945 = CARTESIAN_POINT('',(-64.76999999997,-44.70399999996,2.032));
#1946 = CIRCLE('',#1947,0.508);
#1947 = AXIS2_PLACEMENT_3D('',#1948,#1949,#1950);
#1948 = CARTESIAN_POINT('',(-64.76999999997,-44.19599999996,2.032));
#1949 = DIRECTION('',(-1.,9.4E-16,0.));
#1950 = DIRECTION('',(-9.4E-16,-1.,0.));
#1951 = ORIENTED_EDGE('',*,*,#1952,.F.);
#1952 = EDGE_CURVE('',#1894,#1944,#1953,.T.);
#1953 = CIRCLE('',#1954,5.334);
#1954 = AXIS2_PLACEMENT_3D('',#1955,#1956,#1957);
#1955 = CARTESIAN_POINT('',(-64.76999999997,-39.36999999996,2.032));
#1956 = DIRECTION('',(0.,0.,1.));
#1957 = DIRECTION('',(-1.,1.079E-13,0.));
#1958 = TOROIDAL_SURFACE('',#1959,4.826,0.508);
#1959 = AXIS2_PLACEMENT_3D('',#1960,#1961,#1962);
#1960 = CARTESIAN_POINT('',(-64.76999999997,-39.36999999996,2.032));
#1961 = DIRECTION('',(0.,0.,1.));
#1962 = DIRECTION('',(-1.,1.079E-13,0.));
#1963 = ADVANCED_FACE('',(#1964),#1982,.F.);
#1964 = FACE_BOUND('',#1965,.F.);
#1965 = EDGE_LOOP('',(#1966,#1974,#1980,#1981));
#1966 = ORIENTED_EDGE('',*,*,#1967,.F.);
#1967 = EDGE_CURVE('',#1968,#1917,#1970,.T.);
#1968 = VERTEX_POINT('',#1969);
#1969 = CARTESIAN_POINT('',(70.611999999978,35.067726633915,
    14.736480074912));
#1970 = LINE('',#1971,#1972);
#1971 = CARTESIAN_POINT('',(70.103999999978,35.067726633915,
    14.736480074912));
#1972 = VECTOR('',#1973,1.);
#1973 = DIRECTION('',(1.,0.,0.));
#1974 = ORIENTED_EDGE('',*,*,#1975,.F.);
#1975 = EDGE_CURVE('',#511,#1968,#1976,.T.);
#1976 = LINE('',#1977,#1978);
#1977 = CARTESIAN_POINT('',(70.61199999999,38.608,1.524));
#1978 = VECTOR('',#1979,1.);
#1979 = DIRECTION('',(-8.7793E-13,-0.258819045103,0.965925826289));
#1980 = ORIENTED_EDGE('',*,*,#533,.T.);
#1981 = ORIENTED_EDGE('',*,*,#1925,.F.);
#1982 = PLANE('',#1983);
#1983 = AXIS2_PLACEMENT_3D('',#1984,#1985,#1986);
#1984 = CARTESIAN_POINT('',(-71.628,38.608,1.524));
#1985 = DIRECTION('',(0.,-0.965925826289,-0.258819045103));
#1986 = DIRECTION('',(0.,-0.258819045103,0.965925826289));
#1987 = ADVANCED_FACE('',(#1988),#2007,.F.);
#1988 = FACE_BOUND('',#1989,.T.);
#1989 = EDGE_LOOP('',(#1990,#1991,#1999,#2006));
#1990 = ORIENTED_EDGE('',*,*,#1943,.T.);
#1991 = ORIENTED_EDGE('',*,*,#1992,.T.);
#1992 = EDGE_CURVE('',#1944,#1993,#1995,.T.);
#1993 = VERTEX_POINT('',#1994);
#1994 = CARTESIAN_POINT('',(64.76999999997,-44.70399999996,2.032));
#1995 = LINE('',#1996,#1997);
#1996 = CARTESIAN_POINT('',(-64.76999999997,-44.70399999996,2.032));
#1997 = VECTOR('',#1998,1.);
#1998 = DIRECTION('',(1.,0.,0.));
#1999 = ORIENTED_EDGE('',*,*,#2000,.F.);
#2000 = EDGE_CURVE('',#436,#1993,#2001,.T.);
#2001 = CIRCLE('',#2002,0.508);
#2002 = AXIS2_PLACEMENT_3D('',#2003,#2004,#2005);
#2003 = CARTESIAN_POINT('',(64.76999999997,-44.19599999996,2.032));
#2004 = DIRECTION('',(-1.,-0.,-0.));
#2005 = DIRECTION('',(0.,0.,-1.));
#2006 = ORIENTED_EDGE('',*,*,#435,.F.);
#2007 = CYLINDRICAL_SURFACE('',#2008,0.508);
#2008 = AXIS2_PLACEMENT_3D('',#2009,#2010,#2011);
#2009 = CARTESIAN_POINT('',(-64.76999999997,-44.19599999996,2.032));
#2010 = DIRECTION('',(1.,0.,0.));
#2011 = DIRECTION('',(0.,0.,-1.));
#2012 = ADVANCED_FACE('',(#2013),#2049,.T.);
#2013 = FACE_BOUND('',#2014,.T.);
#2014 = EDGE_LOOP('',(#2015,#2016,#2028));
#2015 = ORIENTED_EDGE('',*,*,#510,.F.);
#2016 = ORIENTED_EDGE('',*,*,#2017,.T.);
#2017 = EDGE_CURVE('',#503,#2018,#2020,.T.);
#2018 = VERTEX_POINT('',#2019);
#2019 = CARTESIAN_POINT('',(70.10399999999,37.945961510596,2.032));
#2020 = B_SPLINE_CURVE_WITH_KNOTS('',6,(#2021,#2022,#2023,#2024,#2025,
    #2026,#2027),.UNSPECIFIED.,.F.,.F.,(7,7),(0.,1.),
  .PIECEWISE_BEZIER_KNOTS.);
#2021 = CARTESIAN_POINT('',(69.59599999999,37.945961510596,1.524));
#2022 = CARTESIAN_POINT('',(69.728994088992,37.945961510596,1.524));
#2023 = CARTESIAN_POINT('',(69.861976862348,37.945961510596,
    1.565771664498));
#2024 = CARTESIAN_POINT('',(69.978620596007,37.945961510597,
    1.649379403983));
#2025 = CARTESIAN_POINT('',(70.062228335491,37.945961510596,
    1.766023137642));
#2026 = CARTESIAN_POINT('',(70.10399999999,37.945961510596,
    1.899005910998));
#2027 = CARTESIAN_POINT('',(70.10399999999,37.945961510596,2.032));
#2028 = ORIENTED_EDGE('',*,*,#2029,.T.);
#2029 = EDGE_CURVE('',#2018,#511,#2030,.T.);
#2030 = B_SPLINE_CURVE_WITH_KNOTS('',5,(#2031,#2032,#2033,#2034,#2035,
    #2036,#2037,#2038,#2039,#2040,#2041,#2042,#2043,#2044,#2045,#2046,
    #2047,#2048),.UNSPECIFIED.,.F.,.F.,(6,4,4,4,6),(0.,0.125,0.25,0.5,1.
    ),.UNSPECIFIED.);
#2031 = CARTESIAN_POINT('',(70.10399999999,37.945961510596,2.032));
#2032 = CARTESIAN_POINT('',(70.10399999999,37.969514578634,
    2.021176208596));
#2033 = CARTESIAN_POINT('',(70.104979254939,37.9930677061,2.010352433114
    ));
#2034 = CARTESIAN_POINT('',(70.106937746487,38.016558747252,
    1.999512021655));
#2035 = CARTESIAN_POINT('',(70.109869198598,38.039926151678,
    1.988638481836));
#2036 = CARTESIAN_POINT('',(70.117652956493,38.08629177691,
    1.966792479743));
#2037 = CARTESIAN_POINT('',(70.122505286283,38.109290114286,
    1.955820048706));
#2038 = CARTESIAN_POINT('',(70.128305497196,38.132043028252,
    1.944781856664));
#2039 = CARTESIAN_POINT('',(70.135035002306,38.154491333744,
    1.933662045027));
#2040 = CARTESIAN_POINT('',(70.157937587815,38.220750158916,
    1.900011592828));
#2041 = CARTESIAN_POINT('',(70.176824764019,38.263474844876,
    1.877190003999));
#2042 = CARTESIAN_POINT('',(70.199134830544,38.304293912151,
    1.853857806181));
#2043 = CARTESIAN_POINT('',(70.224577448491,38.342787643881,
    1.829902536582));
#2044 = CARTESIAN_POINT('',(70.309214368463,38.450242856186,
    1.755886172152));
#2045 = CARTESIAN_POINT('',(70.376716336608,38.511181488229,
    1.703675361537));
#2046 = CARTESIAN_POINT('',(70.452405828968,38.558599639108,
    1.647841748912));
#2047 = CARTESIAN_POINT('',(70.532203546589,38.590865183035,
    1.587948007491));
#2048 = CARTESIAN_POINT('',(70.61199999999,38.608,1.524));
#2049 = B_SPLINE_SURFACE_WITH_KNOTS('',6,5,(
    (#2050,#2051,#2052,#2053,#2054,#2055,#2056,#2057,#2058,#2059,#2060
      ,#2061,#2062,#2063,#2064,#2065,#2066,#2067)
    ,(#2068,#2069,#2070,#2071,#2072,#2073,#2074,#2075,#2076,#2077,#2078
      ,#2079,#2080,#2081,#2082,#2083,#2084,#2085)
    ,(#2086,#2087,#2088,#2089,#2090,#2091,#2092,#2093,#2094,#2095,#2096
      ,#2097,#2098,#2099,#2100,#2101,#2102,#2103)
    ,(#2104,#2105,#2106,#2107,#2108,#2109,#2110,#2111,#2112,#2113,#2114
      ,#2115,#2116,#2117,#2118,#2119,#2120,#2121)
    ,(#2122,#2123,#2124,#2125,#2126,#2127,#2128,#2129,#2130,#2131,#2132
      ,#2133,#2134,#2135,#2136,#2137,#2138,#2139)
    ,(#2140,#2141,#2142,#2143,#2144,#2145,#2146,#2147,#2148,#2149,#2150
      ,#2151,#2152,#2153,#2154,#2155,#2156,#2157)
    ,(#2158,#2159,#2160,#2161,#2162,#2163,#2164,#2165,#2166,#2167,#2168
      ,#2169,#2170,#2171,#2172,#2173,#2174,#2175
  )),.UNSPECIFIED.,.F.,.F.,.F.,(7,7),(6,4,4,4,6),(0.,1.),(0.,0.125,0.25,
    0.5,1.),.UNSPECIFIED.);
#2050 = CARTESIAN_POINT('',(69.59599999999,37.945961510596,1.524));
#2051 = CARTESIAN_POINT('',(69.59599999999,37.978887217754,1.524));
#2052 = CARTESIAN_POINT('',(69.600215233962,38.011718873098,1.524));
#2053 = CARTESIAN_POINT('',(69.60825805138,38.043864045416,1.524));
#2054 = CARTESIAN_POINT('',(69.619585052965,38.07492636661,1.524));
#2055 = CARTESIAN_POINT('',(69.647409128408,38.13448469678,1.524));
#2056 = CARTESIAN_POINT('',(69.663982559895,38.163073313425,1.524));
#2057 = CARTESIAN_POINT('',(69.682620314366,38.190316013757,1.524));
#2058 = CARTESIAN_POINT('',(69.702912242166,38.216210912483,1.524));
#2059 = CARTESIAN_POINT('',(69.768080859936,38.290306995698,1.524));
#2060 = CARTESIAN_POINT('',(69.817188566391,38.334784021175,1.524));
#2061 = CARTESIAN_POINT('',(69.869650891598,38.37469441394,1.524));
#2062 = CARTESIAN_POINT('',(69.924977893742,38.410643784345,1.524));
#2063 = CARTESIAN_POINT('',(70.097302531244,38.506710278303,1.524));
#2064 = CARTESIAN_POINT('',(70.220865880398,38.555219596098,1.524));
#2065 = CARTESIAN_POINT('',(70.348878127476,38.589490950058,1.524));
#2066 = CARTESIAN_POINT('',(70.480445383463,38.608,1.524));
#2067 = CARTESIAN_POINT('',(70.61199999999,38.608,1.524));
#2068 = CARTESIAN_POINT('',(69.728994088992,37.945961510596,1.524));
#2069 = CARTESIAN_POINT('',(69.727785903433,37.977325111234,1.524));
#2070 = CARTESIAN_POINT('',(69.73025362201,38.008610345265,1.524));
#2071 = CARTESIAN_POINT('',(69.736074199558,38.039313162388,1.524));
#2072 = CARTESIAN_POINT('',(69.744793757339,38.069092997455,1.524));
#2073 = CARTESIAN_POINT('',(69.766861408741,38.126452543469,1.524));
#2074 = CARTESIAN_POINT('',(69.780273137719,38.154109446901,1.524));
#2075 = CARTESIAN_POINT('',(69.79556311604,38.180603849506,1.524));
#2076 = CARTESIAN_POINT('',(69.812386454499,38.205924316027,1.524));
#2077 = CARTESIAN_POINT('',(69.866886176884,38.278714189568,1.524));
#2078 = CARTESIAN_POINT('',(69.90854075718,38.322899158458,1.524));
#2079 = CARTESIAN_POINT('',(69.953561334823,38.362960996975,1.524));
#2080 = CARTESIAN_POINT('',(70.001491235152,38.399334427601,1.524));
#2081 = CARTESIAN_POINT('',(70.151952139714,38.497299041283,1.524));
#2082 = CARTESIAN_POINT('',(70.261339183134,38.547879911453,1.524));
#2083 = CARTESIAN_POINT('',(70.375798228859,38.584342398233,1.524));
#2084 = CARTESIAN_POINT('',(70.493904486217,38.605144197172,1.524));
#2085 = CARTESIAN_POINT('',(70.61199999999,38.608,1.524));
#2086 = CARTESIAN_POINT('',(69.861976862348,37.945961510596,
    1.565771664498));
#2087 = CARTESIAN_POINT('',(69.860051861056,37.975763004714,
    1.564985190355));
#2088 = CARTESIAN_POINT('',(69.863845458146,38.005328778374,
    1.567706976191));
#2089 = CARTESIAN_POINT('',(69.868445190841,38.034348934504,
    1.568374688961));
#2090 = CARTESIAN_POINT('',(69.875157274386,38.062608487675,
    1.568859779897));
#2091 = CARTESIAN_POINT('',(69.892118585251,38.117366240504,
    1.569484180806));
#2092 = CARTESIAN_POINT('',(69.902405017233,38.143914532482,
    1.569623672515));
#2093 = CARTESIAN_POINT('',(69.914201833148,38.169534634682,
    1.56959978507));
#2094 = CARTESIAN_POINT('',(69.927301330086,38.194207300473,
    1.569420816115));
#2095 = CARTESIAN_POINT('',(69.970147824341,38.265560324851,
    1.568440461798));
#2096 = CARTESIAN_POINT('',(70.003412368015,38.309504869822,
    1.567196003869));
#2097 = CARTESIAN_POINT('',(70.04015584052,38.349841824275,
    1.565419181097));
#2098 = CARTESIAN_POINT('',(70.079980773748,38.386723352742,
    1.563166821901));
#2099 = CARTESIAN_POINT('',(70.206956726183,38.486709754188,
    1.555187016283));
#2100 = CARTESIAN_POINT('',(70.301726039967,38.539260065362,
    1.548239600585));
#2101 = CARTESIAN_POINT('',(70.402848066338,38.577415195663,
    1.540194262019));
#2102 = CARTESIAN_POINT('',(70.513785150268,38.600487026306,
    1.539249198042));
#2103 = CARTESIAN_POINT('',(70.61199999999,38.608,1.524));
#2104 = CARTESIAN_POINT('',(69.978620596007,37.945961510597,
    1.649379403983));
#2105 = CARTESIAN_POINT('',(69.976344718833,37.974200898194,
    1.647436797548));
#2106 = CARTESIAN_POINT('',(69.975933253003,38.002327192313,
    1.645827987573));
#2107 = CARTESIAN_POINT('',(69.977895741439,38.030070039426,
    1.643898882511));
#2108 = CARTESIAN_POINT('',(69.981790016871,38.057235065585,
    1.641882049667));
#2109 = CARTESIAN_POINT('',(69.992885865769,38.110172687244,
    1.637679901754));
#2110 = CARTESIAN_POINT('',(70.000117686179,38.135993100978,
    1.635494987781));
#2111 = CARTESIAN_POINT('',(70.00879269957,38.161065817482,1.63322881604
    ));
#2112 = CARTESIAN_POINT('',(70.018739969476,38.185359436204,
    1.630881528783));
#2113 = CARTESIAN_POINT('',(70.052095038875,38.256012496107,
    1.623589427255));
#2114 = CARTESIAN_POINT('',(70.078990828032,38.300079490197,
    1.618395199463));
#2115 = CARTESIAN_POINT('',(70.109513223825,38.34097708673,
    1.612850549888));
#2116 = CARTESIAN_POINT('',(70.143263108785,38.378678835946,
    1.606931521452));
#2117 = CARTESIAN_POINT('',(70.252424588579,38.481519014265,
    1.588040557286));
#2118 = CARTESIAN_POINT('',(70.335856889545,38.536502131931,
    1.57394073993));
#2119 = CARTESIAN_POINT('',(70.425965426964,38.576498931957,
    1.558276296623));
#2120 = CARTESIAN_POINT('',(70.518293933036,38.60051995852,
    1.542323693722));
#2121 = CARTESIAN_POINT('',(70.61199999999,38.608,1.524));
#2122 = CARTESIAN_POINT('',(70.062228335491,37.945961510596,
    1.766023137642));
#2123 = CARTESIAN_POINT('',(70.059333350471,37.972638791674,
    1.761700571965));
#2124 = CARTESIAN_POINT('',(70.054930871342,37.999340294537,
    1.754297091256));
#2125 = CARTESIAN_POINT('',(70.054456070944,38.025822556994,
    1.748540833814));
#2126 = CARTESIAN_POINT('',(70.055860878099,38.051904130952,
    1.742857089846));
#2127 = CARTESIAN_POINT('',(70.06195808543,38.103027033894,1.73161685752
    ));
#2128 = CARTESIAN_POINT('',(70.066675540138,38.128113583446,
    1.726060903958));
#2129 = CARTESIAN_POINT('',(70.072855537522,38.152622267731,
    1.720559021431));
#2130 = CARTESIAN_POINT('',(70.080348209307,38.176509724581,
    1.715097865051));
#2131 = CARTESIAN_POINT('',(70.106483963295,38.246357129852,
    1.698786779722));
#2132 = CARTESIAN_POINT('',(70.128763450935,38.290442986755,
    1.68801033623));
#2133 = CARTESIAN_POINT('',(70.154957862605,38.331782810588,
    1.677199769637));
#2134 = CARTESIAN_POINT('',(70.184620052485,38.370198069853,
    1.666214860684));
#2135 = CARTESIAN_POINT('',(70.282089256779,38.475652175004,
    1.632397954258));
#2136 = CARTESIAN_POINT('',(70.358479850921,38.533010511885,
    1.60871177353));
#2137 = CARTESIAN_POINT('',(70.441790644188,38.5750374155,1.582939424866
    ));
#2138 = CARTESIAN_POINT('',(70.520142834023,38.600311253622,
    1.548431591629));
#2139 = CARTESIAN_POINT('',(70.61199999999,38.608,1.524));
#2140 = CARTESIAN_POINT('',(70.10399999999,37.945961510596,
    1.899005910998));
#2141 = CARTESIAN_POINT('',(70.101907306338,37.971076685154,
    1.891194270386));
#2142 = CARTESIAN_POINT('',(70.101111338521,37.996102792504,
    1.883362964472));
#2143 = CARTESIAN_POINT('',(70.10157914466,38.020952567048,1.87551506742
    ));
#2144 = CARTESIAN_POINT('',(70.103270916253,38.045547083545,
    1.867647132362));
#2145 = CARTESIAN_POINT('',(70.109009060091,38.094084430664,
    1.851851250422));
#2146 = CARTESIAN_POINT('',(70.113059352087,38.118044410945,
    1.843923763086));
#2147 = CARTESIAN_POINT('',(70.118246086767,38.141628855256,
    1.835955757388));
#2148 = CARTESIAN_POINT('',(70.124527642091,38.164787166967,
    1.827933760197));
#2149 = CARTESIAN_POINT('',(70.146541369945,38.232880652602,
    1.803657871335));
#2150 = CARTESIAN_POINT('',(70.165438573964,38.276415326672,
    1.787195031094));
#2151 = CARTESIAN_POINT('',(70.188204601519,38.317675022099,
    1.770326549754));
#2152 = CARTESIAN_POINT('',(70.214457614063,38.356278247106,
    1.752923161433));
#2153 = CARTESIAN_POINT('',(70.302138222104,38.463034589895,
    1.698813309218));
#2154 = CARTESIAN_POINT('',(70.372521612739,38.522189605949,
    1.660214194927));
#2155 = CARTESIAN_POINT('',(70.45086722919,38.566474454681,
    1.618266473129));
#2156 = CARTESIAN_POINT('',(70.532043852735,38.594929171421,
    1.572780996354));
#2157 = CARTESIAN_POINT('',(70.61199999999,38.608,1.524));
#2158 = CARTESIAN_POINT('',(70.10399999999,37.945961510596,2.032));
#2159 = CARTESIAN_POINT('',(70.10399999999,37.969514578634,
    2.021176208596));
#2160 = CARTESIAN_POINT('',(70.104979254939,37.9930677061,2.010352433114
    ));
#2161 = CARTESIAN_POINT('',(70.106937746487,38.016558747252,
    1.999512021655));
#2162 = CARTESIAN_POINT('',(70.109869198598,38.039926151678,
    1.988638481836));
#2163 = CARTESIAN_POINT('',(70.117652956493,38.08629177691,
    1.966792479743));
#2164 = CARTESIAN_POINT('',(70.122505286283,38.109290114286,
    1.955820048706));
#2165 = CARTESIAN_POINT('',(70.128305497196,38.132043028252,
    1.944781856664));
#2166 = CARTESIAN_POINT('',(70.135035002306,38.154491333744,
    1.933662045027));
#2167 = CARTESIAN_POINT('',(70.157937587815,38.220750158916,
    1.900011592828));
#2168 = CARTESIAN_POINT('',(70.176824764019,38.263474844876,
    1.877190003999));
#2169 = CARTESIAN_POINT('',(70.199134830544,38.304293912151,
    1.853857806181));
#2170 = CARTESIAN_POINT('',(70.224577448491,38.342787643881,
    1.829902536582));
#2171 = CARTESIAN_POINT('',(70.309214368463,38.450242856186,
    1.755886172152));
#2172 = CARTESIAN_POINT('',(70.376716336608,38.511181488229,
    1.703675361537));
#2173 = CARTESIAN_POINT('',(70.452405828968,38.558599639108,
    1.647841748912));
#2174 = CARTESIAN_POINT('',(70.532203546589,38.590865183035,
    1.587948007491));
#2175 = CARTESIAN_POINT('',(70.61199999999,38.608,1.524));
#2176 = ADVANCED_FACE('',(#2177),#2197,.F.);
#2177 = FACE_BOUND('',#2178,.F.);
#2178 = EDGE_LOOP('',(#2179,#2180,#2181,#2190));
#2179 = ORIENTED_EDGE('',*,*,#2000,.F.);
#2180 = ORIENTED_EDGE('',*,*,#443,.T.);
#2181 = ORIENTED_EDGE('',*,*,#2182,.T.);
#2182 = EDGE_CURVE('',#444,#2183,#2185,.T.);
#2183 = VERTEX_POINT('',#2184);
#2184 = CARTESIAN_POINT('',(70.10399999997,-39.36999999996,2.032));
#2185 = CIRCLE('',#2186,0.508);
#2186 = AXIS2_PLACEMENT_3D('',#2187,#2188,#2189);
#2187 = CARTESIAN_POINT('',(69.59599999997,-39.36999999996,2.032));
#2188 = DIRECTION('',(1.0741E-13,-1.,0.));
#2189 = DIRECTION('',(1.,1.0741E-13,0.));
#2190 = ORIENTED_EDGE('',*,*,#2191,.F.);
#2191 = EDGE_CURVE('',#1993,#2183,#2192,.T.);
#2192 = CIRCLE('',#2193,5.334);
#2193 = AXIS2_PLACEMENT_3D('',#2194,#2195,#2196);
#2194 = CARTESIAN_POINT('',(64.76999999997,-39.36999999996,2.032));
#2195 = DIRECTION('',(-0.,0.,1.));
#2196 = DIRECTION('',(0.,-1.,0.));
#2197 = TOROIDAL_SURFACE('',#2198,4.826,0.508);
#2198 = AXIS2_PLACEMENT_3D('',#2199,#2200,#2201);
#2199 = CARTESIAN_POINT('',(64.76999999997,-39.36999999996,2.032));
#2200 = DIRECTION('',(0.,0.,1.));
#2201 = DIRECTION('',(0.,-1.,0.));
#2202 = ADVANCED_FACE('',(#2203),#2222,.F.);
#2203 = FACE_BOUND('',#2204,.T.);
#2204 = EDGE_LOOP('',(#2205,#2214,#2220,#2221));
#2205 = ORIENTED_EDGE('',*,*,#2206,.T.);
#2206 = EDGE_CURVE('',#495,#2207,#2209,.T.);
#2207 = VERTEX_POINT('',#2208);
#2208 = CARTESIAN_POINT('',(70.10399999999,34.798,2.032));
#2209 = CIRCLE('',#2210,0.508);
#2210 = AXIS2_PLACEMENT_3D('',#2211,#2212,#2213);
#2211 = CARTESIAN_POINT('',(69.59599999999,34.798,2.032));
#2212 = DIRECTION('',(2.792E-14,-1.,0.));
#2213 = DIRECTION('',(1.,2.792E-14,0.));
#2214 = ORIENTED_EDGE('',*,*,#2215,.T.);
#2215 = EDGE_CURVE('',#2207,#2018,#2216,.T.);
#2216 = LINE('',#2217,#2218);
#2217 = CARTESIAN_POINT('',(70.10399999999,34.29,2.032));
#2218 = VECTOR('',#2219,1.);
#2219 = DIRECTION('',(0.,1.,0.));
#2220 = ORIENTED_EDGE('',*,*,#2017,.F.);
#2221 = ORIENTED_EDGE('',*,*,#502,.F.);
#2222 = CYLINDRICAL_SURFACE('',#2223,0.508);
#2223 = AXIS2_PLACEMENT_3D('',#2224,#2225,#2226);
#2224 = CARTESIAN_POINT('',(69.59599999999,34.29,2.032));
#2225 = DIRECTION('',(0.,1.,0.));
#2226 = DIRECTION('',(0.,0.,-1.));
#2227 = ADVANCED_FACE('',(#2228),#2247,.F.);
#2228 = FACE_BOUND('',#2229,.T.);
#2229 = EDGE_LOOP('',(#2230,#2231,#2239,#2246));
#2230 = ORIENTED_EDGE('',*,*,#2182,.T.);
#2231 = ORIENTED_EDGE('',*,*,#2232,.T.);
#2232 = EDGE_CURVE('',#2183,#2233,#2235,.T.);
#2233 = VERTEX_POINT('',#2234);
#2234 = CARTESIAN_POINT('',(70.103999999991,-34.798,2.032));
#2235 = LINE('',#2236,#2237);
#2236 = CARTESIAN_POINT('',(70.103999999991,-39.36999999996,2.032));
#2237 = VECTOR('',#2238,1.);
#2238 = DIRECTION('',(0.,1.,0.));
#2239 = ORIENTED_EDGE('',*,*,#2240,.T.);
#2240 = EDGE_CURVE('',#2233,#453,#2241,.T.);
#2241 = CIRCLE('',#2242,0.508);
#2242 = AXIS2_PLACEMENT_3D('',#2243,#2244,#2245);
#2243 = CARTESIAN_POINT('',(69.595999999991,-34.798,2.032));
#2244 = DIRECTION('',(-2.311E-14,1.,2.7E-16));
#2245 = DIRECTION('',(9.1509E-13,2.700000000211E-16,-1.));
#2246 = ORIENTED_EDGE('',*,*,#452,.F.);
#2247 = CYLINDRICAL_SURFACE('',#2248,0.508);
#2248 = AXIS2_PLACEMENT_3D('',#2249,#2250,#2251);
#2249 = CARTESIAN_POINT('',(69.595999999991,-39.36999999996,2.032));
#2250 = DIRECTION('',(0.,1.,0.));
#2251 = DIRECTION('',(0.,0.,-1.));
#2252 = ADVANCED_FACE('',(#2253),#2280,.F.);
#2253 = FACE_BOUND('',#2254,.T.);
#2254 = EDGE_LOOP('',(#2255,#2264,#2272,#2279));
#2255 = ORIENTED_EDGE('',*,*,#2256,.T.);
#2256 = EDGE_CURVE('',#486,#2257,#2259,.T.);
#2257 = VERTEX_POINT('',#2258);
#2258 = CARTESIAN_POINT('',(66.802,34.29,2.032));
#2259 = CIRCLE('',#2260,0.508);
#2260 = AXIS2_PLACEMENT_3D('',#2261,#2262,#2263);
#2261 = CARTESIAN_POINT('',(66.802,34.798,2.032));
#2262 = DIRECTION('',(-1.,0.,0.));
#2263 = DIRECTION('',(0.,1.,0.));
#2264 = ORIENTED_EDGE('',*,*,#2265,.T.);
#2265 = EDGE_CURVE('',#2257,#2266,#2268,.T.);
#2266 = VERTEX_POINT('',#2267);
#2267 = CARTESIAN_POINT('',(69.59599999999,34.29,2.032));
#2268 = LINE('',#2269,#2270);
#2269 = CARTESIAN_POINT('',(66.294,34.29,2.032));
#2270 = VECTOR('',#2271,1.);
#2271 = DIRECTION('',(1.,0.,0.));
#2272 = ORIENTED_EDGE('',*,*,#2273,.F.);
#2273 = EDGE_CURVE('',#495,#2266,#2274,.T.);
#2274 = CIRCLE('',#2275,0.508);
#2275 = AXIS2_PLACEMENT_3D('',#2276,#2277,#2278);
#2276 = CARTESIAN_POINT('',(69.59599999999,34.798,2.032));
#2277 = DIRECTION('',(-1.,0.,0.));
#2278 = DIRECTION('',(0.,-1.,0.));
#2279 = ORIENTED_EDGE('',*,*,#494,.F.);
#2280 = CYLINDRICAL_SURFACE('',#2281,0.508);
#2281 = AXIS2_PLACEMENT_3D('',#2282,#2283,#2284);
#2282 = CARTESIAN_POINT('',(66.294,34.798,2.032));
#2283 = DIRECTION('',(1.,0.,0.));
#2284 = DIRECTION('',(0.,0.,-1.));
#2285 = ADVANCED_FACE('',(#2286),#2313,.F.);
#2286 = FACE_BOUND('',#2287,.T.);
#2287 = EDGE_LOOP('',(#2288,#2289,#2298,#2306));
#2288 = ORIENTED_EDGE('',*,*,#460,.F.);
#2289 = ORIENTED_EDGE('',*,*,#2290,.F.);
#2290 = EDGE_CURVE('',#2291,#453,#2293,.T.);
#2291 = VERTEX_POINT('',#2292);
#2292 = CARTESIAN_POINT('',(69.595999999992,-34.29,2.032));
#2293 = CIRCLE('',#2294,0.508);
#2294 = AXIS2_PLACEMENT_3D('',#2295,#2296,#2297);
#2295 = CARTESIAN_POINT('',(69.595999999991,-34.798,2.032));
#2296 = DIRECTION('',(-1.,-2.311E-14,-9.1509E-13));
#2297 = DIRECTION('',(-2.311000000084E-14,1.,9.1703E-13));
#2298 = ORIENTED_EDGE('',*,*,#2299,.T.);
#2299 = EDGE_CURVE('',#2291,#2300,#2302,.T.);
#2300 = VERTEX_POINT('',#2301);
#2301 = CARTESIAN_POINT('',(66.802,-34.29,2.032));
#2302 = LINE('',#2303,#2304);
#2303 = CARTESIAN_POINT('',(70.104,-34.29,2.032));
#2304 = VECTOR('',#2305,1.);
#2305 = DIRECTION('',(-1.,-0.,-0.));
#2306 = ORIENTED_EDGE('',*,*,#2307,.F.);
#2307 = EDGE_CURVE('',#461,#2300,#2308,.T.);
#2308 = CIRCLE('',#2309,0.508);
#2309 = AXIS2_PLACEMENT_3D('',#2310,#2311,#2312);
#2310 = CARTESIAN_POINT('',(66.802,-34.798,2.032));
#2311 = DIRECTION('',(1.,0.,0.));
#2312 = DIRECTION('',(0.,-1.,0.));
#2313 = CYLINDRICAL_SURFACE('',#2314,0.508);
#2314 = AXIS2_PLACEMENT_3D('',#2315,#2316,#2317);
#2315 = CARTESIAN_POINT('',(70.104,-34.798,2.032));
#2316 = DIRECTION('',(-1.,-0.,-0.));
#2317 = DIRECTION('',(0.,0.,-1.));
#2318 = ADVANCED_FACE('',(#2319),#2339,.F.);
#2319 = FACE_BOUND('',#2320,.T.);
#2320 = EDGE_LOOP('',(#2321,#2322,#2323,#2332));
#2321 = ORIENTED_EDGE('',*,*,#2256,.F.);
#2322 = ORIENTED_EDGE('',*,*,#485,.T.);
#2323 = ORIENTED_EDGE('',*,*,#2324,.T.);
#2324 = EDGE_CURVE('',#478,#2325,#2327,.T.);
#2325 = VERTEX_POINT('',#2326);
#2326 = CARTESIAN_POINT('',(66.294,33.782,2.032));
#2327 = CIRCLE('',#2328,0.508);
#2328 = AXIS2_PLACEMENT_3D('',#2329,#2330,#2331);
#2329 = CARTESIAN_POINT('',(65.786,33.782,2.032));
#2330 = DIRECTION('',(-6.E-17,-1.,-0.));
#2331 = DIRECTION('',(-1.,6.E-17,0.));
#2332 = ORIENTED_EDGE('',*,*,#2333,.F.);
#2333 = EDGE_CURVE('',#2257,#2325,#2334,.T.);
#2334 = CIRCLE('',#2335,0.508);
#2335 = AXIS2_PLACEMENT_3D('',#2336,#2337,#2338);
#2336 = CARTESIAN_POINT('',(66.802,33.782,2.032));
#2337 = DIRECTION('',(0.,-0.,1.));
#2338 = DIRECTION('',(0.,1.,0.));
#2339 = TOROIDAL_SURFACE('',#2340,1.016,0.508);
#2340 = AXIS2_PLACEMENT_3D('',#2341,#2342,#2343);
#2341 = CARTESIAN_POINT('',(66.802,33.782,2.032));
#2342 = DIRECTION('',(-0.,-0.,-1.));
#2343 = DIRECTION('',(0.,1.,0.));
#2344 = ADVANCED_FACE('',(#2345),#2365,.F.);
#2345 = FACE_BOUND('',#2346,.F.);
#2346 = EDGE_LOOP('',(#2347,#2348,#2349,#2358));
#2347 = ORIENTED_EDGE('',*,*,#2307,.F.);
#2348 = ORIENTED_EDGE('',*,*,#468,.T.);
#2349 = ORIENTED_EDGE('',*,*,#2350,.T.);
#2350 = EDGE_CURVE('',#469,#2351,#2353,.T.);
#2351 = VERTEX_POINT('',#2352);
#2352 = CARTESIAN_POINT('',(66.294,-33.782,2.032));
#2353 = CIRCLE('',#2354,0.508);
#2354 = AXIS2_PLACEMENT_3D('',#2355,#2356,#2357);
#2355 = CARTESIAN_POINT('',(65.786,-33.782,2.032));
#2356 = DIRECTION('',(6.E-17,-1.,0.));
#2357 = DIRECTION('',(-1.,-6.E-17,0.));
#2358 = ORIENTED_EDGE('',*,*,#2359,.F.);
#2359 = EDGE_CURVE('',#2300,#2351,#2360,.T.);
#2360 = CIRCLE('',#2361,0.508);
#2361 = AXIS2_PLACEMENT_3D('',#2362,#2363,#2364);
#2362 = CARTESIAN_POINT('',(66.802,-33.782,2.032));
#2363 = DIRECTION('',(-0.,-0.,-1.));
#2364 = DIRECTION('',(0.,-1.,0.));
#2365 = TOROIDAL_SURFACE('',#2366,1.016,0.508);
#2366 = AXIS2_PLACEMENT_3D('',#2367,#2368,#2369);
#2367 = CARTESIAN_POINT('',(66.802,-33.782,2.032));
#2368 = DIRECTION('',(-0.,-0.,-1.));
#2369 = DIRECTION('',(0.,-1.,0.));
#2370 = ADVANCED_FACE('',(#2371),#2382,.F.);
#2371 = FACE_BOUND('',#2372,.T.);
#2372 = EDGE_LOOP('',(#2373,#2374,#2380,#2381));
#2373 = ORIENTED_EDGE('',*,*,#2350,.T.);
#2374 = ORIENTED_EDGE('',*,*,#2375,.T.);
#2375 = EDGE_CURVE('',#2351,#2325,#2376,.T.);
#2376 = LINE('',#2377,#2378);
#2377 = CARTESIAN_POINT('',(66.294,-34.29,2.032));
#2378 = VECTOR('',#2379,1.);
#2379 = DIRECTION('',(0.,1.,0.));
#2380 = ORIENTED_EDGE('',*,*,#2324,.F.);
#2381 = ORIENTED_EDGE('',*,*,#477,.F.);
#2382 = CYLINDRICAL_SURFACE('',#2383,0.508);
#2383 = AXIS2_PLACEMENT_3D('',#2384,#2385,#2386);
#2384 = CARTESIAN_POINT('',(65.786,-34.29,2.032));
#2385 = DIRECTION('',(0.,1.,0.));
#2386 = DIRECTION('',(0.,0.,-1.));
#2387 = ADVANCED_FACE('',(#2388),#2399,.T.);
#2388 = FACE_BOUND('',#2389,.T.);
#2389 = EDGE_LOOP('',(#2390,#2391,#2392));
#2390 = ORIENTED_EDGE('',*,*,#633,.F.);
#2391 = ORIENTED_EDGE('',*,*,#599,.T.);
#2392 = ORIENTED_EDGE('',*,*,#2393,.F.);
#2393 = EDGE_CURVE('',#626,#600,#2394,.T.);
#2394 = CIRCLE('',#2395,0.508);
#2395 = AXIS2_PLACEMENT_3D('',#2396,#2397,#2398);
#2396 = CARTESIAN_POINT('',(-71.12,34.57703631416,14.605));
#2397 = DIRECTION('',(1.,0.,-0.));
#2398 = DIRECTION('',(0.,0.965925826289,0.258819045103));
#2399 = SPHERICAL_SURFACE('',#2400,0.508);
#2400 = AXIS2_PLACEMENT_3D('',#2401,#2402,#2403);
#2401 = CARTESIAN_POINT('',(-71.12,34.57703631416,14.605));
#2402 = DIRECTION('',(1.,0.,0.));
#2403 = DIRECTION('',(-0.,0.965925826289,0.258819045103));
#2404 = ADVANCED_FACE('',(#2405),#2457,.T.);
#2405 = FACE_BOUND('',#2406,.T.);
#2406 = EDGE_LOOP('',(#2407,#2408,#2416,#2435,#2450,#2456));
#2407 = ORIENTED_EDGE('',*,*,#1387,.T.);
#2408 = ORIENTED_EDGE('',*,*,#2409,.F.);
#2409 = EDGE_CURVE('',#2410,#1388,#2412,.T.);
#2410 = VERTEX_POINT('',#2411);
#2411 = CARTESIAN_POINT('',(-70.61199999997,34.440918124405,15.113));
#2412 = LINE('',#2413,#2414);
#2413 = CARTESIAN_POINT('',(-70.61199999997,34.440918124405,15.113));
#2414 = VECTOR('',#2415,1.);
#2415 = DIRECTION('',(-2.311E-14,-1.,0.));
#2416 = ORIENTED_EDGE('',*,*,#2417,.F.);
#2417 = EDGE_CURVE('',#2418,#2410,#2420,.T.);
#2418 = VERTEX_POINT('',#2419);
#2419 = CARTESIAN_POINT('',(-70.59756904539,34.45677644347,15.113));
#2420 = ( BOUNDED_CURVE() B_SPLINE_CURVE(7,(#2421,#2422,#2423,#2424,
    #2425,#2426,#2427,#2428,#2429,#2430,#2431,#2432,#2433,#2434),
.UNSPECIFIED.,.F.,.F.) B_SPLINE_CURVE_WITH_KNOTS((8,6,8),(0.79275441382,
0.81119480186,0.973434012254),.UNSPECIFIED.) CURVE() 
GEOMETRIC_REPRESENTATION_ITEM() RATIONAL_B_SPLINE_CURVE((1.,1.,1.,1.,1.,
1.,1.,1.,1.,1.,1.,1.,1.,1.)) REPRESENTATION_ITEM('') );
#2421 = CARTESIAN_POINT('',(-70.59756904539,34.45677644347,15.113));
#2422 = CARTESIAN_POINT('',(-70.59753807633,34.456394214801,15.113));
#2423 = CARTESIAN_POINT('',(-70.59751790813,34.456017537969,15.113));
#2424 = CARTESIAN_POINT('',(-70.59750852903,34.455646416605,15.113));
#2425 = CARTESIAN_POINT('',(-70.59750992731,34.455280854341,15.113));
#2426 = CARTESIAN_POINT('',(-70.59752209122,34.454920854809,15.113));
#2427 = CARTESIAN_POINT('',(-70.59754500902,34.454566421639,15.113));
#2428 = CARTESIAN_POINT('',(-70.59787481043,34.451148247452,15.113));
#2429 = CARTESIAN_POINT('',(-70.60574418573,34.448489636515,15.113));
#2430 = CARTESIAN_POINT('',(-70.60651630348,34.446798863865,15.113));
#2431 = CARTESIAN_POINT('',(-70.61004994776,34.444904097337,15.113));
#2432 = CARTESIAN_POINT('',(-70.61113979308,34.443574085661,15.113));
#2433 = CARTESIAN_POINT('',(-70.61199999997,34.442235722692,15.113));
#2434 = CARTESIAN_POINT('',(-70.61199999997,34.440918124405,15.113));
#2435 = ORIENTED_EDGE('',*,*,#2436,.F.);
#2436 = EDGE_CURVE('',#2437,#2418,#2439,.T.);
#2437 = VERTEX_POINT('',#2438);
#2438 = CARTESIAN_POINT('',(-70.67473582698,34.57703631416,15.113));
#2439 = ( BOUNDED_CURVE() B_SPLINE_CURVE(9,(#2440,#2441,#2442,#2443,
    #2444,#2445,#2446,#2447,#2448,#2449),.UNSPECIFIED.,.F.,.F.) 
B_SPLINE_CURVE_WITH_KNOTS((10,10),(0.423547244353,0.79275441382),
.PIECEWISE_BEZIER_KNOTS.) CURVE() GEOMETRIC_REPRESENTATION_ITEM() 
RATIONAL_B_SPLINE_CURVE((1.,1.,1.,1.,1.,1.,1.,1.,1.,1.)) 
REPRESENTATION_ITEM('') );
#2440 = CARTESIAN_POINT('',(-70.67473582698,34.57703631416,15.113));
#2441 = CARTESIAN_POINT('',(-70.65800348722,34.554219988684,15.113));
#2442 = CARTESIAN_POINT('',(-70.64476745294,34.53310419709,15.113));
#2443 = CARTESIAN_POINT('',(-70.63361637453,34.515129520587,15.113));
#2444 = CARTESIAN_POINT('',(-70.62316056157,34.500751949402,15.113));
#2445 = CARTESIAN_POINT('',(-70.61421209006,34.48852480517,15.113));
#2446 = CARTESIAN_POINT('',(-70.60665483587,34.478515170445,15.113));
#2447 = CARTESIAN_POINT('',(-70.60113439397,34.469954930007,15.113));
#2448 = CARTESIAN_POINT('',(-70.59805130797,34.462728661875,15.113));
#2449 = CARTESIAN_POINT('',(-70.59756904539,34.45677644347,15.113));
#2450 = ORIENTED_EDGE('',*,*,#2451,.F.);
#2451 = EDGE_CURVE('',#600,#2437,#2452,.T.);
#2452 = LINE('',#2453,#2454);
#2453 = CARTESIAN_POINT('',(-71.628,34.57703631416,15.113));
#2454 = VECTOR('',#2455,1.);
#2455 = DIRECTION('',(1.,0.,0.));
#2456 = ORIENTED_EDGE('',*,*,#608,.T.);
#2457 = PLANE('',#2458);
#2458 = AXIS2_PLACEMENT_3D('',#2459,#2460,#2461);
#2459 = CARTESIAN_POINT('',(-71.628,-12.57234534343,15.113));
#2460 = DIRECTION('',(0.,0.,1.));
#2461 = DIRECTION('',(0.,1.,0.));
#2462 = ADVANCED_FACE('',(#2463),#2488,.F.);
#2463 = FACE_BOUND('',#2464,.F.);
#2464 = EDGE_LOOP('',(#2465,#2473,#2481,#2487));
#2465 = ORIENTED_EDGE('',*,*,#2466,.T.);
#2466 = EDGE_CURVE('',#650,#2467,#2469,.T.);
#2467 = VERTEX_POINT('',#2468);
#2468 = CARTESIAN_POINT('',(-70.35799999997,-21.72580210989,18.288));
#2469 = LINE('',#2470,#2471);
#2470 = CARTESIAN_POINT('',(-71.628,-21.72580210989,18.288));
#2471 = VECTOR('',#2472,1.);
#2472 = DIRECTION('',(1.,0.,0.));
#2473 = ORIENTED_EDGE('',*,*,#2474,.T.);
#2474 = EDGE_CURVE('',#2467,#2475,#2477,.T.);
#2475 = VERTEX_POINT('',#2476);
#2476 = CARTESIAN_POINT('',(-70.35799999997,-28.32980210989,18.288));
#2477 = LINE('',#2478,#2479);
#2478 = CARTESIAN_POINT('',(-70.35799999997,-21.72580210989,18.288));
#2479 = VECTOR('',#2480,1.);
#2480 = DIRECTION('',(0.,-1.,0.));
#2481 = ORIENTED_EDGE('',*,*,#2482,.F.);
#2482 = EDGE_CURVE('',#659,#2475,#2483,.T.);
#2483 = LINE('',#2484,#2485);
#2484 = CARTESIAN_POINT('',(-71.628,-28.32980210989,18.288));
#2485 = VECTOR('',#2486,1.);
#2486 = DIRECTION('',(1.,0.,0.));
#2487 = ORIENTED_EDGE('',*,*,#658,.F.);
#2488 = PLANE('',#2489);
#2489 = AXIS2_PLACEMENT_3D('',#2490,#2491,#2492);
#2490 = CARTESIAN_POINT('',(-71.628,-21.72580210989,18.288));
#2491 = DIRECTION('',(0.,0.,-1.));
#2492 = DIRECTION('',(0.,-1.,0.));
#2493 = ADVANCED_FACE('',(#2494),#2512,.F.);
#2494 = FACE_BOUND('',#2495,.F.);
#2495 = EDGE_LOOP('',(#2496,#2504,#2510,#2511));
#2496 = ORIENTED_EDGE('',*,*,#2497,.T.);
#2497 = EDGE_CURVE('',#683,#2498,#2500,.T.);
#2498 = VERTEX_POINT('',#2499);
#2499 = CARTESIAN_POINT('',(-70.35799999997,-21.72580210989,20.955));
#2500 = LINE('',#2501,#2502);
#2501 = CARTESIAN_POINT('',(-71.628,-21.72580210989,20.955));
#2502 = VECTOR('',#2503,1.);
#2503 = DIRECTION('',(1.,0.,0.));
#2504 = ORIENTED_EDGE('',*,*,#2505,.T.);
#2505 = EDGE_CURVE('',#2498,#2467,#2506,.T.);
#2506 = LINE('',#2507,#2508);
#2507 = CARTESIAN_POINT('',(-70.35799999997,-21.72580210989,20.955));
#2508 = VECTOR('',#2509,1.);
#2509 = DIRECTION('',(0.,0.,-1.));
#2510 = ORIENTED_EDGE('',*,*,#2466,.F.);
#2511 = ORIENTED_EDGE('',*,*,#691,.F.);
#2512 = PLANE('',#2513);
#2513 = AXIS2_PLACEMENT_3D('',#2514,#2515,#2516);
#2514 = CARTESIAN_POINT('',(-71.628,-21.72580210989,20.955));
#2515 = DIRECTION('',(0.,1.,0.));
#2516 = DIRECTION('',(0.,0.,-1.));
#2517 = ADVANCED_FACE('',(#2518),#2536,.F.);
#2518 = FACE_BOUND('',#2519,.F.);
#2519 = EDGE_LOOP('',(#2520,#2521,#2529,#2535));
#2520 = ORIENTED_EDGE('',*,*,#2482,.T.);
#2521 = ORIENTED_EDGE('',*,*,#2522,.T.);
#2522 = EDGE_CURVE('',#2475,#2523,#2525,.T.);
#2523 = VERTEX_POINT('',#2524);
#2524 = CARTESIAN_POINT('',(-70.35799999997,-28.32980210989,20.955));
#2525 = LINE('',#2526,#2527);
#2526 = CARTESIAN_POINT('',(-70.35799999997,-28.32980210989,18.288));
#2527 = VECTOR('',#2528,1.);
#2528 = DIRECTION('',(0.,0.,1.));
#2529 = ORIENTED_EDGE('',*,*,#2530,.F.);
#2530 = EDGE_CURVE('',#709,#2523,#2531,.T.);
#2531 = LINE('',#2532,#2533);
#2532 = CARTESIAN_POINT('',(-71.628,-28.32980210989,20.955));
#2533 = VECTOR('',#2534,1.);
#2534 = DIRECTION('',(1.,0.,0.));
#2535 = ORIENTED_EDGE('',*,*,#708,.F.);
#2536 = PLANE('',#2537);
#2537 = AXIS2_PLACEMENT_3D('',#2538,#2539,#2540);
#2538 = CARTESIAN_POINT('',(-71.628,-28.32980210989,18.288));
#2539 = DIRECTION('',(0.,-1.,0.));
#2540 = DIRECTION('',(0.,0.,1.));
#2541 = ADVANCED_FACE('',(#2542),#2553,.F.);
#2542 = FACE_BOUND('',#2543,.F.);
#2543 = EDGE_LOOP('',(#2544,#2545,#2551,#2552));
#2544 = ORIENTED_EDGE('',*,*,#2530,.T.);
#2545 = ORIENTED_EDGE('',*,*,#2546,.T.);
#2546 = EDGE_CURVE('',#2523,#2498,#2547,.T.);
#2547 = LINE('',#2548,#2549);
#2548 = CARTESIAN_POINT('',(-70.35799999997,-28.32980210989,20.955));
#2549 = VECTOR('',#2550,1.);
#2550 = DIRECTION('',(0.,1.,0.));
#2551 = ORIENTED_EDGE('',*,*,#2497,.F.);
#2552 = ORIENTED_EDGE('',*,*,#733,.F.);
#2553 = PLANE('',#2554);
#2554 = AXIS2_PLACEMENT_3D('',#2555,#2556,#2557);
#2555 = CARTESIAN_POINT('',(-71.628,-28.32980210989,20.955));
#2556 = DIRECTION('',(0.,0.,1.));
#2557 = DIRECTION('',(0.,1.,0.));
#2558 = ADVANCED_FACE('',(#2559),#2571,.T.);
#2559 = FACE_BOUND('',#2560,.F.);
#2560 = EDGE_LOOP('',(#2561,#2562,#2563,#2570));
#2561 = ORIENTED_EDGE('',*,*,#751,.T.);
#2562 = ORIENTED_EDGE('',*,*,#1172,.T.);
#2563 = ORIENTED_EDGE('',*,*,#2564,.F.);
#2564 = EDGE_CURVE('',#803,#1173,#2565,.T.);
#2565 = CIRCLE('',#2566,0.508);
#2566 = AXIS2_PLACEMENT_3D('',#2567,#2568,#2569);
#2567 = CARTESIAN_POINT('',(64.77,-45.72,21.717));
#2568 = DIRECTION('',(-1.,0.,0.));
#2569 = DIRECTION('',(0.,-1.,0.));
#2570 = ORIENTED_EDGE('',*,*,#802,.F.);
#2571 = CYLINDRICAL_SURFACE('',#2572,0.508);
#2572 = AXIS2_PLACEMENT_3D('',#2573,#2574,#2575);
#2573 = CARTESIAN_POINT('',(-64.77,-45.72,21.717));
#2574 = DIRECTION('',(1.,0.,0.));
#2575 = DIRECTION('',(0.,-1.,0.));
#2576 = ADVANCED_FACE('',(#2577),#2589,.T.);
#2577 = FACE_BOUND('',#2578,.F.);
#2578 = EDGE_LOOP('',(#2579,#2580,#2581,#2588));
#2579 = ORIENTED_EDGE('',*,*,#785,.T.);
#2580 = ORIENTED_EDGE('',*,*,#818,.T.);
#2581 = ORIENTED_EDGE('',*,*,#2582,.F.);
#2582 = EDGE_CURVE('',#1280,#811,#2583,.T.);
#2583 = CIRCLE('',#2584,1.27);
#2584 = AXIS2_PLACEMENT_3D('',#2585,#2586,#2587);
#2585 = CARTESIAN_POINT('',(64.77,-44.958,1.27));
#2586 = DIRECTION('',(-1.,-0.,-0.));
#2587 = DIRECTION('',(0.,0.,-1.));
#2588 = ORIENTED_EDGE('',*,*,#1279,.F.);
#2589 = CYLINDRICAL_SURFACE('',#2590,1.27);
#2590 = AXIS2_PLACEMENT_3D('',#2591,#2592,#2593);
#2591 = CARTESIAN_POINT('',(-64.77,-44.958,1.27));
#2592 = DIRECTION('',(1.,0.,0.));
#2593 = DIRECTION('',(0.,0.,-1.));
#2594 = ADVANCED_FACE('',(#2595),#2613,.T.);
#2595 = FACE_BOUND('',#2596,.T.);
#2596 = EDGE_LOOP('',(#2597,#2598,#2605,#2606));
#2597 = ORIENTED_EDGE('',*,*,#810,.F.);
#2598 = ORIENTED_EDGE('',*,*,#2599,.T.);
#2599 = EDGE_CURVE('',#811,#1759,#2600,.T.);
#2600 = CIRCLE('',#2601,6.858);
#2601 = AXIS2_PLACEMENT_3D('',#2602,#2603,#2604);
#2602 = CARTESIAN_POINT('',(64.77,-39.37,1.27));
#2603 = DIRECTION('',(-0.,0.,1.));
#2604 = DIRECTION('',(0.,-1.,0.));
#2605 = ORIENTED_EDGE('',*,*,#1758,.T.);
#2606 = ORIENTED_EDGE('',*,*,#2607,.F.);
#2607 = EDGE_CURVE('',#803,#1761,#2608,.T.);
#2608 = CIRCLE('',#2609,6.858);
#2609 = AXIS2_PLACEMENT_3D('',#2610,#2611,#2612);
#2610 = CARTESIAN_POINT('',(64.77,-39.37,21.717));
#2611 = DIRECTION('',(-0.,0.,1.));
#2612 = DIRECTION('',(0.,-1.,0.));
#2613 = CYLINDRICAL_SURFACE('',#2614,6.858);
#2614 = AXIS2_PLACEMENT_3D('',#2615,#2616,#2617);
#2615 = CARTESIAN_POINT('',(64.77,-39.37,0.));
#2616 = DIRECTION('',(0.,0.,1.));
#2617 = DIRECTION('',(0.,-1.,0.));
#2618 = ADVANCED_FACE('',(#2619),#2639,.T.);
#2619 = FACE_BOUND('',#2620,.T.);
#2620 = EDGE_LOOP('',(#2621,#2630,#2631,#2632));
#2621 = ORIENTED_EDGE('',*,*,#2622,.F.);
#2622 = EDGE_CURVE('',#827,#2623,#2625,.T.);
#2623 = VERTEX_POINT('',#2624);
#2624 = CARTESIAN_POINT('',(-53.2892,-45.72,9.467));
#2625 = CIRCLE('',#2626,0.508);
#2626 = AXIS2_PLACEMENT_3D('',#2627,#2628,#2629);
#2627 = CARTESIAN_POINT('',(-52.7812,-45.72,9.467));
#2628 = DIRECTION('',(0.,0.,-1.));
#2629 = DIRECTION('',(1.,0.,0.));
#2630 = ORIENTED_EDGE('',*,*,#826,.T.);
#2631 = ORIENTED_EDGE('',*,*,#2622,.T.);
#2632 = ORIENTED_EDGE('',*,*,#2633,.F.);
#2633 = EDGE_CURVE('',#2623,#2623,#2634,.T.);
#2634 = CIRCLE('',#2635,1.7018);
#2635 = AXIS2_PLACEMENT_3D('',#2636,#2637,#2638);
#2636 = CARTESIAN_POINT('',(-54.991,-45.72,9.467));
#2637 = DIRECTION('',(0.,-1.,0.));
#2638 = DIRECTION('',(1.,0.,0.));
#2639 = TOROIDAL_SURFACE('',#2640,2.2098,0.508);
#2640 = AXIS2_PLACEMENT_3D('',#2641,#2642,#2643);
#2641 = CARTESIAN_POINT('',(-54.991,-45.72,9.467));
#2642 = DIRECTION('',(0.,-1.,0.));
#2643 = DIRECTION('',(1.,0.,0.));
#2644 = ADVANCED_FACE('',(#2645),#2665,.T.);
#2645 = FACE_BOUND('',#2646,.T.);
#2646 = EDGE_LOOP('',(#2647,#2656,#2657,#2658));
#2647 = ORIENTED_EDGE('',*,*,#2648,.F.);
#2648 = EDGE_CURVE('',#838,#2649,#2651,.T.);
#2649 = VERTEX_POINT('',#2650);
#2650 = CARTESIAN_POINT('',(-53.2892,-45.72,14.547));
#2651 = CIRCLE('',#2652,0.508);
#2652 = AXIS2_PLACEMENT_3D('',#2653,#2654,#2655);
#2653 = CARTESIAN_POINT('',(-52.7812,-45.72,14.547));
#2654 = DIRECTION('',(0.,0.,-1.));
#2655 = DIRECTION('',(1.,0.,0.));
#2656 = ORIENTED_EDGE('',*,*,#837,.T.);
#2657 = ORIENTED_EDGE('',*,*,#2648,.T.);
#2658 = ORIENTED_EDGE('',*,*,#2659,.F.);
#2659 = EDGE_CURVE('',#2649,#2649,#2660,.T.);
#2660 = CIRCLE('',#2661,1.7018);
#2661 = AXIS2_PLACEMENT_3D('',#2662,#2663,#2664);
#2662 = CARTESIAN_POINT('',(-54.991,-45.72,14.547));
#2663 = DIRECTION('',(0.,-1.,0.));
#2664 = DIRECTION('',(1.,0.,0.));
#2665 = TOROIDAL_SURFACE('',#2666,2.2098,0.508);
#2666 = AXIS2_PLACEMENT_3D('',#2667,#2668,#2669);
#2667 = CARTESIAN_POINT('',(-54.991,-45.72,14.547));
#2668 = DIRECTION('',(0.,-1.,0.));
#2669 = DIRECTION('',(1.,0.,0.));
#2670 = ADVANCED_FACE('',(#2671),#2691,.T.);
#2671 = FACE_BOUND('',#2672,.T.);
#2672 = EDGE_LOOP('',(#2673,#2682,#2683,#2684));
#2673 = ORIENTED_EDGE('',*,*,#2674,.F.);
#2674 = EDGE_CURVE('',#849,#2675,#2677,.T.);
#2675 = VERTEX_POINT('',#2676);
#2676 = CARTESIAN_POINT('',(-38.656,-45.72,9.952));
#2677 = CIRCLE('',#2678,0.508);
#2678 = AXIS2_PLACEMENT_3D('',#2679,#2680,#2681);
#2679 = CARTESIAN_POINT('',(-38.148,-45.72,9.952));
#2680 = DIRECTION('',(0.,0.,-1.));
#2681 = DIRECTION('',(1.,0.,0.));
#2682 = ORIENTED_EDGE('',*,*,#848,.T.);
#2683 = ORIENTED_EDGE('',*,*,#2674,.T.);
#2684 = ORIENTED_EDGE('',*,*,#2685,.F.);
#2685 = EDGE_CURVE('',#2675,#2675,#2686,.T.);
#2686 = CIRCLE('',#2687,1.524);
#2687 = AXIS2_PLACEMENT_3D('',#2688,#2689,#2690);
#2688 = CARTESIAN_POINT('',(-40.18,-45.72,9.952));
#2689 = DIRECTION('',(0.,-1.,0.));
#2690 = DIRECTION('',(1.,0.,0.));
#2691 = TOROIDAL_SURFACE('',#2692,2.032,0.508);
#2692 = AXIS2_PLACEMENT_3D('',#2693,#2694,#2695);
#2693 = CARTESIAN_POINT('',(-40.18,-45.72,9.952));
#2694 = DIRECTION('',(0.,-1.,0.));
#2695 = DIRECTION('',(1.,0.,0.));
#2696 = ADVANCED_FACE('',(#2697),#2724,.T.);
#2697 = FACE_BOUND('',#2698,.F.);
#2698 = EDGE_LOOP('',(#2699,#2708,#2716,#2723));
#2699 = ORIENTED_EDGE('',*,*,#2700,.T.);
#2700 = EDGE_CURVE('',#860,#2701,#2703,.T.);
#2701 = VERTEX_POINT('',#2702);
#2702 = CARTESIAN_POINT('',(-25.665,-45.72,7.245));
#2703 = CIRCLE('',#2704,0.508);
#2704 = AXIS2_PLACEMENT_3D('',#2705,#2706,#2707);
#2705 = CARTESIAN_POINT('',(-25.665,-45.72,6.737));
#2706 = DIRECTION('',(-1.,0.,0.));
#2707 = DIRECTION('',(0.,-1.,0.));
#2708 = ORIENTED_EDGE('',*,*,#2709,.T.);
#2709 = EDGE_CURVE('',#2701,#2710,#2712,.T.);
#2710 = VERTEX_POINT('',#2711);
#2711 = CARTESIAN_POINT('',(-12.435,-45.72,7.245));
#2712 = LINE('',#2713,#2714);
#2713 = CARTESIAN_POINT('',(-25.665,-45.72,7.245));
#2714 = VECTOR('',#2715,1.);
#2715 = DIRECTION('',(1.,0.,0.));
#2716 = ORIENTED_EDGE('',*,*,#2717,.F.);
#2717 = EDGE_CURVE('',#862,#2710,#2718,.T.);
#2718 = CIRCLE('',#2719,0.508);
#2719 = AXIS2_PLACEMENT_3D('',#2720,#2721,#2722);
#2720 = CARTESIAN_POINT('',(-12.435,-45.72,6.737));
#2721 = DIRECTION('',(-1.,0.,0.));
#2722 = DIRECTION('',(0.,-1.,0.));
#2723 = ORIENTED_EDGE('',*,*,#859,.F.);
#2724 = CYLINDRICAL_SURFACE('',#2725,0.508);
#2725 = AXIS2_PLACEMENT_3D('',#2726,#2727,#2728);
#2726 = CARTESIAN_POINT('',(-25.665,-45.72,6.737));
#2727 = DIRECTION('',(1.,0.,0.));
#2728 = DIRECTION('',(0.,-1.,0.));
#2729 = ADVANCED_FACE('',(#2730),#2750,.T.);
#2730 = FACE_BOUND('',#2731,.T.);
#2731 = EDGE_LOOP('',(#2732,#2741,#2742,#2743));
#2732 = ORIENTED_EDGE('',*,*,#2733,.F.);
#2733 = EDGE_CURVE('',#913,#2734,#2736,.T.);
#2734 = VERTEX_POINT('',#2735);
#2735 = CARTESIAN_POINT('',(-26.427,-45.72,8.007));
#2736 = CIRCLE('',#2737,0.508);
#2737 = AXIS2_PLACEMENT_3D('',#2738,#2739,#2740);
#2738 = CARTESIAN_POINT('',(-26.935,-45.72,8.007));
#2739 = DIRECTION('',(-0.,2.2E-16,1.));
#2740 = DIRECTION('',(0.,-1.,2.2E-16));
#2741 = ORIENTED_EDGE('',*,*,#920,.T.);
#2742 = ORIENTED_EDGE('',*,*,#2700,.T.);
#2743 = ORIENTED_EDGE('',*,*,#2744,.F.);
#2744 = EDGE_CURVE('',#2734,#2701,#2745,.T.);
#2745 = CIRCLE('',#2746,0.762);
#2746 = AXIS2_PLACEMENT_3D('',#2747,#2748,#2749);
#2747 = CARTESIAN_POINT('',(-25.665,-45.72,8.007));
#2748 = DIRECTION('',(-0.,-1.,-0.));
#2749 = DIRECTION('',(-1.,0.,0.));
#2750 = TOROIDAL_SURFACE('',#2751,1.27,0.508);
#2751 = AXIS2_PLACEMENT_3D('',#2752,#2753,#2754);
#2752 = CARTESIAN_POINT('',(-25.665,-45.72,8.007));
#2753 = DIRECTION('',(0.,-1.,0.));
#2754 = DIRECTION('',(-1.,0.,0.));
#2755 = ADVANCED_FACE('',(#2756),#2776,.T.);
#2756 = FACE_BOUND('',#2757,.T.);
#2757 = EDGE_LOOP('',(#2758,#2759,#2760,#2769));
#2758 = ORIENTED_EDGE('',*,*,#2717,.F.);
#2759 = ORIENTED_EDGE('',*,*,#869,.T.);
#2760 = ORIENTED_EDGE('',*,*,#2761,.T.);
#2761 = EDGE_CURVE('',#870,#2762,#2764,.T.);
#2762 = VERTEX_POINT('',#2763);
#2763 = CARTESIAN_POINT('',(-11.673,-45.72,8.007));
#2764 = CIRCLE('',#2765,0.508);
#2765 = AXIS2_PLACEMENT_3D('',#2766,#2767,#2768);
#2766 = CARTESIAN_POINT('',(-11.165,-45.72,8.007));
#2767 = DIRECTION('',(1.05E-15,0.,-1.));
#2768 = DIRECTION('',(1.,0.,1.05E-15));
#2769 = ORIENTED_EDGE('',*,*,#2770,.F.);
#2770 = EDGE_CURVE('',#2710,#2762,#2771,.T.);
#2771 = CIRCLE('',#2772,0.762);
#2772 = AXIS2_PLACEMENT_3D('',#2773,#2774,#2775);
#2773 = CARTESIAN_POINT('',(-12.435,-45.72,8.007));
#2774 = DIRECTION('',(0.,-1.,0.));
#2775 = DIRECTION('',(2.331E-14,0.,-1.));
#2776 = TOROIDAL_SURFACE('',#2777,1.27,0.508);
#2777 = AXIS2_PLACEMENT_3D('',#2778,#2779,#2780);
#2778 = CARTESIAN_POINT('',(-12.435,-45.72,8.007));
#2779 = DIRECTION('',(0.,-1.,0.));
#2780 = DIRECTION('',(2.331E-14,0.,-1.));
#2781 = ADVANCED_FACE('',(#2782),#2801,.T.);
#2782 = FACE_BOUND('',#2783,.F.);
#2783 = EDGE_LOOP('',(#2784,#2793,#2799,#2800));
#2784 = ORIENTED_EDGE('',*,*,#2785,.T.);
#2785 = EDGE_CURVE('',#904,#2786,#2788,.T.);
#2786 = VERTEX_POINT('',#2787);
#2787 = CARTESIAN_POINT('',(-26.427,-45.72,13.857));
#2788 = CIRCLE('',#2789,0.508);
#2789 = AXIS2_PLACEMENT_3D('',#2790,#2791,#2792);
#2790 = CARTESIAN_POINT('',(-26.935,-45.72,13.857));
#2791 = DIRECTION('',(5.61E-15,0.,1.));
#2792 = DIRECTION('',(-1.,0.,5.61E-15));
#2793 = ORIENTED_EDGE('',*,*,#2794,.T.);
#2794 = EDGE_CURVE('',#2786,#2734,#2795,.T.);
#2795 = LINE('',#2796,#2797);
#2796 = CARTESIAN_POINT('',(-26.427,-45.72,13.857));
#2797 = VECTOR('',#2798,1.);
#2798 = DIRECTION('',(0.,-2.2E-16,-1.));
#2799 = ORIENTED_EDGE('',*,*,#2733,.F.);
#2800 = ORIENTED_EDGE('',*,*,#912,.F.);
#2801 = CYLINDRICAL_SURFACE('',#2802,0.508);
#2802 = AXIS2_PLACEMENT_3D('',#2803,#2804,#2805);
#2803 = CARTESIAN_POINT('',(-26.935,-45.72,13.857));
#2804 = DIRECTION('',(0.,-2.2E-16,-1.));
#2805 = DIRECTION('',(0.,-1.,2.2E-16));
#2806 = ADVANCED_FACE('',(#2807),#2826,.T.);
#2807 = FACE_BOUND('',#2808,.F.);
#2808 = EDGE_LOOP('',(#2809,#2810,#2818,#2825));
#2809 = ORIENTED_EDGE('',*,*,#2761,.T.);
#2810 = ORIENTED_EDGE('',*,*,#2811,.T.);
#2811 = EDGE_CURVE('',#2762,#2812,#2814,.T.);
#2812 = VERTEX_POINT('',#2813);
#2813 = CARTESIAN_POINT('',(-11.673,-45.72,13.857));
#2814 = LINE('',#2815,#2816);
#2815 = CARTESIAN_POINT('',(-11.673,-45.72,8.007));
#2816 = VECTOR('',#2817,1.);
#2817 = DIRECTION('',(0.,2.2E-16,1.));
#2818 = ORIENTED_EDGE('',*,*,#2819,.F.);
#2819 = EDGE_CURVE('',#879,#2812,#2820,.T.);
#2820 = CIRCLE('',#2821,0.508);
#2821 = AXIS2_PLACEMENT_3D('',#2822,#2823,#2824);
#2822 = CARTESIAN_POINT('',(-11.165,-45.72,13.857));
#2823 = DIRECTION('',(-0.,-2.2E-16,-1.));
#2824 = DIRECTION('',(0.,-1.,2.2E-16));
#2825 = ORIENTED_EDGE('',*,*,#878,.F.);
#2826 = CYLINDRICAL_SURFACE('',#2827,0.508);
#2827 = AXIS2_PLACEMENT_3D('',#2828,#2829,#2830);
#2828 = CARTESIAN_POINT('',(-11.165,-45.72,8.007));
#2829 = DIRECTION('',(0.,2.2E-16,1.));
#2830 = DIRECTION('',(0.,-1.,2.2E-16));
#2831 = ADVANCED_FACE('',(#2832),#2852,.T.);
#2832 = FACE_BOUND('',#2833,.T.);
#2833 = EDGE_LOOP('',(#2834,#2843,#2844,#2845));
#2834 = ORIENTED_EDGE('',*,*,#2835,.F.);
#2835 = EDGE_CURVE('',#896,#2836,#2838,.T.);
#2836 = VERTEX_POINT('',#2837);
#2837 = CARTESIAN_POINT('',(-25.665,-45.72,14.619));
#2838 = CIRCLE('',#2839,0.508);
#2839 = AXIS2_PLACEMENT_3D('',#2840,#2841,#2842);
#2840 = CARTESIAN_POINT('',(-25.665,-45.72,15.127));
#2841 = DIRECTION('',(1.,0.,0.));
#2842 = DIRECTION('',(0.,-1.,0.));
#2843 = ORIENTED_EDGE('',*,*,#903,.T.);
#2844 = ORIENTED_EDGE('',*,*,#2785,.T.);
#2845 = ORIENTED_EDGE('',*,*,#2846,.F.);
#2846 = EDGE_CURVE('',#2836,#2786,#2847,.T.);
#2847 = CIRCLE('',#2848,0.762);
#2848 = AXIS2_PLACEMENT_3D('',#2849,#2850,#2851);
#2849 = CARTESIAN_POINT('',(-25.665,-45.72,13.857));
#2850 = DIRECTION('',(0.,-1.,0.));
#2851 = DIRECTION('',(4.66E-15,0.,1.));
#2852 = TOROIDAL_SURFACE('',#2853,1.27,0.508);
#2853 = AXIS2_PLACEMENT_3D('',#2854,#2855,#2856);
#2854 = CARTESIAN_POINT('',(-25.665,-45.72,13.857));
#2855 = DIRECTION('',(0.,-1.,0.));
#2856 = DIRECTION('',(4.66E-15,0.,1.));
#2857 = ADVANCED_FACE('',(#2858),#2878,.T.);
#2858 = FACE_BOUND('',#2859,.T.);
#2859 = EDGE_LOOP('',(#2860,#2861,#2862,#2871));
#2860 = ORIENTED_EDGE('',*,*,#2819,.F.);
#2861 = ORIENTED_EDGE('',*,*,#886,.T.);
#2862 = ORIENTED_EDGE('',*,*,#2863,.T.);
#2863 = EDGE_CURVE('',#887,#2864,#2866,.T.);
#2864 = VERTEX_POINT('',#2865);
#2865 = CARTESIAN_POINT('',(-12.435,-45.72,14.619));
#2866 = CIRCLE('',#2867,0.508);
#2867 = AXIS2_PLACEMENT_3D('',#2868,#2869,#2870);
#2868 = CARTESIAN_POINT('',(-12.435,-45.72,15.127));
#2869 = DIRECTION('',(1.,0.,8.3E-16));
#2870 = DIRECTION('',(-8.3E-16,0.,1.));
#2871 = ORIENTED_EDGE('',*,*,#2872,.F.);
#2872 = EDGE_CURVE('',#2812,#2864,#2873,.T.);
#2873 = CIRCLE('',#2874,0.762);
#2874 = AXIS2_PLACEMENT_3D('',#2875,#2876,#2877);
#2875 = CARTESIAN_POINT('',(-12.435,-45.72,13.857));
#2876 = DIRECTION('',(0.,-1.,0.));
#2877 = DIRECTION('',(1.,0.,0.));
#2878 = TOROIDAL_SURFACE('',#2879,1.27,0.508);
#2879 = AXIS2_PLACEMENT_3D('',#2880,#2881,#2882);
#2880 = CARTESIAN_POINT('',(-12.435,-45.72,13.857));
#2881 = DIRECTION('',(0.,-1.,0.));
#2882 = DIRECTION('',(1.,0.,0.));
#2883 = ADVANCED_FACE('',(#2884),#2895,.T.);
#2884 = FACE_BOUND('',#2885,.F.);
#2885 = EDGE_LOOP('',(#2886,#2887,#2893,#2894));
#2886 = ORIENTED_EDGE('',*,*,#2863,.T.);
#2887 = ORIENTED_EDGE('',*,*,#2888,.T.);
#2888 = EDGE_CURVE('',#2864,#2836,#2889,.T.);
#2889 = LINE('',#2890,#2891);
#2890 = CARTESIAN_POINT('',(-12.435,-45.72,14.619));
#2891 = VECTOR('',#2892,1.);
#2892 = DIRECTION('',(-1.,0.,0.));
#2893 = ORIENTED_EDGE('',*,*,#2835,.F.);
#2894 = ORIENTED_EDGE('',*,*,#895,.F.);
#2895 = CYLINDRICAL_SURFACE('',#2896,0.508);
#2896 = AXIS2_PLACEMENT_3D('',#2897,#2898,#2899);
#2897 = CARTESIAN_POINT('',(-12.435,-45.72,15.127));
#2898 = DIRECTION('',(-1.,0.,0.));
#2899 = DIRECTION('',(-0.,-1.,-0.));
#2900 = ADVANCED_FACE('',(#2901),#2928,.T.);
#2901 = FACE_BOUND('',#2902,.F.);
#2902 = EDGE_LOOP('',(#2903,#2912,#2920,#2927));
#2903 = ORIENTED_EDGE('',*,*,#2904,.T.);
#2904 = EDGE_CURVE('',#930,#2905,#2907,.T.);
#2905 = VERTEX_POINT('',#2906);
#2906 = CARTESIAN_POINT('',(-2.5532,-45.72,6.748));
#2907 = CIRCLE('',#2908,0.508);
#2908 = AXIS2_PLACEMENT_3D('',#2909,#2910,#2911);
#2909 = CARTESIAN_POINT('',(-2.5532,-45.72,6.24));
#2910 = DIRECTION('',(-1.,0.,0.));
#2911 = DIRECTION('',(0.,-1.,0.));
#2912 = ORIENTED_EDGE('',*,*,#2913,.T.);
#2913 = EDGE_CURVE('',#2905,#2914,#2916,.T.);
#2914 = VERTEX_POINT('',#2915);
#2915 = CARTESIAN_POINT('',(11.4852,-45.72,6.748));
#2916 = LINE('',#2917,#2918);
#2917 = CARTESIAN_POINT('',(-2.5532,-45.72,6.748));
#2918 = VECTOR('',#2919,1.);
#2919 = DIRECTION('',(1.,0.,0.));
#2920 = ORIENTED_EDGE('',*,*,#2921,.F.);
#2921 = EDGE_CURVE('',#932,#2914,#2922,.T.);
#2922 = CIRCLE('',#2923,0.508);
#2923 = AXIS2_PLACEMENT_3D('',#2924,#2925,#2926);
#2924 = CARTESIAN_POINT('',(11.4852,-45.72,6.24));
#2925 = DIRECTION('',(-1.,0.,0.));
#2926 = DIRECTION('',(0.,-1.,0.));
#2927 = ORIENTED_EDGE('',*,*,#929,.F.);
#2928 = CYLINDRICAL_SURFACE('',#2929,0.508);
#2929 = AXIS2_PLACEMENT_3D('',#2930,#2931,#2932);
#2930 = CARTESIAN_POINT('',(-2.5532,-45.72,6.24));
#2931 = DIRECTION('',(1.,0.,0.));
#2932 = DIRECTION('',(0.,-1.,0.));
#2933 = ADVANCED_FACE('',(#2934),#2954,.T.);
#2934 = FACE_BOUND('',#2935,.T.);
#2935 = EDGE_LOOP('',(#2936,#2945,#2946,#2947));
#2936 = ORIENTED_EDGE('',*,*,#2937,.F.);
#2937 = EDGE_CURVE('',#983,#2938,#2940,.T.);
#2938 = VERTEX_POINT('',#2939);
#2939 = CARTESIAN_POINT('',(-2.858,-45.72,7.0528));
#2940 = CIRCLE('',#2941,0.508);
#2941 = AXIS2_PLACEMENT_3D('',#2942,#2943,#2944);
#2942 = CARTESIAN_POINT('',(-3.366,-45.72,7.0528));
#2943 = DIRECTION('',(-0.,2.2E-16,1.));
#2944 = DIRECTION('',(0.,-1.,2.2E-16));
#2945 = ORIENTED_EDGE('',*,*,#990,.T.);
#2946 = ORIENTED_EDGE('',*,*,#2904,.T.);
#2947 = ORIENTED_EDGE('',*,*,#2948,.F.);
#2948 = EDGE_CURVE('',#2938,#2905,#2949,.T.);
#2949 = CIRCLE('',#2950,0.3048);
#2950 = AXIS2_PLACEMENT_3D('',#2951,#2952,#2953);
#2951 = CARTESIAN_POINT('',(-2.5532,-45.72,7.0528));
#2952 = DIRECTION('',(-0.,-1.,-0.));
#2953 = DIRECTION('',(-1.,0.,0.));
#2954 = TOROIDAL_SURFACE('',#2955,0.8128,0.508);
#2955 = AXIS2_PLACEMENT_3D('',#2956,#2957,#2958);
#2956 = CARTESIAN_POINT('',(-2.5532,-45.72,7.0528));
#2957 = DIRECTION('',(0.,-1.,0.));
#2958 = DIRECTION('',(-1.,0.,0.));
#2959 = ADVANCED_FACE('',(#2960),#2980,.T.);
#2960 = FACE_BOUND('',#2961,.T.);
#2961 = EDGE_LOOP('',(#2962,#2963,#2964,#2973));
#2962 = ORIENTED_EDGE('',*,*,#2921,.F.);
#2963 = ORIENTED_EDGE('',*,*,#939,.T.);
#2964 = ORIENTED_EDGE('',*,*,#2965,.T.);
#2965 = EDGE_CURVE('',#940,#2966,#2968,.T.);
#2966 = VERTEX_POINT('',#2967);
#2967 = CARTESIAN_POINT('',(11.79,-45.72,7.0528));
#2968 = CIRCLE('',#2969,0.508);
#2969 = AXIS2_PLACEMENT_3D('',#2970,#2971,#2972);
#2970 = CARTESIAN_POINT('',(12.298,-45.72,7.0528));
#2971 = DIRECTION('',(3.99E-15,0.,-1.));
#2972 = DIRECTION('',(1.,0.,3.99E-15));
#2973 = ORIENTED_EDGE('',*,*,#2974,.F.);
#2974 = EDGE_CURVE('',#2914,#2966,#2975,.T.);
#2975 = CIRCLE('',#2976,0.3048);
#2976 = AXIS2_PLACEMENT_3D('',#2977,#2978,#2979);
#2977 = CARTESIAN_POINT('',(11.4852,-45.72,7.0528));
#2978 = DIRECTION('',(0.,-1.,0.));
#2979 = DIRECTION('',(5.83E-15,0.,-1.));
#2980 = TOROIDAL_SURFACE('',#2981,0.8128,0.508);
#2981 = AXIS2_PLACEMENT_3D('',#2982,#2983,#2984);
#2982 = CARTESIAN_POINT('',(11.4852,-45.72,7.0528));
#2983 = DIRECTION('',(0.,-1.,0.));
#2984 = DIRECTION('',(5.83E-15,0.,-1.));
#2985 = ADVANCED_FACE('',(#2986),#3005,.T.);
#2986 = FACE_BOUND('',#2987,.F.);
#2987 = EDGE_LOOP('',(#2988,#2997,#3003,#3004));
#2988 = ORIENTED_EDGE('',*,*,#2989,.T.);
#2989 = EDGE_CURVE('',#974,#2990,#2992,.T.);
#2990 = VERTEX_POINT('',#2991);
#2991 = CARTESIAN_POINT('',(-2.858,-45.72,8.3512));
#2992 = CIRCLE('',#2993,0.508);
#2993 = AXIS2_PLACEMENT_3D('',#2994,#2995,#2996);
#2994 = CARTESIAN_POINT('',(-3.366,-45.72,8.3512));
#2995 = DIRECTION('',(1.463E-14,0.,1.));
#2996 = DIRECTION('',(-1.,0.,1.463E-14));
#2997 = ORIENTED_EDGE('',*,*,#2998,.T.);
#2998 = EDGE_CURVE('',#2990,#2938,#2999,.T.);
#2999 = LINE('',#3000,#3001);
#3000 = CARTESIAN_POINT('',(-2.858,-45.72,8.3512));
#3001 = VECTOR('',#3002,1.);
#3002 = DIRECTION('',(0.,-2.2E-16,-1.));
#3003 = ORIENTED_EDGE('',*,*,#2937,.F.);
#3004 = ORIENTED_EDGE('',*,*,#982,.F.);
#3005 = CYLINDRICAL_SURFACE('',#3006,0.508);
#3006 = AXIS2_PLACEMENT_3D('',#3007,#3008,#3009);
#3007 = CARTESIAN_POINT('',(-3.366,-45.72,8.3512));
#3008 = DIRECTION('',(0.,-2.2E-16,-1.));
#3009 = DIRECTION('',(0.,-1.,2.2E-16));
#3010 = ADVANCED_FACE('',(#3011),#3030,.T.);
#3011 = FACE_BOUND('',#3012,.F.);
#3012 = EDGE_LOOP('',(#3013,#3014,#3022,#3029));
#3013 = ORIENTED_EDGE('',*,*,#2965,.T.);
#3014 = ORIENTED_EDGE('',*,*,#3015,.T.);
#3015 = EDGE_CURVE('',#2966,#3016,#3018,.T.);
#3016 = VERTEX_POINT('',#3017);
#3017 = CARTESIAN_POINT('',(11.79,-45.72,8.3512));
#3018 = LINE('',#3019,#3020);
#3019 = CARTESIAN_POINT('',(11.79,-45.72,7.0528));
#3020 = VECTOR('',#3021,1.);
#3021 = DIRECTION('',(0.,2.2E-16,1.));
#3022 = ORIENTED_EDGE('',*,*,#3023,.F.);
#3023 = EDGE_CURVE('',#949,#3016,#3024,.T.);
#3024 = CIRCLE('',#3025,0.508);
#3025 = AXIS2_PLACEMENT_3D('',#3026,#3027,#3028);
#3026 = CARTESIAN_POINT('',(12.298,-45.72,8.3512));
#3027 = DIRECTION('',(-0.,-2.2E-16,-1.));
#3028 = DIRECTION('',(0.,-1.,2.2E-16));
#3029 = ORIENTED_EDGE('',*,*,#948,.F.);
#3030 = CYLINDRICAL_SURFACE('',#3031,0.508);
#3031 = AXIS2_PLACEMENT_3D('',#3032,#3033,#3034);
#3032 = CARTESIAN_POINT('',(12.298,-45.72,7.0528));
#3033 = DIRECTION('',(0.,2.2E-16,1.));
#3034 = DIRECTION('',(0.,-1.,2.2E-16));
#3035 = ADVANCED_FACE('',(#3036),#3056,.T.);
#3036 = FACE_BOUND('',#3037,.T.);
#3037 = EDGE_LOOP('',(#3038,#3047,#3048,#3049));
#3038 = ORIENTED_EDGE('',*,*,#3039,.F.);
#3039 = EDGE_CURVE('',#966,#3040,#3042,.T.);
#3040 = VERTEX_POINT('',#3041);
#3041 = CARTESIAN_POINT('',(-2.5532,-45.72,8.656));
#3042 = CIRCLE('',#3043,0.508);
#3043 = AXIS2_PLACEMENT_3D('',#3044,#3045,#3046);
#3044 = CARTESIAN_POINT('',(-2.5532,-45.72,9.164));
#3045 = DIRECTION('',(1.,0.,0.));
#3046 = DIRECTION('',(0.,-1.,0.));
#3047 = ORIENTED_EDGE('',*,*,#973,.T.);
#3048 = ORIENTED_EDGE('',*,*,#2989,.T.);
#3049 = ORIENTED_EDGE('',*,*,#3050,.F.);
#3050 = EDGE_CURVE('',#3040,#2990,#3051,.T.);
#3051 = CIRCLE('',#3052,0.3048);
#3052 = AXIS2_PLACEMENT_3D('',#3053,#3054,#3055);
#3053 = CARTESIAN_POINT('',(-2.5532,-45.72,8.3512));
#3054 = DIRECTION('',(0.,-1.,0.));
#3055 = DIRECTION('',(1.457E-14,0.,1.));
#3056 = TOROIDAL_SURFACE('',#3057,0.8128,0.508);
#3057 = AXIS2_PLACEMENT_3D('',#3058,#3059,#3060);
#3058 = CARTESIAN_POINT('',(-2.5532,-45.72,8.3512));
#3059 = DIRECTION('',(0.,-1.,0.));
#3060 = DIRECTION('',(1.457E-14,0.,1.));
#3061 = ADVANCED_FACE('',(#3062),#3082,.T.);
#3062 = FACE_BOUND('',#3063,.T.);
#3063 = EDGE_LOOP('',(#3064,#3065,#3066,#3075));
#3064 = ORIENTED_EDGE('',*,*,#3023,.F.);
#3065 = ORIENTED_EDGE('',*,*,#956,.T.);
#3066 = ORIENTED_EDGE('',*,*,#3067,.T.);
#3067 = EDGE_CURVE('',#957,#3068,#3070,.T.);
#3068 = VERTEX_POINT('',#3069);
#3069 = CARTESIAN_POINT('',(11.4852,-45.72,8.656));
#3070 = CIRCLE('',#3071,0.508);
#3071 = AXIS2_PLACEMENT_3D('',#3072,#3073,#3074);
#3072 = CARTESIAN_POINT('',(11.4852,-45.72,9.164));
#3073 = DIRECTION('',(1.,0.,6.E-16));
#3074 = DIRECTION('',(-6.E-16,0.,1.));
#3075 = ORIENTED_EDGE('',*,*,#3076,.F.);
#3076 = EDGE_CURVE('',#3016,#3068,#3077,.T.);
#3077 = CIRCLE('',#3078,0.3048);
#3078 = AXIS2_PLACEMENT_3D('',#3079,#3080,#3081);
#3079 = CARTESIAN_POINT('',(11.4852,-45.72,8.3512));
#3080 = DIRECTION('',(0.,-1.,0.));
#3081 = DIRECTION('',(1.,0.,0.));
#3082 = TOROIDAL_SURFACE('',#3083,0.8128,0.508);
#3083 = AXIS2_PLACEMENT_3D('',#3084,#3085,#3086);
#3084 = CARTESIAN_POINT('',(11.4852,-45.72,8.3512));
#3085 = DIRECTION('',(0.,-1.,0.));
#3086 = DIRECTION('',(1.,0.,0.));
#3087 = ADVANCED_FACE('',(#3088),#3099,.T.);
#3088 = FACE_BOUND('',#3089,.F.);
#3089 = EDGE_LOOP('',(#3090,#3091,#3097,#3098));
#3090 = ORIENTED_EDGE('',*,*,#3067,.T.);
#3091 = ORIENTED_EDGE('',*,*,#3092,.T.);
#3092 = EDGE_CURVE('',#3068,#3040,#3093,.T.);
#3093 = LINE('',#3094,#3095);
#3094 = CARTESIAN_POINT('',(11.4852,-45.72,8.656));
#3095 = VECTOR('',#3096,1.);
#3096 = DIRECTION('',(-1.,0.,0.));
#3097 = ORIENTED_EDGE('',*,*,#3039,.F.);
#3098 = ORIENTED_EDGE('',*,*,#965,.F.);
#3099 = CYLINDRICAL_SURFACE('',#3100,0.508);
#3100 = AXIS2_PLACEMENT_3D('',#3101,#3102,#3103);
#3101 = CARTESIAN_POINT('',(11.4852,-45.72,9.164));
#3102 = DIRECTION('',(-1.,0.,0.));
#3103 = DIRECTION('',(-0.,-1.,-0.));
#3104 = ADVANCED_FACE('',(#3105),#3132,.T.);
#3105 = FACE_BOUND('',#3106,.F.);
#3106 = EDGE_LOOP('',(#3107,#3116,#3124,#3131));
#3107 = ORIENTED_EDGE('',*,*,#3108,.T.);
#3108 = EDGE_CURVE('',#1000,#3109,#3111,.T.);
#3109 = VERTEX_POINT('',#3110);
#3110 = CARTESIAN_POINT('',(19.9528,-45.72,6.875));
#3111 = CIRCLE('',#3112,0.508);
#3112 = AXIS2_PLACEMENT_3D('',#3113,#3114,#3115);
#3113 = CARTESIAN_POINT('',(19.9528,-45.72,6.367));
#3114 = DIRECTION('',(-1.,0.,0.));
#3115 = DIRECTION('',(0.,-1.,0.));
#3116 = ORIENTED_EDGE('',*,*,#3117,.T.);
#3117 = EDGE_CURVE('',#3109,#3118,#3120,.T.);
#3118 = VERTEX_POINT('',#3119);
#3119 = CARTESIAN_POINT('',(35.6972,-45.72,6.875));
#3120 = LINE('',#3121,#3122);
#3121 = CARTESIAN_POINT('',(19.9528,-45.72,6.875));
#3122 = VECTOR('',#3123,1.);
#3123 = DIRECTION('',(1.,0.,0.));
#3124 = ORIENTED_EDGE('',*,*,#3125,.F.);
#3125 = EDGE_CURVE('',#1002,#3118,#3126,.T.);
#3126 = CIRCLE('',#3127,0.508);
#3127 = AXIS2_PLACEMENT_3D('',#3128,#3129,#3130);
#3128 = CARTESIAN_POINT('',(35.6972,-45.72,6.367));
#3129 = DIRECTION('',(-1.,0.,0.));
#3130 = DIRECTION('',(0.,-1.,0.));
#3131 = ORIENTED_EDGE('',*,*,#999,.F.);
#3132 = CYLINDRICAL_SURFACE('',#3133,0.508);
#3133 = AXIS2_PLACEMENT_3D('',#3134,#3135,#3136);
#3134 = CARTESIAN_POINT('',(19.9528,-45.72,6.367));
#3135 = DIRECTION('',(1.,0.,0.));
#3136 = DIRECTION('',(0.,-1.,0.));
#3137 = ADVANCED_FACE('',(#3138),#3158,.T.);
#3138 = FACE_BOUND('',#3139,.T.);
#3139 = EDGE_LOOP('',(#3140,#3149,#3150,#3151));
#3140 = ORIENTED_EDGE('',*,*,#3141,.F.);
#3141 = EDGE_CURVE('',#1053,#3142,#3144,.T.);
#3142 = VERTEX_POINT('',#3143);
#3143 = CARTESIAN_POINT('',(19.648,-45.72,7.1798));
#3144 = CIRCLE('',#3145,0.508);
#3145 = AXIS2_PLACEMENT_3D('',#3146,#3147,#3148);
#3146 = CARTESIAN_POINT('',(19.14,-45.72,7.1798));
#3147 = DIRECTION('',(-0.,2.2E-16,1.));
#3148 = DIRECTION('',(0.,-1.,2.2E-16));
#3149 = ORIENTED_EDGE('',*,*,#1060,.T.);
#3150 = ORIENTED_EDGE('',*,*,#3108,.T.);
#3151 = ORIENTED_EDGE('',*,*,#3152,.F.);
#3152 = EDGE_CURVE('',#3142,#3109,#3153,.T.);
#3153 = CIRCLE('',#3154,0.3048);
#3154 = AXIS2_PLACEMENT_3D('',#3155,#3156,#3157);
#3155 = CARTESIAN_POINT('',(19.9528,-45.72,7.1798));
#3156 = DIRECTION('',(-0.,-1.,-0.));
#3157 = DIRECTION('',(-1.,0.,0.));
#3158 = TOROIDAL_SURFACE('',#3159,0.8128,0.508);
#3159 = AXIS2_PLACEMENT_3D('',#3160,#3161,#3162);
#3160 = CARTESIAN_POINT('',(19.9528,-45.72,7.1798));
#3161 = DIRECTION('',(0.,-1.,0.));
#3162 = DIRECTION('',(-1.,0.,0.));
#3163 = ADVANCED_FACE('',(#3164),#3184,.T.);
#3164 = FACE_BOUND('',#3165,.T.);
#3165 = EDGE_LOOP('',(#3166,#3167,#3168,#3177));
#3166 = ORIENTED_EDGE('',*,*,#3125,.F.);
#3167 = ORIENTED_EDGE('',*,*,#1009,.T.);
#3168 = ORIENTED_EDGE('',*,*,#3169,.T.);
#3169 = EDGE_CURVE('',#1010,#3170,#3172,.T.);
#3170 = VERTEX_POINT('',#3171);
#3171 = CARTESIAN_POINT('',(36.002,-45.72,7.1798));
#3172 = CIRCLE('',#3173,0.508);
#3173 = AXIS2_PLACEMENT_3D('',#3174,#3175,#3176);
#3174 = CARTESIAN_POINT('',(36.51,-45.72,7.1798));
#3175 = DIRECTION('',(1.437E-14,0.,-1.));
#3176 = DIRECTION('',(1.,0.,1.437E-14));
#3177 = ORIENTED_EDGE('',*,*,#3178,.F.);
#3178 = EDGE_CURVE('',#3118,#3170,#3179,.T.);
#3179 = CIRCLE('',#3180,0.3048);
#3180 = AXIS2_PLACEMENT_3D('',#3181,#3182,#3183);
#3181 = CARTESIAN_POINT('',(35.6972,-45.72,7.1798));
#3182 = DIRECTION('',(0.,-1.,0.));
#3183 = DIRECTION('',(2.331E-14,0.,-1.));
#3184 = TOROIDAL_SURFACE('',#3185,0.8128,0.508);
#3185 = AXIS2_PLACEMENT_3D('',#3186,#3187,#3188);
#3186 = CARTESIAN_POINT('',(35.6972,-45.72,7.1798));
#3187 = DIRECTION('',(0.,-1.,0.));
#3188 = DIRECTION('',(2.331E-14,0.,-1.));
#3189 = ADVANCED_FACE('',(#3190),#3209,.T.);
#3190 = FACE_BOUND('',#3191,.F.);
#3191 = EDGE_LOOP('',(#3192,#3201,#3207,#3208));
#3192 = ORIENTED_EDGE('',*,*,#3193,.T.);
#3193 = EDGE_CURVE('',#1044,#3194,#3196,.T.);
#3194 = VERTEX_POINT('',#3195);
#3195 = CARTESIAN_POINT('',(19.648,-45.72,20.224199999999));
#3196 = CIRCLE('',#3197,0.508);
#3197 = AXIS2_PLACEMENT_3D('',#3198,#3199,#3200);
#3198 = CARTESIAN_POINT('',(19.14,-45.72,20.224199999999));
#3199 = DIRECTION('',(1.81E-15,0.,1.));
#3200 = DIRECTION('',(-1.,0.,1.81E-15));
#3201 = ORIENTED_EDGE('',*,*,#3202,.T.);
#3202 = EDGE_CURVE('',#3194,#3142,#3203,.T.);
#3203 = LINE('',#3204,#3205);
#3204 = CARTESIAN_POINT('',(19.648,-45.72,20.224199999999));
#3205 = VECTOR('',#3206,1.);
#3206 = DIRECTION('',(0.,-2.2E-16,-1.));
#3207 = ORIENTED_EDGE('',*,*,#3141,.F.);
#3208 = ORIENTED_EDGE('',*,*,#1052,.F.);
#3209 = CYLINDRICAL_SURFACE('',#3210,0.508);
#3210 = AXIS2_PLACEMENT_3D('',#3211,#3212,#3213);
#3211 = CARTESIAN_POINT('',(19.14,-45.72,20.224199999999));
#3212 = DIRECTION('',(0.,-2.2E-16,-1.));
#3213 = DIRECTION('',(0.,-1.,2.2E-16));
#3214 = ADVANCED_FACE('',(#3215),#3234,.T.);
#3215 = FACE_BOUND('',#3216,.F.);
#3216 = EDGE_LOOP('',(#3217,#3218,#3226,#3233));
#3217 = ORIENTED_EDGE('',*,*,#3169,.T.);
#3218 = ORIENTED_EDGE('',*,*,#3219,.T.);
#3219 = EDGE_CURVE('',#3170,#3220,#3222,.T.);
#3220 = VERTEX_POINT('',#3221);
#3221 = CARTESIAN_POINT('',(36.002,-45.72,20.224199999999));
#3222 = LINE('',#3223,#3224);
#3223 = CARTESIAN_POINT('',(36.002,-45.72,7.1798));
#3224 = VECTOR('',#3225,1.);
#3225 = DIRECTION('',(0.,2.2E-16,1.));
#3226 = ORIENTED_EDGE('',*,*,#3227,.F.);
#3227 = EDGE_CURVE('',#1019,#3220,#3228,.T.);
#3228 = CIRCLE('',#3229,0.508);
#3229 = AXIS2_PLACEMENT_3D('',#3230,#3231,#3232);
#3230 = CARTESIAN_POINT('',(36.51,-45.72,20.224199999999));
#3231 = DIRECTION('',(-0.,-2.2E-16,-1.));
#3232 = DIRECTION('',(0.,-1.,2.2E-16));
#3233 = ORIENTED_EDGE('',*,*,#1018,.F.);
#3234 = CYLINDRICAL_SURFACE('',#3235,0.508);
#3235 = AXIS2_PLACEMENT_3D('',#3236,#3237,#3238);
#3236 = CARTESIAN_POINT('',(36.51,-45.72,7.1798));
#3237 = DIRECTION('',(0.,2.2E-16,1.));
#3238 = DIRECTION('',(0.,-1.,2.2E-16));
#3239 = ADVANCED_FACE('',(#3240),#3260,.T.);
#3240 = FACE_BOUND('',#3241,.T.);
#3241 = EDGE_LOOP('',(#3242,#3251,#3252,#3253));
#3242 = ORIENTED_EDGE('',*,*,#3243,.F.);
#3243 = EDGE_CURVE('',#1036,#3244,#3246,.T.);
#3244 = VERTEX_POINT('',#3245);
#3245 = CARTESIAN_POINT('',(19.952800000002,-45.72,20.528999999999));
#3246 = CIRCLE('',#3247,0.508);
#3247 = AXIS2_PLACEMENT_3D('',#3248,#3249,#3250);
#3248 = CARTESIAN_POINT('',(19.952800000002,-45.72,21.036999999999));
#3249 = DIRECTION('',(1.,0.,0.));
#3250 = DIRECTION('',(0.,-1.,0.));
#3251 = ORIENTED_EDGE('',*,*,#1043,.T.);
#3252 = ORIENTED_EDGE('',*,*,#3193,.T.);
#3253 = ORIENTED_EDGE('',*,*,#3254,.F.);
#3254 = EDGE_CURVE('',#3244,#3194,#3255,.T.);
#3255 = CIRCLE('',#3256,0.3048);
#3256 = AXIS2_PLACEMENT_3D('',#3257,#3258,#3259);
#3257 = CARTESIAN_POINT('',(19.9528,-45.72,20.224199999999));
#3258 = DIRECTION('',(0.,-1.,0.));
#3259 = DIRECTION('',(5.52489E-12,0.,1.));
#3260 = TOROIDAL_SURFACE('',#3261,0.8128,0.508);
#3261 = AXIS2_PLACEMENT_3D('',#3262,#3263,#3264);
#3262 = CARTESIAN_POINT('',(19.9528,-45.72,20.224199999999));
#3263 = DIRECTION('',(0.,-1.,0.));
#3264 = DIRECTION('',(5.52489E-12,0.,1.));
#3265 = ADVANCED_FACE('',(#3266),#3286,.T.);
#3266 = FACE_BOUND('',#3267,.T.);
#3267 = EDGE_LOOP('',(#3268,#3269,#3270,#3279));
#3268 = ORIENTED_EDGE('',*,*,#3227,.F.);
#3269 = ORIENTED_EDGE('',*,*,#1026,.T.);
#3270 = ORIENTED_EDGE('',*,*,#3271,.T.);
#3271 = EDGE_CURVE('',#1027,#3272,#3274,.T.);
#3272 = VERTEX_POINT('',#3273);
#3273 = CARTESIAN_POINT('',(35.697199999998,-45.72,20.528999999999));
#3274 = CIRCLE('',#3275,0.508);
#3275 = AXIS2_PLACEMENT_3D('',#3276,#3277,#3278);
#3276 = CARTESIAN_POINT('',(35.697199999996,-45.72,21.036999999999));
#3277 = DIRECTION('',(1.,0.,5.5082E-12));
#3278 = DIRECTION('',(-5.5082E-12,0.,1.));
#3279 = ORIENTED_EDGE('',*,*,#3280,.F.);
#3280 = EDGE_CURVE('',#3220,#3272,#3281,.T.);
#3281 = CIRCLE('',#3282,0.3048);
#3282 = AXIS2_PLACEMENT_3D('',#3283,#3284,#3285);
#3283 = CARTESIAN_POINT('',(35.6972,-45.72,20.224199999999));
#3284 = DIRECTION('',(0.,-1.,0.));
#3285 = DIRECTION('',(1.,0.,0.));
#3286 = TOROIDAL_SURFACE('',#3287,0.8128,0.508);
#3287 = AXIS2_PLACEMENT_3D('',#3288,#3289,#3290);
#3288 = CARTESIAN_POINT('',(35.6972,-45.72,20.224199999999));
#3289 = DIRECTION('',(0.,-1.,0.));
#3290 = DIRECTION('',(1.,0.,0.));
#3291 = ADVANCED_FACE('',(#3292),#3303,.T.);
#3292 = FACE_BOUND('',#3293,.F.);
#3293 = EDGE_LOOP('',(#3294,#3295,#3301,#3302));
#3294 = ORIENTED_EDGE('',*,*,#3271,.T.);
#3295 = ORIENTED_EDGE('',*,*,#3296,.T.);
#3296 = EDGE_CURVE('',#3272,#3244,#3297,.T.);
#3297 = LINE('',#3298,#3299);
#3298 = CARTESIAN_POINT('',(35.697199999998,-45.72,20.528999999999));
#3299 = VECTOR('',#3300,1.);
#3300 = DIRECTION('',(-1.,0.,0.));
#3301 = ORIENTED_EDGE('',*,*,#3243,.F.);
#3302 = ORIENTED_EDGE('',*,*,#1035,.F.);
#3303 = CYLINDRICAL_SURFACE('',#3304,0.508);
#3304 = AXIS2_PLACEMENT_3D('',#3305,#3306,#3307);
#3305 = CARTESIAN_POINT('',(35.697199999998,-45.72,21.036999999999));
#3306 = DIRECTION('',(-1.,0.,0.));
#3307 = DIRECTION('',(-0.,-1.,-0.));
#3308 = ADVANCED_FACE('',(#3309),#3336,.T.);
#3309 = FACE_BOUND('',#3310,.F.);
#3310 = EDGE_LOOP('',(#3311,#3320,#3328,#3335));
#3311 = ORIENTED_EDGE('',*,*,#3312,.T.);
#3312 = EDGE_CURVE('',#1070,#3313,#3315,.T.);
#3313 = VERTEX_POINT('',#3314);
#3314 = CARTESIAN_POINT('',(52.983999999929,-45.72,10.338999999927));
#3315 = CIRCLE('',#3316,0.508);
#3316 = AXIS2_PLACEMENT_3D('',#3317,#3318,#3319);
#3317 = CARTESIAN_POINT('',(52.983999999929,-45.72,10.846999999927));
#3318 = DIRECTION('',(1.,0.,0.));
#3319 = DIRECTION('',(0.,-1.,0.));
#3320 = ORIENTED_EDGE('',*,*,#3321,.T.);
#3321 = EDGE_CURVE('',#3313,#3322,#3324,.T.);
#3322 = VERTEX_POINT('',#3323);
#3323 = CARTESIAN_POINT('',(46.58400000007,-45.72,10.338999999927));
#3324 = LINE('',#3325,#3326);
#3325 = CARTESIAN_POINT('',(52.983999999929,-45.72,10.338999999927));
#3326 = VECTOR('',#3327,1.);
#3327 = DIRECTION('',(-1.,0.,0.));
#3328 = ORIENTED_EDGE('',*,*,#3329,.F.);
#3329 = EDGE_CURVE('',#1072,#3322,#3330,.T.);
#3330 = CIRCLE('',#3331,0.508);
#3331 = AXIS2_PLACEMENT_3D('',#3332,#3333,#3334);
#3332 = CARTESIAN_POINT('',(46.58400000007,-45.72,10.846999999927));
#3333 = DIRECTION('',(1.,0.,0.));
#3334 = DIRECTION('',(0.,-1.,0.));
#3335 = ORIENTED_EDGE('',*,*,#1069,.F.);
#3336 = CYLINDRICAL_SURFACE('',#3337,0.508);
#3337 = AXIS2_PLACEMENT_3D('',#3338,#3339,#3340);
#3338 = CARTESIAN_POINT('',(52.983999999929,-45.72,10.846999999927));
#3339 = DIRECTION('',(-1.,0.,0.));
#3340 = DIRECTION('',(-0.,-1.,-0.));
#3341 = ADVANCED_FACE('',(#3342),#3362,.T.);
#3342 = FACE_BOUND('',#3343,.T.);
#3343 = EDGE_LOOP('',(#3344,#3353,#3354,#3355));
#3344 = ORIENTED_EDGE('',*,*,#3345,.F.);
#3345 = EDGE_CURVE('',#1123,#3346,#3348,.T.);
#3346 = VERTEX_POINT('',#3347);
#3347 = CARTESIAN_POINT('',(54.380999999929,-45.72,8.941999999927));
#3348 = CIRCLE('',#3349,0.508);
#3349 = AXIS2_PLACEMENT_3D('',#3350,#3351,#3352);
#3350 = CARTESIAN_POINT('',(54.888999999929,-45.72,8.941999999927));
#3351 = DIRECTION('',(-0.,-2.2E-16,-1.));
#3352 = DIRECTION('',(0.,-1.,2.2E-16));
#3353 = ORIENTED_EDGE('',*,*,#1130,.T.);
#3354 = ORIENTED_EDGE('',*,*,#3312,.T.);
#3355 = ORIENTED_EDGE('',*,*,#3356,.F.);
#3356 = EDGE_CURVE('',#3346,#3313,#3357,.T.);
#3357 = CIRCLE('',#3358,1.397);
#3358 = AXIS2_PLACEMENT_3D('',#3359,#3360,#3361);
#3359 = CARTESIAN_POINT('',(52.983999999929,-45.72,8.941999999927));
#3360 = DIRECTION('',(0.,-1.,0.));
#3361 = DIRECTION('',(1.,0.,1.27E-15));
#3362 = TOROIDAL_SURFACE('',#3363,1.905,0.508);
#3363 = AXIS2_PLACEMENT_3D('',#3364,#3365,#3366);
#3364 = CARTESIAN_POINT('',(52.983999999929,-45.72,8.941999999927));
#3365 = DIRECTION('',(0.,-1.,0.));
#3366 = DIRECTION('',(1.,0.,1.27E-15));
#3367 = ADVANCED_FACE('',(#3368),#3388,.T.);
#3368 = FACE_BOUND('',#3369,.T.);
#3369 = EDGE_LOOP('',(#3370,#3371,#3372,#3381));
#3370 = ORIENTED_EDGE('',*,*,#3329,.F.);
#3371 = ORIENTED_EDGE('',*,*,#1079,.T.);
#3372 = ORIENTED_EDGE('',*,*,#3373,.T.);
#3373 = EDGE_CURVE('',#1080,#3374,#3376,.T.);
#3374 = VERTEX_POINT('',#3375);
#3375 = CARTESIAN_POINT('',(45.18700000007,-45.72,8.941999999927));
#3376 = CIRCLE('',#3377,0.508);
#3377 = AXIS2_PLACEMENT_3D('',#3378,#3379,#3380);
#3378 = CARTESIAN_POINT('',(44.67900000007,-45.72,8.941999999927));
#3379 = DIRECTION('',(7.3E-16,0.,1.));
#3380 = DIRECTION('',(-1.,0.,7.3E-16));
#3381 = ORIENTED_EDGE('',*,*,#3382,.F.);
#3382 = EDGE_CURVE('',#3322,#3374,#3383,.T.);
#3383 = CIRCLE('',#3384,1.397);
#3384 = AXIS2_PLACEMENT_3D('',#3385,#3386,#3387);
#3385 = CARTESIAN_POINT('',(46.58400000007,-45.72,8.941999999927));
#3386 = DIRECTION('',(0.,-1.,0.));
#3387 = DIRECTION('',(0.,0.,1.));
#3388 = TOROIDAL_SURFACE('',#3389,1.905,0.508);
#3389 = AXIS2_PLACEMENT_3D('',#3390,#3391,#3392);
#3390 = CARTESIAN_POINT('',(46.58400000007,-45.72,8.941999999927));
#3391 = DIRECTION('',(0.,-1.,0.));
#3392 = DIRECTION('',(0.,0.,1.));
#3393 = ADVANCED_FACE('',(#3394),#3413,.T.);
#3394 = FACE_BOUND('',#3395,.F.);
#3395 = EDGE_LOOP('',(#3396,#3405,#3411,#3412));
#3396 = ORIENTED_EDGE('',*,*,#3397,.T.);
#3397 = EDGE_CURVE('',#1114,#3398,#3400,.T.);
#3398 = VERTEX_POINT('',#3399);
#3399 = CARTESIAN_POINT('',(54.380999999929,-45.72,8.322000000069));
#3400 = CIRCLE('',#3401,0.508);
#3401 = AXIS2_PLACEMENT_3D('',#3402,#3403,#3404);
#3402 = CARTESIAN_POINT('',(54.888999999929,-45.72,8.322000000069));
#3403 = DIRECTION('',(5.02E-15,0.,-1.));
#3404 = DIRECTION('',(1.,0.,5.02E-15));
#3405 = ORIENTED_EDGE('',*,*,#3406,.T.);
#3406 = EDGE_CURVE('',#3398,#3346,#3407,.T.);
#3407 = LINE('',#3408,#3409);
#3408 = CARTESIAN_POINT('',(54.380999999929,-45.72,8.322000000069));
#3409 = VECTOR('',#3410,1.);
#3410 = DIRECTION('',(0.,2.2E-16,1.));
#3411 = ORIENTED_EDGE('',*,*,#3345,.F.);
#3412 = ORIENTED_EDGE('',*,*,#1122,.F.);
#3413 = CYLINDRICAL_SURFACE('',#3414,0.508);
#3414 = AXIS2_PLACEMENT_3D('',#3415,#3416,#3417);
#3415 = CARTESIAN_POINT('',(54.888999999929,-45.72,8.322000000069));
#3416 = DIRECTION('',(0.,2.2E-16,1.));
#3417 = DIRECTION('',(0.,-1.,2.2E-16));
#3418 = ADVANCED_FACE('',(#3419),#3438,.T.);
#3419 = FACE_BOUND('',#3420,.F.);
#3420 = EDGE_LOOP('',(#3421,#3422,#3430,#3437));
#3421 = ORIENTED_EDGE('',*,*,#3373,.T.);
#3422 = ORIENTED_EDGE('',*,*,#3423,.T.);
#3423 = EDGE_CURVE('',#3374,#3424,#3426,.T.);
#3424 = VERTEX_POINT('',#3425);
#3425 = CARTESIAN_POINT('',(45.18700000007,-45.72,8.322000000069));
#3426 = LINE('',#3427,#3428);
#3427 = CARTESIAN_POINT('',(45.18700000007,-45.72,8.941999999927));
#3428 = VECTOR('',#3429,1.);
#3429 = DIRECTION('',(0.,-2.2E-16,-1.));
#3430 = ORIENTED_EDGE('',*,*,#3431,.F.);
#3431 = EDGE_CURVE('',#1089,#3424,#3432,.T.);
#3432 = CIRCLE('',#3433,0.508);
#3433 = AXIS2_PLACEMENT_3D('',#3434,#3435,#3436);
#3434 = CARTESIAN_POINT('',(44.67900000007,-45.72,8.322000000069));
#3435 = DIRECTION('',(-0.,2.2E-16,1.));
#3436 = DIRECTION('',(0.,-1.,2.2E-16));
#3437 = ORIENTED_EDGE('',*,*,#1088,.F.);
#3438 = CYLINDRICAL_SURFACE('',#3439,0.508);
#3439 = AXIS2_PLACEMENT_3D('',#3440,#3441,#3442);
#3440 = CARTESIAN_POINT('',(44.67900000007,-45.72,8.941999999927));
#3441 = DIRECTION('',(0.,-2.2E-16,-1.));
#3442 = DIRECTION('',(0.,-1.,2.2E-16));
#3443 = ADVANCED_FACE('',(#3444),#3464,.T.);
#3444 = FACE_BOUND('',#3445,.T.);
#3445 = EDGE_LOOP('',(#3446,#3455,#3456,#3457));
#3446 = ORIENTED_EDGE('',*,*,#3447,.F.);
#3447 = EDGE_CURVE('',#1106,#3448,#3450,.T.);
#3448 = VERTEX_POINT('',#3449);
#3449 = CARTESIAN_POINT('',(52.983999999929,-45.72,6.925000000069));
#3450 = CIRCLE('',#3451,0.508);
#3451 = AXIS2_PLACEMENT_3D('',#3452,#3453,#3454);
#3452 = CARTESIAN_POINT('',(52.983999999929,-45.72,6.417000000069));
#3453 = DIRECTION('',(-1.,0.,0.));
#3454 = DIRECTION('',(0.,-1.,0.));
#3455 = ORIENTED_EDGE('',*,*,#1113,.T.);
#3456 = ORIENTED_EDGE('',*,*,#3397,.T.);
#3457 = ORIENTED_EDGE('',*,*,#3458,.F.);
#3458 = EDGE_CURVE('',#3448,#3398,#3459,.T.);
#3459 = CIRCLE('',#3460,1.397);
#3460 = AXIS2_PLACEMENT_3D('',#3461,#3462,#3463);
#3461 = CARTESIAN_POINT('',(52.983999999929,-45.72,8.322000000069));
#3462 = DIRECTION('',(0.,-1.,0.));
#3463 = DIRECTION('',(5.09E-15,0.,-1.));
#3464 = TOROIDAL_SURFACE('',#3465,1.905,0.508);
#3465 = AXIS2_PLACEMENT_3D('',#3466,#3467,#3468);
#3466 = CARTESIAN_POINT('',(52.983999999929,-45.72,8.322000000069));
#3467 = DIRECTION('',(0.,-1.,0.));
#3468 = DIRECTION('',(5.09E-15,0.,-1.));
#3469 = ADVANCED_FACE('',(#3470),#3490,.T.);
#3470 = FACE_BOUND('',#3471,.T.);
#3471 = EDGE_LOOP('',(#3472,#3473,#3474,#3483));
#3472 = ORIENTED_EDGE('',*,*,#3431,.F.);
#3473 = ORIENTED_EDGE('',*,*,#1096,.T.);
#3474 = ORIENTED_EDGE('',*,*,#3475,.T.);
#3475 = EDGE_CURVE('',#1097,#3476,#3478,.T.);
#3476 = VERTEX_POINT('',#3477);
#3477 = CARTESIAN_POINT('',(46.58400000007,-45.72,6.925000000069));
#3478 = CIRCLE('',#3479,0.508);
#3479 = AXIS2_PLACEMENT_3D('',#3480,#3481,#3482);
#3480 = CARTESIAN_POINT('',(46.58400000007,-45.72,6.417000000069));
#3481 = DIRECTION('',(-1.,-0.,-8.3E-16));
#3482 = DIRECTION('',(8.3E-16,0.,-1.));
#3483 = ORIENTED_EDGE('',*,*,#3484,.F.);
#3484 = EDGE_CURVE('',#3424,#3476,#3485,.T.);
#3485 = CIRCLE('',#3486,1.397);
#3486 = AXIS2_PLACEMENT_3D('',#3487,#3488,#3489);
#3487 = CARTESIAN_POINT('',(46.58400000007,-45.72,8.322000000069));
#3488 = DIRECTION('',(-0.,-1.,-0.));
#3489 = DIRECTION('',(-1.,0.,0.));
#3490 = TOROIDAL_SURFACE('',#3491,1.905,0.508);
#3491 = AXIS2_PLACEMENT_3D('',#3492,#3493,#3494);
#3492 = CARTESIAN_POINT('',(46.58400000007,-45.72,8.322000000069));
#3493 = DIRECTION('',(0.,-1.,0.));
#3494 = DIRECTION('',(-1.,0.,0.));
#3495 = ADVANCED_FACE('',(#3496),#3507,.T.);
#3496 = FACE_BOUND('',#3497,.F.);
#3497 = EDGE_LOOP('',(#3498,#3499,#3505,#3506));
#3498 = ORIENTED_EDGE('',*,*,#3475,.T.);
#3499 = ORIENTED_EDGE('',*,*,#3500,.T.);
#3500 = EDGE_CURVE('',#3476,#3448,#3501,.T.);
#3501 = LINE('',#3502,#3503);
#3502 = CARTESIAN_POINT('',(46.58400000007,-45.72,6.925000000069));
#3503 = VECTOR('',#3504,1.);
#3504 = DIRECTION('',(1.,0.,0.));
#3505 = ORIENTED_EDGE('',*,*,#3447,.F.);
#3506 = ORIENTED_EDGE('',*,*,#1105,.F.);
#3507 = CYLINDRICAL_SURFACE('',#3508,0.508);
#3508 = AXIS2_PLACEMENT_3D('',#3509,#3510,#3511);
#3509 = CARTESIAN_POINT('',(46.58400000007,-45.72,6.417000000069));
#3510 = DIRECTION('',(1.,0.,0.));
#3511 = DIRECTION('',(0.,-1.,0.));
#3512 = ADVANCED_FACE('',(#3513),#3525,.T.);
#3513 = FACE_BOUND('',#3514,.F.);
#3514 = EDGE_LOOP('',(#3515,#3516,#3517,#3518));
#3515 = ORIENTED_EDGE('',*,*,#1162,.F.);
#3516 = ORIENTED_EDGE('',*,*,#1147,.F.);
#3517 = ORIENTED_EDGE('',*,*,#1346,.T.);
#3518 = ORIENTED_EDGE('',*,*,#3519,.T.);
#3519 = EDGE_CURVE('',#1339,#1163,#3520,.T.);
#3520 = CIRCLE('',#3521,0.508);
#3521 = AXIS2_PLACEMENT_3D('',#3522,#3523,#3524);
#3522 = CARTESIAN_POINT('',(-70.61199999997,-14.86780210989,
    21.716999999999));
#3523 = DIRECTION('',(1.,-2.311E-14,-9.1509E-13));
#3524 = DIRECTION('',(2.591652658307E-13,0.965925826288,0.258819045105)
  );
#3525 = CYLINDRICAL_SURFACE('',#3526,0.508);
#3526 = AXIS2_PLACEMENT_3D('',#3527,#3528,#3529);
#3527 = CARTESIAN_POINT('',(-71.628,-14.86780210989,21.717));
#3528 = DIRECTION('',(1.,0.,0.));
#3529 = DIRECTION('',(0.,0.,1.));
#3530 = ADVANCED_FACE('',(#3531),#3558,.T.);
#3531 = FACE_BOUND('',#3532,.T.);
#3532 = EDGE_LOOP('',(#3533,#3542,#3543,#3552));
#3533 = ORIENTED_EDGE('',*,*,#3534,.T.);
#3534 = EDGE_CURVE('',#3535,#1163,#3537,.T.);
#3535 = VERTEX_POINT('',#3536);
#3536 = CARTESIAN_POINT('',(-70.10399999997,-14.86780210989,21.717));
#3537 = CIRCLE('',#3538,0.508);
#3538 = AXIS2_PLACEMENT_3D('',#3539,#3540,#3541);
#3539 = CARTESIAN_POINT('',(-70.61199999997,-14.86780210989,
    21.716999999999));
#3540 = DIRECTION('',(-2.311E-14,-1.,-1.7587E-12));
#3541 = DIRECTION('',(9.1509E-13,-1.7587E-12,1.));
#3542 = ORIENTED_EDGE('',*,*,#1239,.T.);
#3543 = ORIENTED_EDGE('',*,*,#3544,.F.);
#3544 = EDGE_CURVE('',#3545,#1231,#3547,.T.);
#3545 = VERTEX_POINT('',#3546);
#3546 = CARTESIAN_POINT('',(-70.10399999997,-39.36999999996,21.717));
#3547 = CIRCLE('',#3548,0.508);
#3548 = AXIS2_PLACEMENT_3D('',#3549,#3550,#3551);
#3549 = CARTESIAN_POINT('',(-70.61199999997,-39.36999999996,21.717));
#3550 = DIRECTION('',(0.,-1.,0.));
#3551 = DIRECTION('',(1.,0.,-9.1509E-13));
#3552 = ORIENTED_EDGE('',*,*,#3553,.F.);
#3553 = EDGE_CURVE('',#3535,#3545,#3554,.T.);
#3554 = LINE('',#3555,#3556);
#3555 = CARTESIAN_POINT('',(-70.10399999997,-14.86780210989,21.717));
#3556 = VECTOR('',#3557,1.);
#3557 = DIRECTION('',(0.,-1.,0.));
#3558 = CYLINDRICAL_SURFACE('',#3559,0.508);
#3559 = AXIS2_PLACEMENT_3D('',#3560,#3561,#3562);
#3560 = CARTESIAN_POINT('',(-70.61199999997,-14.86780210989,21.717));
#3561 = DIRECTION('',(0.,-1.,0.));
#3562 = DIRECTION('',(1.,0.,-9.1509E-13));
#3563 = ADVANCED_FACE('',(#3564),#3584,.T.);
#3564 = FACE_BOUND('',#3565,.F.);
#3565 = EDGE_LOOP('',(#3566,#3567,#3576,#3583));
#3566 = ORIENTED_EDGE('',*,*,#3544,.F.);
#3567 = ORIENTED_EDGE('',*,*,#3568,.T.);
#3568 = EDGE_CURVE('',#3545,#3569,#3571,.T.);
#3569 = VERTEX_POINT('',#3570);
#3570 = CARTESIAN_POINT('',(-64.76999999997,-44.70399999996,21.717));
#3571 = CIRCLE('',#3572,5.334);
#3572 = AXIS2_PLACEMENT_3D('',#3573,#3574,#3575);
#3573 = CARTESIAN_POINT('',(-64.76999999997,-39.36999999996,21.717));
#3574 = DIRECTION('',(0.,0.,1.));
#3575 = DIRECTION('',(-1.,1.079E-13,0.));
#3576 = ORIENTED_EDGE('',*,*,#3577,.T.);
#3577 = EDGE_CURVE('',#3569,#1223,#3578,.T.);
#3578 = CIRCLE('',#3579,0.508);
#3579 = AXIS2_PLACEMENT_3D('',#3580,#3581,#3582);
#3580 = CARTESIAN_POINT('',(-64.76999999997,-45.21199999996,21.717));
#3581 = DIRECTION('',(1.,-9.4E-16,0.));
#3582 = DIRECTION('',(-9.4E-16,-1.,0.));
#3583 = ORIENTED_EDGE('',*,*,#1230,.F.);
#3584 = TOROIDAL_SURFACE('',#3585,5.842,0.508);
#3585 = AXIS2_PLACEMENT_3D('',#3586,#3587,#3588);
#3586 = CARTESIAN_POINT('',(-64.76999999997,-39.36999999996,21.717));
#3587 = DIRECTION('',(-0.,-0.,-1.));
#3588 = DIRECTION('',(-1.,1.079E-13,0.));
#3589 = ADVANCED_FACE('',(#3590),#3609,.T.);
#3590 = FACE_BOUND('',#3591,.T.);
#3591 = EDGE_LOOP('',(#3592,#3593,#3594,#3603));
#3592 = ORIENTED_EDGE('',*,*,#3577,.T.);
#3593 = ORIENTED_EDGE('',*,*,#1222,.T.);
#3594 = ORIENTED_EDGE('',*,*,#3595,.F.);
#3595 = EDGE_CURVE('',#3596,#1214,#3598,.T.);
#3596 = VERTEX_POINT('',#3597);
#3597 = CARTESIAN_POINT('',(64.76999999997,-44.70399999996,21.717));
#3598 = CIRCLE('',#3599,0.508);
#3599 = AXIS2_PLACEMENT_3D('',#3600,#3601,#3602);
#3600 = CARTESIAN_POINT('',(64.76999999997,-45.21199999996,21.717));
#3601 = DIRECTION('',(1.,0.,0.));
#3602 = DIRECTION('',(0.,1.,0.));
#3603 = ORIENTED_EDGE('',*,*,#3604,.F.);
#3604 = EDGE_CURVE('',#3569,#3596,#3605,.T.);
#3605 = LINE('',#3606,#3607);
#3606 = CARTESIAN_POINT('',(-64.76999999997,-44.70399999996,21.717));
#3607 = VECTOR('',#3608,1.);
#3608 = DIRECTION('',(1.,0.,0.));
#3609 = CYLINDRICAL_SURFACE('',#3610,0.508);
#3610 = AXIS2_PLACEMENT_3D('',#3611,#3612,#3613);
#3611 = CARTESIAN_POINT('',(-64.76999999997,-45.21199999996,21.717));
#3612 = DIRECTION('',(1.,0.,0.));
#3613 = DIRECTION('',(0.,1.,0.));
#3614 = ADVANCED_FACE('',(#3615),#3627,.T.);
#3615 = FACE_BOUND('',#3616,.T.);
#3616 = EDGE_LOOP('',(#3617,#3618,#3619,#3626));
#3617 = ORIENTED_EDGE('',*,*,#2564,.F.);
#3618 = ORIENTED_EDGE('',*,*,#2607,.T.);
#3619 = ORIENTED_EDGE('',*,*,#3620,.T.);
#3620 = EDGE_CURVE('',#1761,#1181,#3621,.T.);
#3621 = CIRCLE('',#3622,0.508);
#3622 = AXIS2_PLACEMENT_3D('',#3623,#3624,#3625);
#3623 = CARTESIAN_POINT('',(71.12,-39.37,21.717));
#3624 = DIRECTION('',(-6.E-17,-1.,0.));
#3625 = DIRECTION('',(1.,-6.E-17,0.));
#3626 = ORIENTED_EDGE('',*,*,#1180,.F.);
#3627 = TOROIDAL_SURFACE('',#3628,6.35,0.508);
#3628 = AXIS2_PLACEMENT_3D('',#3629,#3630,#3631);
#3629 = CARTESIAN_POINT('',(64.77,-39.37,21.717));
#3630 = DIRECTION('',(0.,0.,1.));
#3631 = DIRECTION('',(0.,-1.,0.));
#3632 = ADVANCED_FACE('',(#3633),#3653,.T.);
#3633 = FACE_BOUND('',#3634,.F.);
#3634 = EDGE_LOOP('',(#3635,#3636,#3645,#3652));
#3635 = ORIENTED_EDGE('',*,*,#3595,.F.);
#3636 = ORIENTED_EDGE('',*,*,#3637,.T.);
#3637 = EDGE_CURVE('',#3596,#3638,#3640,.T.);
#3638 = VERTEX_POINT('',#3639);
#3639 = CARTESIAN_POINT('',(70.10399999997,-39.36999999996,21.717));
#3640 = CIRCLE('',#3641,5.334);
#3641 = AXIS2_PLACEMENT_3D('',#3642,#3643,#3644);
#3642 = CARTESIAN_POINT('',(64.76999999997,-39.36999999996,21.717));
#3643 = DIRECTION('',(-0.,0.,1.));
#3644 = DIRECTION('',(0.,-1.,0.));
#3645 = ORIENTED_EDGE('',*,*,#3646,.T.);
#3646 = EDGE_CURVE('',#3638,#1206,#3647,.T.);
#3647 = CIRCLE('',#3648,0.508);
#3648 = AXIS2_PLACEMENT_3D('',#3649,#3650,#3651);
#3649 = CARTESIAN_POINT('',(70.61199999997,-39.36999999996,21.717));
#3650 = DIRECTION('',(-1.0741E-13,1.,0.));
#3651 = DIRECTION('',(1.,1.0741E-13,0.));
#3652 = ORIENTED_EDGE('',*,*,#1213,.F.);
#3653 = TOROIDAL_SURFACE('',#3654,5.842,0.508);
#3654 = AXIS2_PLACEMENT_3D('',#3655,#3656,#3657);
#3655 = CARTESIAN_POINT('',(64.76999999997,-39.36999999996,21.717));
#3656 = DIRECTION('',(-0.,-0.,-1.));
#3657 = DIRECTION('',(0.,-1.,0.));
#3658 = ADVANCED_FACE('',(#3659),#3671,.T.);
#3659 = FACE_BOUND('',#3660,.F.);
#3660 = EDGE_LOOP('',(#3661,#3662,#3663,#3670));
#3661 = ORIENTED_EDGE('',*,*,#3620,.T.);
#3662 = ORIENTED_EDGE('',*,*,#1189,.T.);
#3663 = ORIENTED_EDGE('',*,*,#3664,.F.);
#3664 = EDGE_CURVE('',#1769,#1190,#3665,.T.);
#3665 = CIRCLE('',#3666,0.508);
#3666 = AXIS2_PLACEMENT_3D('',#3667,#3668,#3669);
#3667 = CARTESIAN_POINT('',(71.12,-14.86780210989,21.717));
#3668 = DIRECTION('',(0.,-1.,0.));
#3669 = DIRECTION('',(1.,0.,0.));
#3670 = ORIENTED_EDGE('',*,*,#1768,.F.);
#3671 = CYLINDRICAL_SURFACE('',#3672,0.508);
#3672 = AXIS2_PLACEMENT_3D('',#3673,#3674,#3675);
#3673 = CARTESIAN_POINT('',(71.12,-39.37,21.717));
#3674 = DIRECTION('',(0.,1.,0.));
#3675 = DIRECTION('',(1.,0.,0.));
#3676 = ADVANCED_FACE('',(#3677),#3696,.T.);
#3677 = FACE_BOUND('',#3678,.T.);
#3678 = EDGE_LOOP('',(#3679,#3680,#3681,#3690));
#3679 = ORIENTED_EDGE('',*,*,#3646,.T.);
#3680 = ORIENTED_EDGE('',*,*,#1205,.T.);
#3681 = ORIENTED_EDGE('',*,*,#3682,.F.);
#3682 = EDGE_CURVE('',#3683,#1198,#3685,.T.);
#3683 = VERTEX_POINT('',#3684);
#3684 = CARTESIAN_POINT('',(70.103999999973,-14.86780210989,21.717));
#3685 = CIRCLE('',#3686,0.508);
#3686 = AXIS2_PLACEMENT_3D('',#3687,#3688,#3689);
#3687 = CARTESIAN_POINT('',(70.611999999973,-14.86780210989,21.717));
#3688 = DIRECTION('',(0.,1.,0.));
#3689 = DIRECTION('',(-1.,0.,-9.1509E-13));
#3690 = ORIENTED_EDGE('',*,*,#3691,.F.);
#3691 = EDGE_CURVE('',#3638,#3683,#3692,.T.);
#3692 = LINE('',#3693,#3694);
#3693 = CARTESIAN_POINT('',(70.103999999973,-39.36999999996,21.717));
#3694 = VECTOR('',#3695,1.);
#3695 = DIRECTION('',(0.,1.,0.));
#3696 = CYLINDRICAL_SURFACE('',#3697,0.508);
#3697 = AXIS2_PLACEMENT_3D('',#3698,#3699,#3700);
#3698 = CARTESIAN_POINT('',(70.611999999973,-39.36999999996,21.717));
#3699 = DIRECTION('',(0.,1.,0.));
#3700 = DIRECTION('',(-1.,0.,-9.1509E-13));
#3701 = ADVANCED_FACE('',(#3702),#3729,.T.);
#3702 = FACE_BOUND('',#3703,.F.);
#3703 = EDGE_LOOP('',(#3704,#3705,#3714,#3722));
#3704 = ORIENTED_EDGE('',*,*,#1197,.F.);
#3705 = ORIENTED_EDGE('',*,*,#3706,.T.);
#3706 = EDGE_CURVE('',#1198,#3707,#3709,.T.);
#3707 = VERTEX_POINT('',#3708);
#3708 = CARTESIAN_POINT('',(70.611999999973,-14.37711179013,
    21.848480074913));
#3709 = CIRCLE('',#3710,0.508);
#3710 = AXIS2_PLACEMENT_3D('',#3711,#3712,#3713);
#3711 = CARTESIAN_POINT('',(70.611999999973,-14.86780210989,21.717));
#3712 = DIRECTION('',(-1.,-2.311E-14,-9.1509E-13));
#3713 = DIRECTION('',(-9.1509E-13,2.13E-15,1.));
#3714 = ORIENTED_EDGE('',*,*,#3715,.T.);
#3715 = EDGE_CURVE('',#3707,#3716,#3718,.T.);
#3716 = VERTEX_POINT('',#3717);
#3717 = CARTESIAN_POINT('',(71.12,-14.37711179013,21.848480074912));
#3718 = LINE('',#3719,#3720);
#3719 = CARTESIAN_POINT('',(70.10399999997,-14.37711179013,
    21.848480074912));
#3720 = VECTOR('',#3721,1.);
#3721 = DIRECTION('',(1.,0.,0.));
#3722 = ORIENTED_EDGE('',*,*,#3723,.F.);
#3723 = EDGE_CURVE('',#1190,#3716,#3724,.T.);
#3724 = CIRCLE('',#3725,0.508);
#3725 = AXIS2_PLACEMENT_3D('',#3726,#3727,#3728);
#3726 = CARTESIAN_POINT('',(71.12,-14.86780210989,21.717));
#3727 = DIRECTION('',(-1.,0.,0.));
#3728 = DIRECTION('',(0.,0.,1.));
#3729 = CYLINDRICAL_SURFACE('',#3730,0.508);
#3730 = AXIS2_PLACEMENT_3D('',#3731,#3732,#3733);
#3731 = CARTESIAN_POINT('',(70.10399999997,-14.86780210989,21.717));
#3732 = DIRECTION('',(1.,0.,0.));
#3733 = DIRECTION('',(0.,0.,1.));
#3734 = ADVANCED_FACE('',(#3735),#3747,.T.);
#3735 = FACE_BOUND('',#3736,.F.);
#3736 = EDGE_LOOP('',(#3737,#3744,#3745,#3746));
#3737 = ORIENTED_EDGE('',*,*,#3738,.T.);
#3738 = EDGE_CURVE('',#1305,#1362,#3739,.T.);
#3739 = CIRCLE('',#3740,1.27);
#3740 = AXIS2_PLACEMENT_3D('',#3741,#3742,#3743);
#3741 = CARTESIAN_POINT('',(64.77,44.958,1.27));
#3742 = DIRECTION('',(1.,-2.1E-16,0.));
#3743 = DIRECTION('',(2.1E-16,1.,0.));
#3744 = ORIENTED_EDGE('',*,*,#1371,.T.);
#3745 = ORIENTED_EDGE('',*,*,#1253,.F.);
#3746 = ORIENTED_EDGE('',*,*,#1313,.F.);
#3747 = CYLINDRICAL_SURFACE('',#3748,1.27);
#3748 = AXIS2_PLACEMENT_3D('',#3749,#3750,#3751);
#3749 = CARTESIAN_POINT('',(64.77,44.958,1.27));
#3750 = DIRECTION('',(-1.,0.,0.));
#3751 = DIRECTION('',(0.,0.,-1.));
#3752 = ADVANCED_FACE('',(#3753),#3765,.T.);
#3753 = FACE_BOUND('',#3754,.T.);
#3754 = EDGE_LOOP('',(#3755,#3756,#3757,#3764));
#3755 = ORIENTED_EDGE('',*,*,#2582,.F.);
#3756 = ORIENTED_EDGE('',*,*,#1287,.T.);
#3757 = ORIENTED_EDGE('',*,*,#3758,.T.);
#3758 = EDGE_CURVE('',#1288,#1759,#3759,.T.);
#3759 = CIRCLE('',#3760,1.27);
#3760 = AXIS2_PLACEMENT_3D('',#3761,#3762,#3763);
#3761 = CARTESIAN_POINT('',(70.358,-39.37,1.27));
#3762 = DIRECTION('',(-6.E-17,-1.,0.));
#3763 = DIRECTION('',(1.,-6.E-17,0.));
#3764 = ORIENTED_EDGE('',*,*,#2599,.F.);
#3765 = TOROIDAL_SURFACE('',#3766,5.588,1.27);
#3766 = AXIS2_PLACEMENT_3D('',#3767,#3768,#3769);
#3767 = CARTESIAN_POINT('',(64.77,-39.37,1.27));
#3768 = DIRECTION('',(0.,0.,1.));
#3769 = DIRECTION('',(0.,-1.,0.));
#3770 = ADVANCED_FACE('',(#3771),#3783,.T.);
#3771 = FACE_BOUND('',#3772,.F.);
#3772 = EDGE_LOOP('',(#3773,#3774,#3775,#3782));
#3773 = ORIENTED_EDGE('',*,*,#3758,.T.);
#3774 = ORIENTED_EDGE('',*,*,#1810,.T.);
#3775 = ORIENTED_EDGE('',*,*,#3776,.F.);
#3776 = EDGE_CURVE('',#1297,#1709,#3777,.T.);
#3777 = CIRCLE('',#3778,1.27);
#3778 = AXIS2_PLACEMENT_3D('',#3779,#3780,#3781);
#3779 = CARTESIAN_POINT('',(70.358,39.37,1.27));
#3780 = DIRECTION('',(0.,-1.,0.));
#3781 = DIRECTION('',(0.,0.,-1.));
#3782 = ORIENTED_EDGE('',*,*,#1296,.F.);
#3783 = CYLINDRICAL_SURFACE('',#3784,1.27);
#3784 = AXIS2_PLACEMENT_3D('',#3785,#3786,#3787);
#3785 = CARTESIAN_POINT('',(70.358,-39.37,1.27));
#3786 = DIRECTION('',(0.,1.,0.));
#3787 = DIRECTION('',(0.,0.,-1.));
#3788 = ADVANCED_FACE('',(#3789),#3795,.T.);
#3789 = FACE_BOUND('',#3790,.T.);
#3790 = EDGE_LOOP('',(#3791,#3792,#3793,#3794));
#3791 = ORIENTED_EDGE('',*,*,#3776,.F.);
#3792 = ORIENTED_EDGE('',*,*,#1304,.T.);
#3793 = ORIENTED_EDGE('',*,*,#3738,.T.);
#3794 = ORIENTED_EDGE('',*,*,#1708,.F.);
#3795 = TOROIDAL_SURFACE('',#3796,5.588,1.27);
#3796 = AXIS2_PLACEMENT_3D('',#3797,#3798,#3799);
#3797 = CARTESIAN_POINT('',(64.77,39.37,1.27));
#3798 = DIRECTION('',(0.,0.,1.));
#3799 = DIRECTION('',(1.,-1.04E-15,0.));
#3800 = ADVANCED_FACE('',(#3801),#3826,.T.);
#3801 = FACE_BOUND('',#3802,.T.);
#3802 = EDGE_LOOP('',(#3803,#3812,#3813,#3820));
#3803 = ORIENTED_EDGE('',*,*,#3804,.T.);
#3804 = EDGE_CURVE('',#3805,#1331,#3807,.T.);
#3805 = VERTEX_POINT('',#3806);
#3806 = CARTESIAN_POINT('',(-70.10399999997,-13.16392387304,
    15.358039850174));
#3807 = CIRCLE('',#3808,0.508);
#3808 = AXIS2_PLACEMENT_3D('',#3809,#3810,#3811);
#3809 = CARTESIAN_POINT('',(-70.61199999997,-13.16392387304,
    15.358039850175));
#3810 = DIRECTION('',(8.7793E-13,-0.258819045103,0.965925826289));
#3811 = DIRECTION('',(-2.5916E-13,-0.965925826289,-0.258819045103));
#3812 = ORIENTED_EDGE('',*,*,#1338,.T.);
#3813 = ORIENTED_EDGE('',*,*,#3814,.F.);
#3814 = EDGE_CURVE('',#3535,#1339,#3815,.T.);
#3815 = CIRCLE('',#3816,0.508);
#3816 = AXIS2_PLACEMENT_3D('',#3817,#3818,#3819);
#3817 = CARTESIAN_POINT('',(-70.61199999997,-14.86780210989,21.717));
#3818 = DIRECTION('',(8.7793E-13,-0.258819045103,0.965925826289));
#3819 = DIRECTION('',(1.,-2.310941927387E-14,-9.150921672994E-13));
#3820 = ORIENTED_EDGE('',*,*,#3821,.F.);
#3821 = EDGE_CURVE('',#3805,#3535,#3822,.T.);
#3822 = LINE('',#3823,#3824);
#3823 = CARTESIAN_POINT('',(-70.10399999997,-13.16392387304,
    15.358039850176));
#3824 = VECTOR('',#3825,1.);
#3825 = DIRECTION('',(8.7793E-13,-0.258819045103,0.965925826289));
#3826 = CYLINDRICAL_SURFACE('',#3827,0.508);
#3827 = AXIS2_PLACEMENT_3D('',#3828,#3829,#3830);
#3828 = CARTESIAN_POINT('',(-70.61199999997,-13.16392387304,
    15.358039850176));
#3829 = DIRECTION('',(8.7793E-13,-0.258819045103,0.965925826289));
#3830 = DIRECTION('',(1.,-2.310941927387E-14,-9.150921672994E-13));
#3831 = ADVANCED_FACE('',(#3832),#3852,.T.);
#3832 = FACE_BOUND('',#3833,.F.);
#3833 = EDGE_LOOP('',(#3834,#3843,#3850,#3851));
#3834 = ORIENTED_EDGE('',*,*,#3835,.F.);
#3835 = EDGE_CURVE('',#3836,#1388,#3838,.T.);
#3836 = VERTEX_POINT('',#3837);
#3837 = CARTESIAN_POINT('',(-70.10399999997,-12.18254323353,14.605));
#3838 = CIRCLE('',#3839,0.508);
#3839 = AXIS2_PLACEMENT_3D('',#3840,#3841,#3842);
#3840 = CARTESIAN_POINT('',(-70.61199999997,-12.18254323353,14.605));
#3841 = DIRECTION('',(-2.311E-14,-1.,0.));
#3842 = DIRECTION('',(1.,-2.311E-14,-9.1509E-13));
#3843 = ORIENTED_EDGE('',*,*,#3844,.T.);
#3844 = EDGE_CURVE('',#3836,#3805,#3845,.T.);
#3845 = CIRCLE('',#3846,1.016);
#3846 = AXIS2_PLACEMENT_3D('',#3847,#3848,#3849);
#3847 = CARTESIAN_POINT('',(-70.10399999997,-12.18254323353,
    15.620999999999));
#3848 = DIRECTION('',(-1.,2.311E-14,9.1509E-13));
#3849 = DIRECTION('',(-9.1509E-13,6.857E-14,-1.));
#3850 = ORIENTED_EDGE('',*,*,#3804,.T.);
#3851 = ORIENTED_EDGE('',*,*,#1395,.F.);
#3852 = TOROIDAL_SURFACE('',#3853,1.016,0.508);
#3853 = AXIS2_PLACEMENT_3D('',#3854,#3855,#3856);
#3854 = CARTESIAN_POINT('',(-70.61199999997,-12.18254323353,
    15.620999999999));
#3855 = DIRECTION('',(1.,-2.311E-14,-9.1509E-13));
#3856 = DIRECTION('',(-9.1509E-13,6.857E-14,-1.));
#3857 = ADVANCED_FACE('',(#3858),#3876,.T.);
#3858 = FACE_BOUND('',#3859,.T.);
#3859 = EDGE_LOOP('',(#3860,#3861,#3874,#3875));
#3860 = ORIENTED_EDGE('',*,*,#2451,.T.);
#3861 = ORIENTED_EDGE('',*,*,#3862,.F.);
#3862 = EDGE_CURVE('',#1411,#2437,#3863,.T.);
#3863 = ( BOUNDED_CURVE() B_SPLINE_CURVE(9,(#3864,#3865,#3866,#3867,
    #3868,#3869,#3870,#3871,#3872,#3873),.UNSPECIFIED.,.F.,.F.) 
B_SPLINE_CURVE_WITH_KNOTS((10,10),(0.,0.423547244353),
.PIECEWISE_BEZIER_KNOTS.) CURVE() GEOMETRIC_REPRESENTATION_ITEM() 
RATIONAL_B_SPLINE_CURVE((1.,1.,1.,1.,1.,1.,1.,1.,1.,1.)) 
REPRESENTATION_ITEM('') );
#3864 = CARTESIAN_POINT('',(-70.61199999997,35.067726633915,
    14.736480074912));
#3865 = CARTESIAN_POINT('',(-70.61199999997,35.047757368366,
    14.811006388531));
#3866 = CARTESIAN_POINT('',(-70.61197749763,35.015077505178,
    14.882139292498));
#3867 = CARTESIAN_POINT('',(-70.61308002518,34.970160703463,
    14.947243931517));
#3868 = CARTESIAN_POINT('',(-70.61556908096,34.915000400932,
    15.004548341191));
#3869 = CARTESIAN_POINT('',(-70.62209682044,34.849460113206,
    15.050570496179));
#3870 = CARTESIAN_POINT('',(-70.63051684545,34.779552350683,
    15.085705197153));
#3871 = CARTESIAN_POINT('',(-70.64527529042,34.703805430197,
    15.105895689335));
#3872 = CARTESIAN_POINT('',(-70.66194718032,34.633808059243,15.113));
#3873 = CARTESIAN_POINT('',(-70.67473582698,34.57703631416,15.113));
#3874 = ORIENTED_EDGE('',*,*,#1410,.F.);
#3875 = ORIENTED_EDGE('',*,*,#2393,.T.);
#3876 = CYLINDRICAL_SURFACE('',#3877,0.508);
#3877 = AXIS2_PLACEMENT_3D('',#3878,#3879,#3880);
#3878 = CARTESIAN_POINT('',(-71.628,34.57703631416,14.605));
#3879 = DIRECTION('',(1.,0.,0.));
#3880 = DIRECTION('',(0.,0.965925826289,0.258819045103));
#3881 = ADVANCED_FACE('',(#3882),#3922,.T.);
#3882 = FACE_BOUND('',#3883,.F.);
#3883 = EDGE_LOOP('',(#3884,#3892,#3907,#3920,#3921));
#3884 = ORIENTED_EDGE('',*,*,#3885,.F.);
#3885 = EDGE_CURVE('',#3886,#1436,#3888,.T.);
#3886 = VERTEX_POINT('',#3887);
#3887 = CARTESIAN_POINT('',(-70.10399999997,34.578399379907,
    14.599912969377));
#3888 = LINE('',#3889,#3890);
#3889 = CARTESIAN_POINT('',(-70.10399999997,34.476148104299,
    14.981519925088));
#3890 = VECTOR('',#3891,1.);
#3891 = DIRECTION('',(-8.7793E-13,0.258819045103,-0.965925826289));
#3892 = ORIENTED_EDGE('',*,*,#3893,.F.);
#3893 = EDGE_CURVE('',#3894,#3886,#3896,.T.);
#3894 = VERTEX_POINT('',#3895);
#3895 = CARTESIAN_POINT('',(-70.12140841937,34.720616902444,
    14.578571589862));
#3896 = ( BOUNDED_CURVE() B_SPLINE_CURVE(9,(#3897,#3898,#3899,#3900,
    #3901,#3902,#3903,#3904,#3905,#3906),.UNSPECIFIED.,.F.,.F.) 
B_SPLINE_CURVE_WITH_KNOTS((10,10),(0.423547244353,0.79275441382),
.PIECEWISE_BEZIER_KNOTS.) CURVE() GEOMETRIC_REPRESENTATION_ITEM() 
RATIONAL_B_SPLINE_CURVE((1.,1.,1.,1.,1.,1.,1.,1.,1.,1.)) 
REPRESENTATION_ITEM('') );
#3897 = CARTESIAN_POINT('',(-70.12140841937,34.720616902444,
    14.578571589862));
#3898 = CARTESIAN_POINT('',(-70.10862516181,34.677548993872,
    14.555525950049));
#3899 = CARTESIAN_POINT('',(-70.10475492012,34.644607471514,
    14.542862193282));
#3900 = CARTESIAN_POINT('',(-70.10535133189,34.625233749793,
    14.543035298547));
#3901 = CARTESIAN_POINT('',(-70.10404624689,34.615552317217,
    14.553623102963));
#3902 = CARTESIAN_POINT('',(-70.10440591595,34.605009259891,
    14.562363085308));
#3903 = CARTESIAN_POINT('',(-70.10409736356,34.599241281084,
    14.574745105081));
#3904 = CARTESIAN_POINT('',(-70.10409418336,34.592793730832,
    14.584917960181));
#3905 = CARTESIAN_POINT('',(-70.10399999997,34.586535705418,
    14.593713426204));
#3906 = CARTESIAN_POINT('',(-70.10399999997,34.578399379907,
    14.599912969377));
#3907 = ORIENTED_EDGE('',*,*,#3908,.F.);
#3908 = EDGE_CURVE('',#1411,#3894,#3909,.T.);
#3909 = ( BOUNDED_CURVE() B_SPLINE_CURVE(9,(#3910,#3911,#3912,#3913,
    #3914,#3915,#3916,#3917,#3918,#3919),.UNSPECIFIED.,.F.,.F.) 
B_SPLINE_CURVE_WITH_KNOTS((10,10),(0.,0.423547244353),
.PIECEWISE_BEZIER_KNOTS.) CURVE() GEOMETRIC_REPRESENTATION_ITEM() 
RATIONAL_B_SPLINE_CURVE((1.,1.,1.,1.,1.,1.,1.,1.,1.,1.)) 
REPRESENTATION_ITEM('') );
#3910 = CARTESIAN_POINT('',(-70.61199999997,35.067726633915,
    14.736480074912));
#3911 = CARTESIAN_POINT('',(-70.53484468267,35.067726633915,
    14.736480074912));
#3912 = CARTESIAN_POINT('',(-70.45767702652,35.055013260119,
    14.733097023415));
#3913 = CARTESIAN_POINT('',(-70.38316783251,35.029666952223,
    14.725162850961));
#3914 = CARTESIAN_POINT('',(-70.31353197919,34.993172434156,
    14.712811258231));
#3915 = CARTESIAN_POINT('',(-70.2521306546,34.945214156356,
    14.69319451779));
#3916 = CARTESIAN_POINT('',(-70.20007428994,34.890964045964,
    14.669954374612));
#3917 = CARTESIAN_POINT('',(-70.16100289291,34.829125316906,
    14.63808879626));
#3918 = CARTESIAN_POINT('',(-70.13607312244,34.770023564893,
    14.60500909716));
#3919 = CARTESIAN_POINT('',(-70.12140841937,34.720616902444,
    14.578571589862));
#3920 = ORIENTED_EDGE('',*,*,#1420,.T.);
#3921 = ORIENTED_EDGE('',*,*,#1447,.F.);
#3922 = CYLINDRICAL_SURFACE('',#3923,0.508);
#3923 = AXIS2_PLACEMENT_3D('',#3924,#3925,#3926);
#3924 = CARTESIAN_POINT('',(-70.61199999997,34.476148104299,
    14.981519925088));
#3925 = DIRECTION('',(-8.7793E-13,0.258819045103,-0.965925826289));
#3926 = DIRECTION('',(1.,-2.310941927387E-14,-9.150921672994E-13));
#3927 = ADVANCED_FACE('',(#3928),#3939,.F.);
#3928 = FACE_BOUND('',#3929,.T.);
#3929 = EDGE_LOOP('',(#3930,#3931,#3932));
#3930 = ORIENTED_EDGE('',*,*,#1640,.F.);
#3931 = ORIENTED_EDGE('',*,*,#1608,.T.);
#3932 = ORIENTED_EDGE('',*,*,#3933,.F.);
#3933 = EDGE_CURVE('',#1633,#1601,#3934,.T.);
#3934 = CIRCLE('',#3935,0.508);
#3935 = AXIS2_PLACEMENT_3D('',#3936,#3937,#3938);
#3936 = CARTESIAN_POINT('',(-69.59599999999,34.798,2.032));
#3937 = DIRECTION('',(-0.,-0.,-1.));
#3938 = DIRECTION('',(0.,-1.,0.));
#3939 = SPHERICAL_SURFACE('',#3940,0.508);
#3940 = AXIS2_PLACEMENT_3D('',#3941,#3942,#3943);
#3941 = CARTESIAN_POINT('',(-69.59599999999,34.798,2.032));
#3942 = DIRECTION('',(0.,0.,1.));
#3943 = DIRECTION('',(0.,-1.,0.));
#3944 = ADVANCED_FACE('',(#3945,#3979,#4058),#4128,.T.);
#3945 = FACE_BOUND('',#3946,.T.);
#3946 = EDGE_LOOP('',(#3947,#3957,#3965,#3973));
#3947 = ORIENTED_EDGE('',*,*,#3948,.T.);
#3948 = EDGE_CURVE('',#3949,#3951,#3953,.T.);
#3949 = VERTEX_POINT('',#3950);
#3950 = CARTESIAN_POINT('',(-70.10399999997,-21.47180210989,18.034));
#3951 = VERTEX_POINT('',#3952);
#3952 = CARTESIAN_POINT('',(-70.10399999997,-28.58380210989,18.034));
#3953 = LINE('',#3954,#3955);
#3954 = CARTESIAN_POINT('',(-70.10399999997,-21.72580210989,18.034));
#3955 = VECTOR('',#3956,1.);
#3956 = DIRECTION('',(0.,-1.,0.));
#3957 = ORIENTED_EDGE('',*,*,#3958,.T.);
#3958 = EDGE_CURVE('',#3951,#3959,#3961,.T.);
#3959 = VERTEX_POINT('',#3960);
#3960 = CARTESIAN_POINT('',(-70.10399999997,-28.58380210989,21.209));
#3961 = LINE('',#3962,#3963);
#3962 = CARTESIAN_POINT('',(-70.10399999997,-28.58380210989,18.288));
#3963 = VECTOR('',#3964,1.);
#3964 = DIRECTION('',(0.,0.,1.));
#3965 = ORIENTED_EDGE('',*,*,#3966,.T.);
#3966 = EDGE_CURVE('',#3959,#3967,#3969,.T.);
#3967 = VERTEX_POINT('',#3968);
#3968 = CARTESIAN_POINT('',(-70.10399999997,-21.47180210989,21.209));
#3969 = LINE('',#3970,#3971);
#3970 = CARTESIAN_POINT('',(-70.10399999997,-28.32980210989,21.209));
#3971 = VECTOR('',#3972,1.);
#3972 = DIRECTION('',(0.,1.,0.));
#3973 = ORIENTED_EDGE('',*,*,#3974,.T.);
#3974 = EDGE_CURVE('',#3967,#3949,#3975,.T.);
#3975 = LINE('',#3976,#3977);
#3976 = CARTESIAN_POINT('',(-70.10399999997,-21.47180210989,20.955));
#3977 = VECTOR('',#3978,1.);
#3978 = DIRECTION('',(0.,0.,-1.));
#3979 = FACE_BOUND('',#3980,.T.);
#3980 = EDGE_LOOP('',(#3981,#3982,#4001,#4007,#4008,#4009,#4010,#4016,
    #4017,#4025,#4034,#4042,#4051,#4057));
#3981 = ORIENTED_EDGE('',*,*,#3885,.F.);
#3982 = ORIENTED_EDGE('',*,*,#3983,.T.);
#3983 = EDGE_CURVE('',#3886,#3984,#3986,.T.);
#3984 = VERTEX_POINT('',#3985);
#3985 = CARTESIAN_POINT('',(-70.10399999997,34.440918124405,14.605));
#3986 = ( BOUNDED_CURVE() B_SPLINE_CURVE(7,(#3987,#3988,#3989,#3990,
    #3991,#3992,#3993,#3994,#3995,#3996,#3997,#3998,#3999,#4000),
.UNSPECIFIED.,.F.,.F.) B_SPLINE_CURVE_WITH_KNOTS((8,6,8),(0.79275441382,
0.81119480186,0.973434012254),.UNSPECIFIED.) CURVE() 
GEOMETRIC_REPRESENTATION_ITEM() RATIONAL_B_SPLINE_CURVE((1.,1.,1.,1.,1.,
1.,1.,1.,1.,1.,1.,1.,1.,1.)) REPRESENTATION_ITEM('') );
#3987 = CARTESIAN_POINT('',(-70.10399999997,34.578399379907,
    14.599912969377));
#3988 = CARTESIAN_POINT('',(-70.10399999997,34.577881707154,
    14.600434733783));
#3989 = CARTESIAN_POINT('',(-70.10399999997,34.577355306198,
    14.600945171462));
#3990 = CARTESIAN_POINT('',(-70.10399999997,34.576819700872,
    14.601444094709));
#3991 = CARTESIAN_POINT('',(-70.10399999997,34.57627441501,
    14.601931315814));
#3992 = CARTESIAN_POINT('',(-70.10399999997,34.575718972445,
    14.60240664707));
#3993 = CARTESIAN_POINT('',(-70.10399999997,34.575152897008,
    14.60286990077));
#3994 = CARTESIAN_POINT('',(-70.10399999997,34.569497622349,14.607288702
    ));
#3995 = CARTESIAN_POINT('',(-70.10399999997,34.537052165105,
    14.60390068614));
#3996 = CARTESIAN_POINT('',(-70.10399999997,34.521335767153,
    14.605461447968));
#3997 = CARTESIAN_POINT('',(-70.10399999997,34.499427568157,
    14.60485987328));
#3998 = CARTESIAN_POINT('',(-70.10399999997,34.480389305029,
    14.605022236125));
#3999 = CARTESIAN_POINT('',(-70.10399999997,34.460587497632,
    14.604999999999));
#4000 = CARTESIAN_POINT('',(-70.10399999997,34.440918124405,14.605));
#4001 = ORIENTED_EDGE('',*,*,#4002,.T.);
#4002 = EDGE_CURVE('',#3984,#3836,#4003,.T.);
#4003 = LINE('',#4004,#4005);
#4004 = CARTESIAN_POINT('',(-70.10399999997,34.440918124405,14.605));
#4005 = VECTOR('',#4006,1.);
#4006 = DIRECTION('',(-2.311E-14,-1.,0.));
#4007 = ORIENTED_EDGE('',*,*,#3844,.T.);
#4008 = ORIENTED_EDGE('',*,*,#3821,.T.);
#4009 = ORIENTED_EDGE('',*,*,#3553,.T.);
#4010 = ORIENTED_EDGE('',*,*,#4011,.T.);
#4011 = EDGE_CURVE('',#3545,#1894,#4012,.T.);
#4012 = LINE('',#4013,#4014);
#4013 = CARTESIAN_POINT('',(-70.10399999997,-39.36999999996,22.225));
#4014 = VECTOR('',#4015,1.);
#4015 = DIRECTION('',(-0.,-0.,-1.));
#4016 = ORIENTED_EDGE('',*,*,#1893,.F.);
#4017 = ORIENTED_EDGE('',*,*,#4018,.T.);
#4018 = EDGE_CURVE('',#1885,#4019,#4021,.T.);
#4019 = VERTEX_POINT('',#4020);
#4020 = CARTESIAN_POINT('',(-70.10399999998,-34.798,4.826));
#4021 = LINE('',#4022,#4023);
#4022 = CARTESIAN_POINT('',(-70.10399999999,-34.798,1.524));
#4023 = VECTOR('',#4024,1.);
#4024 = DIRECTION('',(0.,0.,1.));
#4025 = ORIENTED_EDGE('',*,*,#4026,.F.);
#4026 = EDGE_CURVE('',#4027,#4019,#4029,.T.);
#4027 = VERTEX_POINT('',#4028);
#4028 = CARTESIAN_POINT('',(-70.10399999998,-33.782,5.842));
#4029 = CIRCLE('',#4030,1.016);
#4030 = AXIS2_PLACEMENT_3D('',#4031,#4032,#4033);
#4031 = CARTESIAN_POINT('',(-70.10399999998,-33.782,4.826000000003));
#4032 = DIRECTION('',(1.,-2.311E-14,-9.1509E-13));
#4033 = DIRECTION('',(9.1509E-13,-1.3987E-13,1.));
#4034 = ORIENTED_EDGE('',*,*,#4035,.T.);
#4035 = EDGE_CURVE('',#4027,#4036,#4038,.T.);
#4036 = VERTEX_POINT('',#4037);
#4037 = CARTESIAN_POINT('',(-70.10399999998,33.782,5.842));
#4038 = LINE('',#4039,#4040);
#4039 = CARTESIAN_POINT('',(-70.10399999998,-34.29,5.842));
#4040 = VECTOR('',#4041,1.);
#4041 = DIRECTION('',(0.,1.,0.));
#4042 = ORIENTED_EDGE('',*,*,#4043,.T.);
#4043 = EDGE_CURVE('',#4036,#4044,#4046,.T.);
#4044 = VERTEX_POINT('',#4045);
#4045 = CARTESIAN_POINT('',(-70.10399999998,34.798,4.826));
#4046 = CIRCLE('',#4047,1.016);
#4047 = AXIS2_PLACEMENT_3D('',#4048,#4049,#4050);
#4048 = CARTESIAN_POINT('',(-70.10399999998,33.782,4.826000000003));
#4049 = DIRECTION('',(-1.,2.311E-14,9.1509E-13));
#4050 = DIRECTION('',(9.1509E-13,-1.3987E-13,1.));
#4051 = ORIENTED_EDGE('',*,*,#4052,.F.);
#4052 = EDGE_CURVE('',#1601,#4044,#4053,.T.);
#4053 = LINE('',#4054,#4055);
#4054 = CARTESIAN_POINT('',(-70.10399999999,34.798,1.524));
#4055 = VECTOR('',#4056,1.);
#4056 = DIRECTION('',(0.,0.,1.));
#4057 = ORIENTED_EDGE('',*,*,#1600,.F.);
#4058 = FACE_BOUND('',#4059,.T.);
#4059 = EDGE_LOOP('',(#4060,#4070,#4079,#4087,#4096,#4104,#4113,#4121));
#4060 = ORIENTED_EDGE('',*,*,#4061,.T.);
#4061 = EDGE_CURVE('',#4062,#4064,#4066,.T.);
#4062 = VERTEX_POINT('',#4063);
#4063 = CARTESIAN_POINT('',(-70.10399999998,-34.798,7.747));
#4064 = VERTEX_POINT('',#4065);
#4065 = CARTESIAN_POINT('',(-70.10399999998,-34.798,9.017));
#4066 = LINE('',#4067,#4068);
#4067 = CARTESIAN_POINT('',(-70.10399999998,-34.798,7.239));
#4068 = VECTOR('',#4069,1.);
#4069 = DIRECTION('',(0.,0.,1.));
#4070 = ORIENTED_EDGE('',*,*,#4071,.F.);
#4071 = EDGE_CURVE('',#4072,#4064,#4074,.T.);
#4072 = VERTEX_POINT('',#4073);
#4073 = CARTESIAN_POINT('',(-70.10399999998,-33.782,10.033));
#4074 = CIRCLE('',#4075,1.016);
#4075 = AXIS2_PLACEMENT_3D('',#4076,#4077,#4078);
#4076 = CARTESIAN_POINT('',(-70.10399999998,-33.782,9.017));
#4077 = DIRECTION('',(1.,-2.311E-14,-9.1509E-13));
#4078 = DIRECTION('',(9.1509E-13,2.797E-14,1.));
#4079 = ORIENTED_EDGE('',*,*,#4080,.F.);
#4080 = EDGE_CURVE('',#4081,#4072,#4083,.T.);
#4081 = VERTEX_POINT('',#4082);
#4082 = CARTESIAN_POINT('',(-70.10399999998,33.782,10.033));
#4083 = LINE('',#4084,#4085);
#4084 = CARTESIAN_POINT('',(-70.10399999998,34.29,10.033));
#4085 = VECTOR('',#4086,1.);
#4086 = DIRECTION('',(0.,-1.,0.));
#4087 = ORIENTED_EDGE('',*,*,#4088,.F.);
#4088 = EDGE_CURVE('',#4089,#4081,#4091,.T.);
#4089 = VERTEX_POINT('',#4090);
#4090 = CARTESIAN_POINT('',(-70.10399999998,34.798,9.017));
#4091 = CIRCLE('',#4092,1.016);
#4092 = AXIS2_PLACEMENT_3D('',#4093,#4094,#4095);
#4093 = CARTESIAN_POINT('',(-70.10399999998,33.782,9.017000000003));
#4094 = DIRECTION('',(1.,-2.311E-14,-9.1509E-13));
#4095 = DIRECTION('',(2.310999999456E-14,1.,-5.9445E-12));
#4096 = ORIENTED_EDGE('',*,*,#4097,.F.);
#4097 = EDGE_CURVE('',#4098,#4089,#4100,.T.);
#4098 = VERTEX_POINT('',#4099);
#4099 = CARTESIAN_POINT('',(-70.10399999998,34.798,7.747));
#4100 = LINE('',#4101,#4102);
#4101 = CARTESIAN_POINT('',(-70.10399999998,34.798,7.239));
#4102 = VECTOR('',#4103,1.);
#4103 = DIRECTION('',(0.,0.,1.));
#4104 = ORIENTED_EDGE('',*,*,#4105,.F.);
#4105 = EDGE_CURVE('',#4106,#4098,#4108,.T.);
#4106 = VERTEX_POINT('',#4107);
#4107 = CARTESIAN_POINT('',(-70.10399999998,33.782,6.731));
#4108 = CIRCLE('',#4109,1.016);
#4109 = AXIS2_PLACEMENT_3D('',#4110,#4111,#4112);
#4110 = CARTESIAN_POINT('',(-70.10399999998,33.782,7.747000000003));
#4111 = DIRECTION('',(1.,-2.311E-14,-9.1509E-13));
#4112 = DIRECTION('',(-9.1509E-13,-1.3987E-13,-1.));
#4113 = ORIENTED_EDGE('',*,*,#4114,.T.);
#4114 = EDGE_CURVE('',#4106,#4115,#4117,.T.);
#4115 = VERTEX_POINT('',#4116);
#4116 = CARTESIAN_POINT('',(-70.10399999998,-33.782,6.731));
#4117 = LINE('',#4118,#4119);
#4118 = CARTESIAN_POINT('',(-70.10399999998,34.29,6.731));
#4119 = VECTOR('',#4120,1.);
#4120 = DIRECTION('',(0.,-1.,0.));
#4121 = ORIENTED_EDGE('',*,*,#4122,.F.);
#4122 = EDGE_CURVE('',#4062,#4115,#4123,.T.);
#4123 = CIRCLE('',#4124,1.016);
#4124 = AXIS2_PLACEMENT_3D('',#4125,#4126,#4127);
#4125 = CARTESIAN_POINT('',(-70.10399999998,-33.782,7.747000000003));
#4126 = DIRECTION('',(1.,-2.311E-14,-9.1509E-13));
#4127 = DIRECTION('',(-2.311000000544E-14,-1.,-5.948E-12));
#4128 = PLANE('',#4129);
#4129 = AXIS2_PLACEMENT_3D('',#4130,#4131,#4132);
#4130 = CARTESIAN_POINT('',(-70.10399999998,3.310349480988,
    12.768773356402));
#4131 = DIRECTION('',(1.,-2.311E-14,-9.1509E-13));
#4132 = DIRECTION('',(9.1509E-13,0.,1.));
#4133 = ADVANCED_FACE('',(#4134),#4159,.F.);
#4134 = FACE_BOUND('',#4135,.F.);
#4135 = EDGE_LOOP('',(#4136,#4144,#4152,#4158));
#4136 = ORIENTED_EDGE('',*,*,#4137,.T.);
#4137 = EDGE_CURVE('',#1624,#4138,#4140,.T.);
#4138 = VERTEX_POINT('',#4139);
#4139 = CARTESIAN_POINT('',(-66.802,34.29,4.826));
#4140 = LINE('',#4141,#4142);
#4141 = CARTESIAN_POINT('',(-66.802,34.29,1.524));
#4142 = VECTOR('',#4143,1.);
#4143 = DIRECTION('',(0.,0.,1.));
#4144 = ORIENTED_EDGE('',*,*,#4145,.T.);
#4145 = EDGE_CURVE('',#4138,#4146,#4148,.T.);
#4146 = VERTEX_POINT('',#4147);
#4147 = CARTESIAN_POINT('',(-69.59599999999,34.29,4.826));
#4148 = LINE('',#4149,#4150);
#4149 = CARTESIAN_POINT('',(-66.294,34.29,4.826));
#4150 = VECTOR('',#4151,1.);
#4151 = DIRECTION('',(-1.,-0.,-0.));
#4152 = ORIENTED_EDGE('',*,*,#4153,.F.);
#4153 = EDGE_CURVE('',#1633,#4146,#4154,.T.);
#4154 = LINE('',#4155,#4156);
#4155 = CARTESIAN_POINT('',(-69.59599999999,34.29,1.524));
#4156 = VECTOR('',#4157,1.);
#4157 = DIRECTION('',(0.,0.,1.));
#4158 = ORIENTED_EDGE('',*,*,#1632,.F.);
#4159 = PLANE('',#4160);
#4160 = AXIS2_PLACEMENT_3D('',#4161,#4162,#4163);
#4161 = CARTESIAN_POINT('',(-66.294,34.29,1.524));
#4162 = DIRECTION('',(0.,-1.,0.));
#4163 = DIRECTION('',(-1.,0.,0.));
#4164 = ADVANCED_FACE('',(#4165),#4184,.T.);
#4165 = FACE_BOUND('',#4166,.F.);
#4166 = EDGE_LOOP('',(#4167,#4168,#4169,#4177));
#4167 = ORIENTED_EDGE('',*,*,#4137,.F.);
#4168 = ORIENTED_EDGE('',*,*,#1667,.T.);
#4169 = ORIENTED_EDGE('',*,*,#4170,.T.);
#4170 = EDGE_CURVE('',#1659,#4171,#4173,.T.);
#4171 = VERTEX_POINT('',#4172);
#4172 = CARTESIAN_POINT('',(-66.294,33.782,4.826));
#4173 = LINE('',#4174,#4175);
#4174 = CARTESIAN_POINT('',(-66.294,33.782,1.524));
#4175 = VECTOR('',#4176,1.);
#4176 = DIRECTION('',(0.,0.,1.));
#4177 = ORIENTED_EDGE('',*,*,#4178,.F.);
#4178 = EDGE_CURVE('',#4138,#4171,#4179,.T.);
#4179 = CIRCLE('',#4180,0.508);
#4180 = AXIS2_PLACEMENT_3D('',#4181,#4182,#4183);
#4181 = CARTESIAN_POINT('',(-66.802,33.782,4.826));
#4182 = DIRECTION('',(0.,0.,-1.));
#4183 = DIRECTION('',(1.,0.,0.));
#4184 = CYLINDRICAL_SURFACE('',#4185,0.508);
#4185 = AXIS2_PLACEMENT_3D('',#4186,#4187,#4188);
#4186 = CARTESIAN_POINT('',(-66.802,33.782,1.524));
#4187 = DIRECTION('',(0.,0.,1.));
#4188 = DIRECTION('',(0.,1.,0.));
#4189 = ADVANCED_FACE('',(#4190),#4208,.F.);
#4190 = FACE_BOUND('',#4191,.F.);
#4191 = EDGE_LOOP('',(#4192,#4200,#4206,#4207));
#4192 = ORIENTED_EDGE('',*,*,#4193,.T.);
#4193 = EDGE_CURVE('',#1683,#4194,#4196,.T.);
#4194 = VERTEX_POINT('',#4195);
#4195 = CARTESIAN_POINT('',(-66.294,-33.782,4.826));
#4196 = LINE('',#4197,#4198);
#4197 = CARTESIAN_POINT('',(-66.294,-33.782,1.524));
#4198 = VECTOR('',#4199,1.);
#4199 = DIRECTION('',(0.,0.,1.));
#4200 = ORIENTED_EDGE('',*,*,#4201,.T.);
#4201 = EDGE_CURVE('',#4194,#4171,#4202,.T.);
#4202 = LINE('',#4203,#4204);
#4203 = CARTESIAN_POINT('',(-66.294,-34.29,4.826));
#4204 = VECTOR('',#4205,1.);
#4205 = DIRECTION('',(0.,1.,0.));
#4206 = ORIENTED_EDGE('',*,*,#4170,.F.);
#4207 = ORIENTED_EDGE('',*,*,#1691,.F.);
#4208 = PLANE('',#4209);
#4209 = AXIS2_PLACEMENT_3D('',#4210,#4211,#4212);
#4210 = CARTESIAN_POINT('',(-66.294,-34.29,1.524));
#4211 = DIRECTION('',(-1.,0.,0.));
#4212 = DIRECTION('',(0.,1.,0.));
#4213 = ADVANCED_FACE('',(#4214),#4233,.T.);
#4214 = FACE_BOUND('',#4215,.F.);
#4215 = EDGE_LOOP('',(#4216,#4217,#4218,#4226));
#4216 = ORIENTED_EDGE('',*,*,#4193,.F.);
#4217 = ORIENTED_EDGE('',*,*,#1743,.T.);
#4218 = ORIENTED_EDGE('',*,*,#4219,.T.);
#4219 = EDGE_CURVE('',#1735,#4220,#4222,.T.);
#4220 = VERTEX_POINT('',#4221);
#4221 = CARTESIAN_POINT('',(-66.802,-34.29,4.826));
#4222 = LINE('',#4223,#4224);
#4223 = CARTESIAN_POINT('',(-66.802,-34.29,1.524));
#4224 = VECTOR('',#4225,1.);
#4225 = DIRECTION('',(0.,0.,1.));
#4226 = ORIENTED_EDGE('',*,*,#4227,.F.);
#4227 = EDGE_CURVE('',#4194,#4220,#4228,.T.);
#4228 = CIRCLE('',#4229,0.508);
#4229 = AXIS2_PLACEMENT_3D('',#4230,#4231,#4232);
#4230 = CARTESIAN_POINT('',(-66.802,-33.782,4.826));
#4231 = DIRECTION('',(-0.,-0.,-1.));
#4232 = DIRECTION('',(0.,-1.,0.));
#4233 = CYLINDRICAL_SURFACE('',#4234,0.508);
#4234 = AXIS2_PLACEMENT_3D('',#4235,#4236,#4237);
#4235 = CARTESIAN_POINT('',(-66.802,-33.782,1.524));
#4236 = DIRECTION('',(0.,0.,1.));
#4237 = DIRECTION('',(1.,0.,0.));
#4238 = ADVANCED_FACE('',(#4239),#4264,.T.);
#4239 = FACE_BOUND('',#4240,.F.);
#4240 = EDGE_LOOP('',(#4241,#4248,#4256,#4263));
#4241 = ORIENTED_EDGE('',*,*,#4242,.T.);
#4242 = EDGE_CURVE('',#1769,#3716,#4243,.T.);
#4243 = CIRCLE('',#4244,0.508);
#4244 = AXIS2_PLACEMENT_3D('',#4245,#4246,#4247);
#4245 = CARTESIAN_POINT('',(71.12,-14.86780210989,21.717));
#4246 = DIRECTION('',(0.,-0.258819045103,0.965925826289));
#4247 = DIRECTION('',(0.,0.965925826289,0.258819045103));
#4248 = ORIENTED_EDGE('',*,*,#4249,.T.);
#4249 = EDGE_CURVE('',#3716,#4250,#4252,.T.);
#4250 = VERTEX_POINT('',#4251);
#4251 = CARTESIAN_POINT('',(71.12,-12.67323355329,15.489519925088));
#4252 = LINE('',#4253,#4254);
#4253 = CARTESIAN_POINT('',(71.12,-14.37711179013,21.848480074912));
#4254 = VECTOR('',#4255,1.);
#4255 = DIRECTION('',(0.,0.258819045103,-0.965925826289));
#4256 = ORIENTED_EDGE('',*,*,#4257,.F.);
#4257 = EDGE_CURVE('',#1777,#4250,#4258,.T.);
#4258 = CIRCLE('',#4259,0.508);
#4259 = AXIS2_PLACEMENT_3D('',#4260,#4261,#4262);
#4260 = CARTESIAN_POINT('',(71.12,-13.16392387304,15.358039850176));
#4261 = DIRECTION('',(0.,-0.258819045103,0.965925826289));
#4262 = DIRECTION('',(1.,0.,0.));
#4263 = ORIENTED_EDGE('',*,*,#1776,.F.);
#4264 = CYLINDRICAL_SURFACE('',#4265,0.508);
#4265 = AXIS2_PLACEMENT_3D('',#4266,#4267,#4268);
#4266 = CARTESIAN_POINT('',(71.12,-14.86780210989,21.717));
#4267 = DIRECTION('',(0.,0.258819045103,-0.965925826289));
#4268 = DIRECTION('',(1.,0.,0.));
#4269 = ADVANCED_FACE('',(#4270),#4290,.T.);
#4270 = FACE_BOUND('',#4271,.T.);
#4271 = EDGE_LOOP('',(#4272,#4273,#4274,#4283));
#4272 = ORIENTED_EDGE('',*,*,#4257,.F.);
#4273 = ORIENTED_EDGE('',*,*,#1784,.T.);
#4274 = ORIENTED_EDGE('',*,*,#4275,.T.);
#4275 = EDGE_CURVE('',#1785,#4276,#4278,.T.);
#4276 = VERTEX_POINT('',#4277);
#4277 = CARTESIAN_POINT('',(71.12,-12.18254323353,15.113));
#4278 = CIRCLE('',#4279,0.508);
#4279 = AXIS2_PLACEMENT_3D('',#4280,#4281,#4282);
#4280 = CARTESIAN_POINT('',(71.12,-12.18254323353,14.605));
#4281 = DIRECTION('',(0.,-1.,-8.E-17));
#4282 = DIRECTION('',(0.,8.E-17,-1.));
#4283 = ORIENTED_EDGE('',*,*,#4284,.F.);
#4284 = EDGE_CURVE('',#4250,#4276,#4285,.T.);
#4285 = CIRCLE('',#4286,0.508);
#4286 = AXIS2_PLACEMENT_3D('',#4287,#4288,#4289);
#4287 = CARTESIAN_POINT('',(71.12,-12.18254323353,15.621));
#4288 = DIRECTION('',(1.,0.,0.));
#4289 = DIRECTION('',(0.,-0.965925826289,-0.258819045103));
#4290 = TOROIDAL_SURFACE('',#4291,1.016,0.508);
#4291 = AXIS2_PLACEMENT_3D('',#4292,#4293,#4294);
#4292 = CARTESIAN_POINT('',(71.12,-12.18254323353,15.621));
#4293 = DIRECTION('',(1.,0.,0.));
#4294 = DIRECTION('',(0.,-0.965925826289,-0.258819045103));
#4295 = ADVANCED_FACE('',(#4296),#4315,.T.);
#4296 = FACE_BOUND('',#4297,.F.);
#4297 = EDGE_LOOP('',(#4298,#4299,#4307,#4314));
#4298 = ORIENTED_EDGE('',*,*,#4275,.T.);
#4299 = ORIENTED_EDGE('',*,*,#4300,.T.);
#4300 = EDGE_CURVE('',#4276,#4301,#4303,.T.);
#4301 = VERTEX_POINT('',#4302);
#4302 = CARTESIAN_POINT('',(71.12,34.57703631416,15.113));
#4303 = LINE('',#4304,#4305);
#4304 = CARTESIAN_POINT('',(71.12,-12.18254323353,15.113));
#4305 = VECTOR('',#4306,1.);
#4306 = DIRECTION('',(0.,1.,0.));
#4307 = ORIENTED_EDGE('',*,*,#4308,.F.);
#4308 = EDGE_CURVE('',#1794,#4301,#4309,.T.);
#4309 = CIRCLE('',#4310,0.508);
#4310 = AXIS2_PLACEMENT_3D('',#4311,#4312,#4313);
#4311 = CARTESIAN_POINT('',(71.12,34.57703631416,14.605));
#4312 = DIRECTION('',(0.,-1.,0.));
#4313 = DIRECTION('',(1.,0.,0.));
#4314 = ORIENTED_EDGE('',*,*,#1793,.F.);
#4315 = CYLINDRICAL_SURFACE('',#4316,0.508);
#4316 = AXIS2_PLACEMENT_3D('',#4317,#4318,#4319);
#4317 = CARTESIAN_POINT('',(71.12,-12.18254323353,14.605));
#4318 = DIRECTION('',(0.,1.,0.));
#4319 = DIRECTION('',(1.,0.,0.));
#4320 = ADVANCED_FACE('',(#4321),#4348,.T.);
#4321 = FACE_BOUND('',#4322,.T.);
#4322 = EDGE_LOOP('',(#4323,#4332,#4340,#4347));
#4323 = ORIENTED_EDGE('',*,*,#4324,.T.);
#4324 = EDGE_CURVE('',#1819,#4325,#4327,.T.);
#4325 = VERTEX_POINT('',#4326);
#4326 = CARTESIAN_POINT('',(71.374,-21.72580210989,18.288));
#4327 = ELLIPSE('',#4328,0.359210244843,0.254);
#4328 = AXIS2_PLACEMENT_3D('',#4329,#4330,#4331);
#4329 = CARTESIAN_POINT('',(71.374,-21.47180210989,18.034));
#4330 = DIRECTION('',(0.,-0.707106781187,-0.707106781187));
#4331 = DIRECTION('',(-3.1E-16,-0.707106781187,0.707106781187));
#4332 = ORIENTED_EDGE('',*,*,#4333,.T.);
#4333 = EDGE_CURVE('',#4325,#4334,#4336,.T.);
#4334 = VERTEX_POINT('',#4335);
#4335 = CARTESIAN_POINT('',(71.374,-28.32980210989,18.288));
#4336 = LINE('',#4337,#4338);
#4337 = CARTESIAN_POINT('',(71.374,-21.72580210989,18.288));
#4338 = VECTOR('',#4339,1.);
#4339 = DIRECTION('',(-2.2E-16,-1.,-0.));
#4340 = ORIENTED_EDGE('',*,*,#4341,.F.);
#4341 = EDGE_CURVE('',#1821,#4334,#4342,.T.);
#4342 = ELLIPSE('',#4343,0.359210244843,0.254);
#4343 = AXIS2_PLACEMENT_3D('',#4344,#4345,#4346);
#4344 = CARTESIAN_POINT('',(71.374,-28.58380210989,18.034));
#4345 = DIRECTION('',(-3.1E-16,-0.707106781187,0.707106781187));
#4346 = DIRECTION('',(0.,-0.707106781187,-0.707106781187));
#4347 = ORIENTED_EDGE('',*,*,#1818,.F.);
#4348 = CYLINDRICAL_SURFACE('',#4349,0.254);
#4349 = AXIS2_PLACEMENT_3D('',#4350,#4351,#4352);
#4350 = CARTESIAN_POINT('',(71.374,-21.72580210989,18.034));
#4351 = DIRECTION('',(-2.2E-16,-1.,-0.));
#4352 = DIRECTION('',(1.,-2.2E-16,2.2E-16));
#4353 = ADVANCED_FACE('',(#4354),#4373,.T.);
#4354 = FACE_BOUND('',#4355,.T.);
#4355 = EDGE_LOOP('',(#4356,#4357,#4365,#4372));
#4356 = ORIENTED_EDGE('',*,*,#4341,.T.);
#4357 = ORIENTED_EDGE('',*,*,#4358,.T.);
#4358 = EDGE_CURVE('',#4334,#4359,#4361,.T.);
#4359 = VERTEX_POINT('',#4360);
#4360 = CARTESIAN_POINT('',(71.374,-28.32980210989,20.955));
#4361 = LINE('',#4362,#4363);
#4362 = CARTESIAN_POINT('',(71.374,-28.32980210989,18.288));
#4363 = VECTOR('',#4364,1.);
#4364 = DIRECTION('',(-2.2E-16,0.,1.));
#4365 = ORIENTED_EDGE('',*,*,#4366,.F.);
#4366 = EDGE_CURVE('',#1837,#4359,#4367,.T.);
#4367 = ELLIPSE('',#4368,0.359210244843,0.254);
#4368 = AXIS2_PLACEMENT_3D('',#4369,#4370,#4371);
#4369 = CARTESIAN_POINT('',(71.374,-28.58380210989,21.209));
#4370 = DIRECTION('',(0.,0.707106781187,0.707106781187));
#4371 = DIRECTION('',(3.1E-16,0.707106781187,-0.707106781187));
#4372 = ORIENTED_EDGE('',*,*,#1844,.F.);
#4373 = CYLINDRICAL_SURFACE('',#4374,0.254);
#4374 = AXIS2_PLACEMENT_3D('',#4375,#4376,#4377);
#4375 = CARTESIAN_POINT('',(71.374,-28.58380210989,18.288));
#4376 = DIRECTION('',(-2.2E-16,0.,1.));
#4377 = DIRECTION('',(1.,-2.2E-16,2.2E-16));
#4378 = ADVANCED_FACE('',(#4379),#4398,.T.);
#4379 = FACE_BOUND('',#4380,.T.);
#4380 = EDGE_LOOP('',(#4381,#4382,#4390,#4397));
#4381 = ORIENTED_EDGE('',*,*,#4366,.T.);
#4382 = ORIENTED_EDGE('',*,*,#4383,.T.);
#4383 = EDGE_CURVE('',#4359,#4384,#4386,.T.);
#4384 = VERTEX_POINT('',#4385);
#4385 = CARTESIAN_POINT('',(71.374,-21.72580210989,20.955));
#4386 = LINE('',#4387,#4388);
#4387 = CARTESIAN_POINT('',(71.374,-28.32980210989,20.955));
#4388 = VECTOR('',#4389,1.);
#4389 = DIRECTION('',(2.2E-16,1.,0.));
#4390 = ORIENTED_EDGE('',*,*,#4391,.F.);
#4391 = EDGE_CURVE('',#1829,#4384,#4392,.T.);
#4392 = ELLIPSE('',#4393,0.359210244843,0.254);
#4393 = AXIS2_PLACEMENT_3D('',#4394,#4395,#4396);
#4394 = CARTESIAN_POINT('',(71.374,-21.47180210989,21.209));
#4395 = DIRECTION('',(3.1E-16,0.707106781187,-0.707106781187));
#4396 = DIRECTION('',(0.,-0.707106781187,-0.707106781187));
#4397 = ORIENTED_EDGE('',*,*,#1836,.F.);
#4398 = CYLINDRICAL_SURFACE('',#4399,0.254);
#4399 = AXIS2_PLACEMENT_3D('',#4400,#4401,#4402);
#4400 = CARTESIAN_POINT('',(71.374,-28.32980210989,21.209));
#4401 = DIRECTION('',(2.2E-16,1.,0.));
#4402 = DIRECTION('',(1.,-2.2E-16,2.2E-16));
#4403 = ADVANCED_FACE('',(#4404),#4415,.T.);
#4404 = FACE_BOUND('',#4405,.T.);
#4405 = EDGE_LOOP('',(#4406,#4407,#4413,#4414));
#4406 = ORIENTED_EDGE('',*,*,#4391,.T.);
#4407 = ORIENTED_EDGE('',*,*,#4408,.T.);
#4408 = EDGE_CURVE('',#4384,#4325,#4409,.T.);
#4409 = LINE('',#4410,#4411);
#4410 = CARTESIAN_POINT('',(71.374,-21.72580210989,20.955));
#4411 = VECTOR('',#4412,1.);
#4412 = DIRECTION('',(2.2E-16,0.,-1.));
#4413 = ORIENTED_EDGE('',*,*,#4324,.F.);
#4414 = ORIENTED_EDGE('',*,*,#1828,.F.);
#4415 = CYLINDRICAL_SURFACE('',#4416,0.254);
#4416 = AXIS2_PLACEMENT_3D('',#4417,#4418,#4419);
#4417 = CARTESIAN_POINT('',(71.374,-21.47180210989,20.955));
#4418 = DIRECTION('',(2.2E-16,0.,-1.));
#4419 = DIRECTION('',(1.,-2.2E-16,2.2E-16));
#4420 = ADVANCED_FACE('',(#4421),#4432,.F.);
#4421 = FACE_BOUND('',#4422,.T.);
#4422 = EDGE_LOOP('',(#4423,#4424,#4431));
#4423 = ORIENTED_EDGE('',*,*,#1858,.F.);
#4424 = ORIENTED_EDGE('',*,*,#4425,.T.);
#4425 = EDGE_CURVE('',#1859,#1885,#4426,.T.);
#4426 = CIRCLE('',#4427,0.508);
#4427 = AXIS2_PLACEMENT_3D('',#4428,#4429,#4430);
#4428 = CARTESIAN_POINT('',(-69.59599999999,-34.798,2.032));
#4429 = DIRECTION('',(9.1521E-13,0.,1.));
#4430 = DIRECTION('',(-1.,0.,9.1521E-13));
#4431 = ORIENTED_EDGE('',*,*,#1884,.F.);
#4432 = SPHERICAL_SURFACE('',#4433,0.508);
#4433 = AXIS2_PLACEMENT_3D('',#4434,#4435,#4436);
#4434 = CARTESIAN_POINT('',(-69.59599999999,-34.798,2.032));
#4435 = DIRECTION('',(0.,-1.,0.));
#4436 = DIRECTION('',(0.,0.,-1.));
#4437 = ADVANCED_FACE('',(#4438),#4456,.F.);
#4438 = FACE_BOUND('',#4439,.F.);
#4439 = EDGE_LOOP('',(#4440,#4441,#4449,#4455));
#4440 = ORIENTED_EDGE('',*,*,#1867,.F.);
#4441 = ORIENTED_EDGE('',*,*,#4442,.T.);
#4442 = EDGE_CURVE('',#1859,#4443,#4445,.T.);
#4443 = VERTEX_POINT('',#4444);
#4444 = CARTESIAN_POINT('',(-69.59599999999,-34.29,4.826));
#4445 = LINE('',#4446,#4447);
#4446 = CARTESIAN_POINT('',(-69.59599999999,-34.29,1.524));
#4447 = VECTOR('',#4448,1.);
#4448 = DIRECTION('',(0.,0.,1.));
#4449 = ORIENTED_EDGE('',*,*,#4450,.F.);
#4450 = EDGE_CURVE('',#4220,#4443,#4451,.T.);
#4451 = LINE('',#4452,#4453);
#4452 = CARTESIAN_POINT('',(-66.294,-34.29,4.826));
#4453 = VECTOR('',#4454,1.);
#4454 = DIRECTION('',(-1.,-0.,-0.));
#4455 = ORIENTED_EDGE('',*,*,#4219,.F.);
#4456 = PLANE('',#4457);
#4457 = AXIS2_PLACEMENT_3D('',#4458,#4459,#4460);
#4458 = CARTESIAN_POINT('',(-70.104,-34.29,1.524));
#4459 = DIRECTION('',(0.,1.,0.));
#4460 = DIRECTION('',(1.,0.,0.));
#4461 = ADVANCED_FACE('',(#4462),#4473,.T.);
#4462 = FACE_BOUND('',#4463,.T.);
#4463 = EDGE_LOOP('',(#4464,#4465,#4466));
#4464 = ORIENTED_EDGE('',*,*,#4308,.F.);
#4465 = ORIENTED_EDGE('',*,*,#1916,.T.);
#4466 = ORIENTED_EDGE('',*,*,#4467,.F.);
#4467 = EDGE_CURVE('',#4301,#1917,#4468,.T.);
#4468 = CIRCLE('',#4469,0.508);
#4469 = AXIS2_PLACEMENT_3D('',#4470,#4471,#4472);
#4470 = CARTESIAN_POINT('',(71.12,34.57703631416,14.605));
#4471 = DIRECTION('',(-1.,0.,0.));
#4472 = DIRECTION('',(0.,0.,1.));
#4473 = SPHERICAL_SURFACE('',#4474,0.508);
#4474 = AXIS2_PLACEMENT_3D('',#4475,#4476,#4477);
#4475 = CARTESIAN_POINT('',(71.12,34.57703631416,14.605));
#4476 = DIRECTION('',(-1.,0.,0.));
#4477 = DIRECTION('',(0.,0.,1.));
#4478 = ADVANCED_FACE('',(#4479),#4490,.F.);
#4479 = FACE_BOUND('',#4480,.F.);
#4480 = EDGE_LOOP('',(#4481,#4482,#4483,#4489));
#4481 = ORIENTED_EDGE('',*,*,#4011,.T.);
#4482 = ORIENTED_EDGE('',*,*,#1952,.T.);
#4483 = ORIENTED_EDGE('',*,*,#4484,.F.);
#4484 = EDGE_CURVE('',#3569,#1944,#4485,.T.);
#4485 = LINE('',#4486,#4487);
#4486 = CARTESIAN_POINT('',(-64.76999999997,-44.70399999996,22.225));
#4487 = VECTOR('',#4488,1.);
#4488 = DIRECTION('',(-0.,-0.,-1.));
#4489 = ORIENTED_EDGE('',*,*,#3568,.F.);
#4490 = CYLINDRICAL_SURFACE('',#4491,5.334);
#4491 = AXIS2_PLACEMENT_3D('',#4492,#4493,#4494);
#4492 = CARTESIAN_POINT('',(-64.76999999997,-39.36999999996,22.225));
#4493 = DIRECTION('',(0.,0.,1.));
#4494 = DIRECTION('',(1.,0.,0.));
#4495 = ADVANCED_FACE('',(#4496),#4521,.T.);
#4496 = FACE_BOUND('',#4497,.T.);
#4497 = EDGE_LOOP('',(#4498,#4506,#4507,#4508));
#4498 = ORIENTED_EDGE('',*,*,#4499,.T.);
#4499 = EDGE_CURVE('',#4500,#4301,#4502,.T.);
#4500 = VERTEX_POINT('',#4501);
#4501 = CARTESIAN_POINT('',(70.674735826989,34.57703631416,15.113));
#4502 = LINE('',#4503,#4504);
#4503 = CARTESIAN_POINT('',(70.103999999978,34.57703631416,15.113));
#4504 = VECTOR('',#4505,1.);
#4505 = DIRECTION('',(1.,0.,0.));
#4506 = ORIENTED_EDGE('',*,*,#4467,.T.);
#4507 = ORIENTED_EDGE('',*,*,#1967,.F.);
#4508 = ORIENTED_EDGE('',*,*,#4509,.F.);
#4509 = EDGE_CURVE('',#4500,#1968,#4510,.T.);
#4510 = ( BOUNDED_CURVE() B_SPLINE_CURVE(9,(#4511,#4512,#4513,#4514,
    #4515,#4516,#4517,#4518,#4519,#4520),.UNSPECIFIED.,.F.,.F.) 
B_SPLINE_CURVE_WITH_KNOTS((10,10),(305.898336221,306.32188346533),
.PIECEWISE_BEZIER_KNOTS.) CURVE() GEOMETRIC_REPRESENTATION_ITEM() 
RATIONAL_B_SPLINE_CURVE((1.,1.,1.,1.,1.000000000001,1.,1.,1.,1.,1.)) 
REPRESENTATION_ITEM('') );
#4511 = CARTESIAN_POINT('',(70.674735826989,34.57703631416,15.113));
#4512 = CARTESIAN_POINT('',(70.661947180328,34.633808059234,15.113));
#4513 = CARTESIAN_POINT('',(70.645275290431,34.703805430177,
    15.105895689338));
#4514 = CARTESIAN_POINT('',(70.630516845453,34.77955235065,
    15.085705197159));
#4515 = CARTESIAN_POINT('',(70.622096820452,34.849460113167,
    15.050570496206));
#4516 = CARTESIAN_POINT('',(70.615569080961,34.915000400889,
    15.004548341213));
#4517 = CARTESIAN_POINT('',(70.613080025199,34.970160703415,
    14.947243931572));
#4518 = CARTESIAN_POINT('',(70.611977497626,35.015077505136,
    14.882139292558));
#4519 = CARTESIAN_POINT('',(70.61199999998,35.04775736833,
    14.811006388609));
#4520 = CARTESIAN_POINT('',(70.611999999978,35.067726633915,
    14.736480074912));
#4521 = CYLINDRICAL_SURFACE('',#4522,0.508);
#4522 = AXIS2_PLACEMENT_3D('',#4523,#4524,#4525);
#4523 = CARTESIAN_POINT('',(70.103999999978,34.57703631416,14.605));
#4524 = DIRECTION('',(1.,0.,0.));
#4525 = DIRECTION('',(0.,0.965925826289,0.258819045103));
#4526 = ADVANCED_FACE('',(#4527),#4567,.T.);
#4527 = FACE_BOUND('',#4528,.F.);
#4528 = EDGE_LOOP('',(#4529,#4537,#4538,#4539,#4554));
#4529 = ORIENTED_EDGE('',*,*,#4530,.F.);
#4530 = EDGE_CURVE('',#2018,#4531,#4533,.T.);
#4531 = VERTEX_POINT('',#4532);
#4532 = CARTESIAN_POINT('',(70.103999999978,34.578399379904,
    14.599912969388));
#4533 = LINE('',#4534,#4535);
#4534 = CARTESIAN_POINT('',(70.10399999999,38.117309680245,
    1.392519925088));
#4535 = VECTOR('',#4536,1.);
#4536 = DIRECTION('',(-8.7793E-13,-0.258819045103,0.965925826289));
#4537 = ORIENTED_EDGE('',*,*,#2029,.T.);
#4538 = ORIENTED_EDGE('',*,*,#1975,.T.);
#4539 = ORIENTED_EDGE('',*,*,#4540,.F.);
#4540 = EDGE_CURVE('',#4541,#1968,#4543,.T.);
#4541 = VERTEX_POINT('',#4542);
#4542 = CARTESIAN_POINT('',(70.12140841937,34.720616902441,
    14.57857158986));
#4543 = ( BOUNDED_CURVE() B_SPLINE_CURVE(9,(#4544,#4545,#4546,#4547,
    #4548,#4549,#4550,#4551,#4552,#4553),.UNSPECIFIED.,.F.,.F.) 
B_SPLINE_CURVE_WITH_KNOTS((10,10),(305.898336221,306.32188346533),
.PIECEWISE_BEZIER_KNOTS.) CURVE() GEOMETRIC_REPRESENTATION_ITEM() 
RATIONAL_B_SPLINE_CURVE((1.,1.,1.,1.,1.000000000001,1.,1.,1.,1.,1.)) 
REPRESENTATION_ITEM('') );
#4544 = CARTESIAN_POINT('',(70.12140841937,34.720616902441,
    14.57857158986));
#4545 = CARTESIAN_POINT('',(70.136073122438,34.770023564884,
    14.605009097155));
#4546 = CARTESIAN_POINT('',(70.16100289291,34.829125316889,
    14.638088796251));
#4547 = CARTESIAN_POINT('',(70.200074289924,34.890964045938,
    14.669954374595));
#4548 = CARTESIAN_POINT('',(70.252130654588,34.945214156326,
    14.693194517786));
#4549 = CARTESIAN_POINT('',(70.313531979135,34.993172434124,
    14.712811258206));
#4550 = CARTESIAN_POINT('',(70.383167832466,35.029666952192,
    14.72516285096));
#4551 = CARTESIAN_POINT('',(70.457677026447,35.055013260096,
    14.733097023403));
#4552 = CARTESIAN_POINT('',(70.534844682592,35.067726633901,
    14.73648007491));
#4553 = CARTESIAN_POINT('',(70.611999999978,35.067726633915,
    14.736480074912));
#4554 = ORIENTED_EDGE('',*,*,#4555,.F.);
#4555 = EDGE_CURVE('',#4531,#4541,#4556,.T.);
#4556 = ( BOUNDED_CURVE() B_SPLINE_CURVE(9,(#4557,#4558,#4559,#4560,
    #4561,#4562,#4563,#4564,#4565,#4566),.UNSPECIFIED.,.F.,.F.) 
B_SPLINE_CURVE_WITH_KNOTS((10,10),(305.52912905145,305.898336221),
.PIECEWISE_BEZIER_KNOTS.) CURVE() GEOMETRIC_REPRESENTATION_ITEM() 
RATIONAL_B_SPLINE_CURVE((1.,1.,1.,1.,1.,1.,1.,1.,1.,1.)) 
REPRESENTATION_ITEM('') );
#4557 = CARTESIAN_POINT('',(70.103999999978,34.578399379904,
    14.599912969388));
#4558 = CARTESIAN_POINT('',(70.103999999978,34.586535705422,
    14.593713426219));
#4559 = CARTESIAN_POINT('',(70.104094183365,34.592793730831,
    14.584917960197));
#4560 = CARTESIAN_POINT('',(70.104097363568,34.599241281078,
    14.574745105096));
#4561 = CARTESIAN_POINT('',(70.104405915955,34.605009259881,
    14.562363085317));
#4562 = CARTESIAN_POINT('',(70.104046246894,34.615552317206,
    14.553623102968));
#4563 = CARTESIAN_POINT('',(70.105351331895,34.625233749776,
    14.543035298543));
#4564 = CARTESIAN_POINT('',(70.104754920122,34.644607471499,
    14.542862193275));
#4565 = CARTESIAN_POINT('',(70.108625161813,34.677548993861,
    14.555525950043));
#4566 = CARTESIAN_POINT('',(70.12140841937,34.720616902441,
    14.57857158986));
#4567 = CYLINDRICAL_SURFACE('',#4568,0.508);
#4568 = AXIS2_PLACEMENT_3D('',#4569,#4570,#4571);
#4569 = CARTESIAN_POINT('',(70.61199999999,38.117309680245,
    1.392519925088));
#4570 = DIRECTION('',(-8.7793E-13,-0.258819045103,0.965925826289));
#4571 = DIRECTION('',(-1.,-2.310941927387E-14,-9.150921672994E-13));
#4572 = ADVANCED_FACE('',(#4573,#4584,#4595,#4606,#4617,#4687,#4757,
    #4827),#4897,.F.);
#4573 = FACE_BOUND('',#4574,.F.);
#4574 = EDGE_LOOP('',(#4575,#4576,#4577,#4583));
#4575 = ORIENTED_EDGE('',*,*,#4484,.T.);
#4576 = ORIENTED_EDGE('',*,*,#1992,.T.);
#4577 = ORIENTED_EDGE('',*,*,#4578,.F.);
#4578 = EDGE_CURVE('',#3596,#1993,#4579,.T.);
#4579 = LINE('',#4580,#4581);
#4580 = CARTESIAN_POINT('',(64.76999999997,-44.70399999996,22.225));
#4581 = VECTOR('',#4582,1.);
#4582 = DIRECTION('',(-0.,-0.,-1.));
#4583 = ORIENTED_EDGE('',*,*,#3604,.F.);
#4584 = FACE_BOUND('',#4585,.F.);
#4585 = EDGE_LOOP('',(#4586));
#4586 = ORIENTED_EDGE('',*,*,#4587,.F.);
#4587 = EDGE_CURVE('',#4588,#4588,#4590,.T.);
#4588 = VERTEX_POINT('',#4589);
#4589 = CARTESIAN_POINT('',(-52.7812,-44.70399999996,9.467));
#4590 = CIRCLE('',#4591,2.2098);
#4591 = AXIS2_PLACEMENT_3D('',#4592,#4593,#4594);
#4592 = CARTESIAN_POINT('',(-54.991,-44.70399999996,9.467));
#4593 = DIRECTION('',(0.,-1.,0.));
#4594 = DIRECTION('',(1.,0.,0.));
#4595 = FACE_BOUND('',#4596,.F.);
#4596 = EDGE_LOOP('',(#4597));
#4597 = ORIENTED_EDGE('',*,*,#4598,.F.);
#4598 = EDGE_CURVE('',#4599,#4599,#4601,.T.);
#4599 = VERTEX_POINT('',#4600);
#4600 = CARTESIAN_POINT('',(-52.7812,-44.70399999996,14.547));
#4601 = CIRCLE('',#4602,2.2098);
#4602 = AXIS2_PLACEMENT_3D('',#4603,#4604,#4605);
#4603 = CARTESIAN_POINT('',(-54.991,-44.70399999996,14.547));
#4604 = DIRECTION('',(0.,-1.,0.));
#4605 = DIRECTION('',(1.,0.,0.));
#4606 = FACE_BOUND('',#4607,.F.);
#4607 = EDGE_LOOP('',(#4608));
#4608 = ORIENTED_EDGE('',*,*,#4609,.F.);
#4609 = EDGE_CURVE('',#4610,#4610,#4612,.T.);
#4610 = VERTEX_POINT('',#4611);
#4611 = CARTESIAN_POINT('',(-38.148,-44.70399999996,9.952));
#4612 = CIRCLE('',#4613,2.032);
#4613 = AXIS2_PLACEMENT_3D('',#4614,#4615,#4616);
#4614 = CARTESIAN_POINT('',(-40.18,-44.70399999996,9.952));
#4615 = DIRECTION('',(0.,-1.,0.));
#4616 = DIRECTION('',(1.,0.,0.));
#4617 = FACE_BOUND('',#4618,.F.);
#4618 = EDGE_LOOP('',(#4619,#4629,#4638,#4646,#4655,#4663,#4672,#4680));
#4619 = ORIENTED_EDGE('',*,*,#4620,.F.);
#4620 = EDGE_CURVE('',#4621,#4623,#4625,.T.);
#4621 = VERTEX_POINT('',#4622);
#4622 = CARTESIAN_POINT('',(-11.165,-44.70399999996,8.007));
#4623 = VERTEX_POINT('',#4624);
#4624 = CARTESIAN_POINT('',(-11.165,-44.70399999996,13.857));
#4625 = LINE('',#4626,#4627);
#4626 = CARTESIAN_POINT('',(-11.165,-44.70399999996,8.007));
#4627 = VECTOR('',#4628,1.);
#4628 = DIRECTION('',(0.,2.2E-16,1.));
#4629 = ORIENTED_EDGE('',*,*,#4630,.F.);
#4630 = EDGE_CURVE('',#4631,#4621,#4633,.T.);
#4631 = VERTEX_POINT('',#4632);
#4632 = CARTESIAN_POINT('',(-12.435,-44.70399999996,6.737));
#4633 = CIRCLE('',#4634,1.27);
#4634 = AXIS2_PLACEMENT_3D('',#4635,#4636,#4637);
#4635 = CARTESIAN_POINT('',(-12.435,-44.70399999996,8.007));
#4636 = DIRECTION('',(0.,-1.,0.));
#4637 = DIRECTION('',(2.331E-14,0.,-1.));
#4638 = ORIENTED_EDGE('',*,*,#4639,.F.);
#4639 = EDGE_CURVE('',#4640,#4631,#4642,.T.);
#4640 = VERTEX_POINT('',#4641);
#4641 = CARTESIAN_POINT('',(-25.665,-44.70399999996,6.737));
#4642 = LINE('',#4643,#4644);
#4643 = CARTESIAN_POINT('',(-25.665,-44.70399999996,6.737));
#4644 = VECTOR('',#4645,1.);
#4645 = DIRECTION('',(1.,0.,0.));
#4646 = ORIENTED_EDGE('',*,*,#4647,.F.);
#4647 = EDGE_CURVE('',#4648,#4640,#4650,.T.);
#4648 = VERTEX_POINT('',#4649);
#4649 = CARTESIAN_POINT('',(-26.935,-44.70399999996,8.007));
#4650 = CIRCLE('',#4651,1.27);
#4651 = AXIS2_PLACEMENT_3D('',#4652,#4653,#4654);
#4652 = CARTESIAN_POINT('',(-25.665,-44.70399999996,8.007));
#4653 = DIRECTION('',(0.,-1.,0.));
#4654 = DIRECTION('',(-1.,0.,0.));
#4655 = ORIENTED_EDGE('',*,*,#4656,.F.);
#4656 = EDGE_CURVE('',#4657,#4648,#4659,.T.);
#4657 = VERTEX_POINT('',#4658);
#4658 = CARTESIAN_POINT('',(-26.935,-44.70399999996,13.857));
#4659 = LINE('',#4660,#4661);
#4660 = CARTESIAN_POINT('',(-26.935,-44.70399999996,13.857));
#4661 = VECTOR('',#4662,1.);
#4662 = DIRECTION('',(0.,-2.2E-16,-1.));
#4663 = ORIENTED_EDGE('',*,*,#4664,.F.);
#4664 = EDGE_CURVE('',#4665,#4657,#4667,.T.);
#4665 = VERTEX_POINT('',#4666);
#4666 = CARTESIAN_POINT('',(-25.665,-44.70399999996,15.127));
#4667 = CIRCLE('',#4668,1.27);
#4668 = AXIS2_PLACEMENT_3D('',#4669,#4670,#4671);
#4669 = CARTESIAN_POINT('',(-25.665,-44.70399999996,13.857));
#4670 = DIRECTION('',(0.,-1.,0.));
#4671 = DIRECTION('',(4.66E-15,0.,1.));
#4672 = ORIENTED_EDGE('',*,*,#4673,.F.);
#4673 = EDGE_CURVE('',#4674,#4665,#4676,.T.);
#4674 = VERTEX_POINT('',#4675);
#4675 = CARTESIAN_POINT('',(-12.435,-44.70399999996,15.127));
#4676 = LINE('',#4677,#4678);
#4677 = CARTESIAN_POINT('',(-12.435,-44.70399999996,15.127));
#4678 = VECTOR('',#4679,1.);
#4679 = DIRECTION('',(-1.,0.,0.));
#4680 = ORIENTED_EDGE('',*,*,#4681,.F.);
#4681 = EDGE_CURVE('',#4623,#4674,#4682,.T.);
#4682 = CIRCLE('',#4683,1.27);
#4683 = AXIS2_PLACEMENT_3D('',#4684,#4685,#4686);
#4684 = CARTESIAN_POINT('',(-12.435,-44.70399999996,13.857));
#4685 = DIRECTION('',(0.,-1.,0.));
#4686 = DIRECTION('',(1.,0.,0.));
#4687 = FACE_BOUND('',#4688,.F.);
#4688 = EDGE_LOOP('',(#4689,#4699,#4708,#4716,#4725,#4733,#4742,#4750));
#4689 = ORIENTED_EDGE('',*,*,#4690,.F.);
#4690 = EDGE_CURVE('',#4691,#4693,#4695,.T.);
#4691 = VERTEX_POINT('',#4692);
#4692 = CARTESIAN_POINT('',(11.4852,-44.70399999996,9.164));
#4693 = VERTEX_POINT('',#4694);
#4694 = CARTESIAN_POINT('',(-2.5532,-44.70399999996,9.164));
#4695 = LINE('',#4696,#4697);
#4696 = CARTESIAN_POINT('',(11.4852,-44.70399999996,9.164));
#4697 = VECTOR('',#4698,1.);
#4698 = DIRECTION('',(-1.,0.,0.));
#4699 = ORIENTED_EDGE('',*,*,#4700,.F.);
#4700 = EDGE_CURVE('',#4701,#4691,#4703,.T.);
#4701 = VERTEX_POINT('',#4702);
#4702 = CARTESIAN_POINT('',(12.298,-44.70399999996,8.3512));
#4703 = CIRCLE('',#4704,0.8128);
#4704 = AXIS2_PLACEMENT_3D('',#4705,#4706,#4707);
#4705 = CARTESIAN_POINT('',(11.4852,-44.70399999996,8.3512));
#4706 = DIRECTION('',(0.,-1.,0.));
#4707 = DIRECTION('',(1.,0.,0.));
#4708 = ORIENTED_EDGE('',*,*,#4709,.F.);
#4709 = EDGE_CURVE('',#4710,#4701,#4712,.T.);
#4710 = VERTEX_POINT('',#4711);
#4711 = CARTESIAN_POINT('',(12.298,-44.70399999996,7.0528));
#4712 = LINE('',#4713,#4714);
#4713 = CARTESIAN_POINT('',(12.298,-44.70399999996,7.0528));
#4714 = VECTOR('',#4715,1.);
#4715 = DIRECTION('',(0.,2.2E-16,1.));
#4716 = ORIENTED_EDGE('',*,*,#4717,.F.);
#4717 = EDGE_CURVE('',#4718,#4710,#4720,.T.);
#4718 = VERTEX_POINT('',#4719);
#4719 = CARTESIAN_POINT('',(11.4852,-44.70399999996,6.24));
#4720 = CIRCLE('',#4721,0.8128);
#4721 = AXIS2_PLACEMENT_3D('',#4722,#4723,#4724);
#4722 = CARTESIAN_POINT('',(11.4852,-44.70399999996,7.0528));
#4723 = DIRECTION('',(0.,-1.,0.));
#4724 = DIRECTION('',(5.83E-15,0.,-1.));
#4725 = ORIENTED_EDGE('',*,*,#4726,.F.);
#4726 = EDGE_CURVE('',#4727,#4718,#4729,.T.);
#4727 = VERTEX_POINT('',#4728);
#4728 = CARTESIAN_POINT('',(-2.5532,-44.70399999996,6.24));
#4729 = LINE('',#4730,#4731);
#4730 = CARTESIAN_POINT('',(-2.5532,-44.70399999996,6.24));
#4731 = VECTOR('',#4732,1.);
#4732 = DIRECTION('',(1.,0.,0.));
#4733 = ORIENTED_EDGE('',*,*,#4734,.F.);
#4734 = EDGE_CURVE('',#4735,#4727,#4737,.T.);
#4735 = VERTEX_POINT('',#4736);
#4736 = CARTESIAN_POINT('',(-3.366,-44.70399999996,7.0528));
#4737 = CIRCLE('',#4738,0.8128);
#4738 = AXIS2_PLACEMENT_3D('',#4739,#4740,#4741);
#4739 = CARTESIAN_POINT('',(-2.5532,-44.70399999996,7.0528));
#4740 = DIRECTION('',(0.,-1.,0.));
#4741 = DIRECTION('',(-1.,0.,0.));
#4742 = ORIENTED_EDGE('',*,*,#4743,.F.);
#4743 = EDGE_CURVE('',#4744,#4735,#4746,.T.);
#4744 = VERTEX_POINT('',#4745);
#4745 = CARTESIAN_POINT('',(-3.366,-44.70399999996,8.3512));
#4746 = LINE('',#4747,#4748);
#4747 = CARTESIAN_POINT('',(-3.366,-44.70399999996,8.3512));
#4748 = VECTOR('',#4749,1.);
#4749 = DIRECTION('',(0.,-2.2E-16,-1.));
#4750 = ORIENTED_EDGE('',*,*,#4751,.F.);
#4751 = EDGE_CURVE('',#4693,#4744,#4752,.T.);
#4752 = CIRCLE('',#4753,0.8128);
#4753 = AXIS2_PLACEMENT_3D('',#4754,#4755,#4756);
#4754 = CARTESIAN_POINT('',(-2.5532,-44.70399999996,8.3512));
#4755 = DIRECTION('',(0.,-1.,0.));
#4756 = DIRECTION('',(-8.74E-15,0.,1.));
#4757 = FACE_BOUND('',#4758,.F.);
#4758 = EDGE_LOOP('',(#4759,#4769,#4778,#4786,#4795,#4803,#4812,#4820));
#4759 = ORIENTED_EDGE('',*,*,#4760,.F.);
#4760 = EDGE_CURVE('',#4761,#4763,#4765,.T.);
#4761 = VERTEX_POINT('',#4762);
#4762 = CARTESIAN_POINT('',(19.14,-44.70399999996,20.224199999999));
#4763 = VERTEX_POINT('',#4764);
#4764 = CARTESIAN_POINT('',(19.14,-44.70399999996,7.1798));
#4765 = LINE('',#4766,#4767);
#4766 = CARTESIAN_POINT('',(19.14,-44.70399999996,20.224199999999));
#4767 = VECTOR('',#4768,1.);
#4768 = DIRECTION('',(0.,-2.2E-16,-1.));
#4769 = ORIENTED_EDGE('',*,*,#4770,.F.);
#4770 = EDGE_CURVE('',#4771,#4761,#4773,.T.);
#4771 = VERTEX_POINT('',#4772);
#4772 = CARTESIAN_POINT('',(19.952800000002,-44.70399999996,
    21.036999999999));
#4773 = CIRCLE('',#4774,0.8128);
#4774 = AXIS2_PLACEMENT_3D('',#4775,#4776,#4777);
#4775 = CARTESIAN_POINT('',(19.9528,-44.70399999996,20.224199999999));
#4776 = DIRECTION('',(0.,-1.,0.));
#4777 = DIRECTION('',(5.52489E-12,0.,1.));
#4778 = ORIENTED_EDGE('',*,*,#4779,.F.);
#4779 = EDGE_CURVE('',#4780,#4771,#4782,.T.);
#4780 = VERTEX_POINT('',#4781);
#4781 = CARTESIAN_POINT('',(35.697199999996,-44.70399999996,
    21.036999999999));
#4782 = LINE('',#4783,#4784);
#4783 = CARTESIAN_POINT('',(35.697199999998,-44.70399999996,
    21.036999999999));
#4784 = VECTOR('',#4785,1.);
#4785 = DIRECTION('',(-1.,0.,0.));
#4786 = ORIENTED_EDGE('',*,*,#4787,.F.);
#4787 = EDGE_CURVE('',#4788,#4780,#4790,.T.);
#4788 = VERTEX_POINT('',#4789);
#4789 = CARTESIAN_POINT('',(36.51,-44.70399999996,20.224199999999));
#4790 = CIRCLE('',#4791,0.8128);
#4791 = AXIS2_PLACEMENT_3D('',#4792,#4793,#4794);
#4792 = CARTESIAN_POINT('',(35.6972,-44.70399999996,20.224199999999));
#4793 = DIRECTION('',(0.,-1.,0.));
#4794 = DIRECTION('',(1.,0.,0.));
#4795 = ORIENTED_EDGE('',*,*,#4796,.F.);
#4796 = EDGE_CURVE('',#4797,#4788,#4799,.T.);
#4797 = VERTEX_POINT('',#4798);
#4798 = CARTESIAN_POINT('',(36.51,-44.70399999996,7.1798));
#4799 = LINE('',#4800,#4801);
#4800 = CARTESIAN_POINT('',(36.51,-44.70399999996,7.1798));
#4801 = VECTOR('',#4802,1.);
#4802 = DIRECTION('',(0.,2.2E-16,1.));
#4803 = ORIENTED_EDGE('',*,*,#4804,.F.);
#4804 = EDGE_CURVE('',#4805,#4797,#4807,.T.);
#4805 = VERTEX_POINT('',#4806);
#4806 = CARTESIAN_POINT('',(35.6972,-44.70399999996,6.367));
#4807 = CIRCLE('',#4808,0.8128);
#4808 = AXIS2_PLACEMENT_3D('',#4809,#4810,#4811);
#4809 = CARTESIAN_POINT('',(35.6972,-44.70399999996,7.1798));
#4810 = DIRECTION('',(0.,-1.,0.));
#4811 = DIRECTION('',(-2.331E-14,-0.,-1.));
#4812 = ORIENTED_EDGE('',*,*,#4813,.F.);
#4813 = EDGE_CURVE('',#4814,#4805,#4816,.T.);
#4814 = VERTEX_POINT('',#4815);
#4815 = CARTESIAN_POINT('',(19.9528,-44.70399999996,6.367));
#4816 = LINE('',#4817,#4818);
#4817 = CARTESIAN_POINT('',(19.9528,-44.70399999996,6.367));
#4818 = VECTOR('',#4819,1.);
#4819 = DIRECTION('',(1.,0.,0.));
#4820 = ORIENTED_EDGE('',*,*,#4821,.F.);
#4821 = EDGE_CURVE('',#4763,#4814,#4822,.T.);
#4822 = CIRCLE('',#4823,0.8128);
#4823 = AXIS2_PLACEMENT_3D('',#4824,#4825,#4826);
#4824 = CARTESIAN_POINT('',(19.9528,-44.70399999996,7.1798));
#4825 = DIRECTION('',(0.,-1.,0.));
#4826 = DIRECTION('',(-1.,0.,0.));
#4827 = FACE_BOUND('',#4828,.F.);
#4828 = EDGE_LOOP('',(#4829,#4839,#4848,#4856,#4865,#4873,#4882,#4890));
#4829 = ORIENTED_EDGE('',*,*,#4830,.F.);
#4830 = EDGE_CURVE('',#4831,#4833,#4835,.T.);
#4831 = VERTEX_POINT('',#4832);
#4832 = CARTESIAN_POINT('',(44.67900000007,-44.70399999996,
    8.941999999927));
#4833 = VERTEX_POINT('',#4834);
#4834 = CARTESIAN_POINT('',(44.67900000007,-44.70399999996,
    8.322000000069));
#4835 = LINE('',#4836,#4837);
#4836 = CARTESIAN_POINT('',(44.67900000007,-44.70399999996,
    8.941999999927));
#4837 = VECTOR('',#4838,1.);
#4838 = DIRECTION('',(0.,-2.2E-16,-1.));
#4839 = ORIENTED_EDGE('',*,*,#4840,.F.);
#4840 = EDGE_CURVE('',#4841,#4831,#4843,.T.);
#4841 = VERTEX_POINT('',#4842);
#4842 = CARTESIAN_POINT('',(46.58400000007,-44.70399999996,
    10.846999999927));
#4843 = CIRCLE('',#4844,1.905);
#4844 = AXIS2_PLACEMENT_3D('',#4845,#4846,#4847);
#4845 = CARTESIAN_POINT('',(46.58400000007,-44.70399999996,
    8.941999999927));
#4846 = DIRECTION('',(0.,-1.,0.));
#4847 = DIRECTION('',(0.,0.,1.));
#4848 = ORIENTED_EDGE('',*,*,#4849,.F.);
#4849 = EDGE_CURVE('',#4850,#4841,#4852,.T.);
#4850 = VERTEX_POINT('',#4851);
#4851 = CARTESIAN_POINT('',(52.983999999929,-44.70399999996,
    10.846999999927));
#4852 = LINE('',#4853,#4854);
#4853 = CARTESIAN_POINT('',(52.983999999929,-44.70399999996,
    10.846999999927));
#4854 = VECTOR('',#4855,1.);
#4855 = DIRECTION('',(-1.,0.,0.));
#4856 = ORIENTED_EDGE('',*,*,#4857,.F.);
#4857 = EDGE_CURVE('',#4858,#4850,#4860,.T.);
#4858 = VERTEX_POINT('',#4859);
#4859 = CARTESIAN_POINT('',(54.888999999929,-44.70399999996,
    8.941999999927));
#4860 = CIRCLE('',#4861,1.905);
#4861 = AXIS2_PLACEMENT_3D('',#4862,#4863,#4864);
#4862 = CARTESIAN_POINT('',(52.983999999929,-44.70399999996,
    8.941999999927));
#4863 = DIRECTION('',(0.,-1.,0.));
#4864 = DIRECTION('',(1.,0.,1.27E-15));
#4865 = ORIENTED_EDGE('',*,*,#4866,.F.);
#4866 = EDGE_CURVE('',#4867,#4858,#4869,.T.);
#4867 = VERTEX_POINT('',#4868);
#4868 = CARTESIAN_POINT('',(54.888999999929,-44.70399999996,
    8.322000000069));
#4869 = LINE('',#4870,#4871);
#4870 = CARTESIAN_POINT('',(54.888999999929,-44.70399999996,
    8.322000000069));
#4871 = VECTOR('',#4872,1.);
#4872 = DIRECTION('',(0.,2.2E-16,1.));
#4873 = ORIENTED_EDGE('',*,*,#4874,.F.);
#4874 = EDGE_CURVE('',#4875,#4867,#4877,.T.);
#4875 = VERTEX_POINT('',#4876);
#4876 = CARTESIAN_POINT('',(52.983999999929,-44.70399999996,
    6.417000000069));
#4877 = CIRCLE('',#4878,1.905);
#4878 = AXIS2_PLACEMENT_3D('',#4879,#4880,#4881);
#4879 = CARTESIAN_POINT('',(52.983999999929,-44.70399999996,
    8.322000000069));
#4880 = DIRECTION('',(0.,-1.,0.));
#4881 = DIRECTION('',(-5.09E-15,-0.,-1.));
#4882 = ORIENTED_EDGE('',*,*,#4883,.F.);
#4883 = EDGE_CURVE('',#4884,#4875,#4886,.T.);
#4884 = VERTEX_POINT('',#4885);
#4885 = CARTESIAN_POINT('',(46.58400000007,-44.70399999996,
    6.417000000069));
#4886 = LINE('',#4887,#4888);
#4887 = CARTESIAN_POINT('',(46.58400000007,-44.70399999996,
    6.417000000069));
#4888 = VECTOR('',#4889,1.);
#4889 = DIRECTION('',(1.,0.,0.));
#4890 = ORIENTED_EDGE('',*,*,#4891,.F.);
#4891 = EDGE_CURVE('',#4833,#4884,#4892,.T.);
#4892 = CIRCLE('',#4893,1.905);
#4893 = AXIS2_PLACEMENT_3D('',#4894,#4895,#4896);
#4894 = CARTESIAN_POINT('',(46.58400000007,-44.70399999996,
    8.322000000069));
#4895 = DIRECTION('',(0.,-1.,0.));
#4896 = DIRECTION('',(-1.,0.,0.));
#4897 = PLANE('',#4898);
#4898 = AXIS2_PLACEMENT_3D('',#4899,#4900,#4901);
#4899 = CARTESIAN_POINT('',(-64.76999999997,-44.70399999996,22.225));
#4900 = DIRECTION('',(0.,-1.,0.));
#4901 = DIRECTION('',(1.,0.,0.));
#4902 = ADVANCED_FACE('',(#4903),#4914,.F.);
#4903 = FACE_BOUND('',#4904,.F.);
#4904 = EDGE_LOOP('',(#4905,#4906,#4907,#4913));
#4905 = ORIENTED_EDGE('',*,*,#4578,.T.);
#4906 = ORIENTED_EDGE('',*,*,#2191,.T.);
#4907 = ORIENTED_EDGE('',*,*,#4908,.F.);
#4908 = EDGE_CURVE('',#3638,#2183,#4909,.T.);
#4909 = LINE('',#4910,#4911);
#4910 = CARTESIAN_POINT('',(70.10399999997,-39.36999999996,22.225));
#4911 = VECTOR('',#4912,1.);
#4912 = DIRECTION('',(-0.,-0.,-1.));
#4913 = ORIENTED_EDGE('',*,*,#3637,.F.);
#4914 = CYLINDRICAL_SURFACE('',#4915,5.334);
#4915 = AXIS2_PLACEMENT_3D('',#4916,#4917,#4918);
#4916 = CARTESIAN_POINT('',(64.76999999997,-39.36999999996,22.225));
#4917 = DIRECTION('',(0.,0.,1.));
#4918 = DIRECTION('',(1.,0.,0.));
#4919 = ADVANCED_FACE('',(#4920),#4931,.F.);
#4920 = FACE_BOUND('',#4921,.F.);
#4921 = EDGE_LOOP('',(#4922,#4923,#4924));
#4922 = ORIENTED_EDGE('',*,*,#2273,.F.);
#4923 = ORIENTED_EDGE('',*,*,#2206,.T.);
#4924 = ORIENTED_EDGE('',*,*,#4925,.F.);
#4925 = EDGE_CURVE('',#2266,#2207,#4926,.T.);
#4926 = CIRCLE('',#4927,0.508);
#4927 = AXIS2_PLACEMENT_3D('',#4928,#4929,#4930);
#4928 = CARTESIAN_POINT('',(69.59599999999,34.798,2.032));
#4929 = DIRECTION('',(-0.,0.,1.));
#4930 = DIRECTION('',(0.,-1.,0.));
#4931 = SPHERICAL_SURFACE('',#4932,0.508);
#4932 = AXIS2_PLACEMENT_3D('',#4933,#4934,#4935);
#4933 = CARTESIAN_POINT('',(69.59599999999,34.798,2.032));
#4934 = DIRECTION('',(0.,0.,1.));
#4935 = DIRECTION('',(0.,-1.,0.));
#4936 = ADVANCED_FACE('',(#4937,#5026,#5060),#5130,.T.);
#4937 = FACE_BOUND('',#4938,.T.);
#4938 = EDGE_LOOP('',(#4939,#4940,#4941,#4949,#4958,#4966,#4983,#4984,
    #4985,#4993,#5002,#5010,#5019,#5025));
#4939 = ORIENTED_EDGE('',*,*,#4908,.F.);
#4940 = ORIENTED_EDGE('',*,*,#3691,.T.);
#4941 = ORIENTED_EDGE('',*,*,#4942,.T.);
#4942 = EDGE_CURVE('',#3683,#4943,#4945,.T.);
#4943 = VERTEX_POINT('',#4944);
#4944 = CARTESIAN_POINT('',(70.103999999979,-13.16392387304,
    15.358039850175));
#4945 = LINE('',#4946,#4947);
#4946 = CARTESIAN_POINT('',(70.103999999973,-14.86780210989,21.717));
#4947 = VECTOR('',#4948,1.);
#4948 = DIRECTION('',(8.7793E-13,0.258819045103,-0.965925826289));
#4949 = ORIENTED_EDGE('',*,*,#4950,.T.);
#4950 = EDGE_CURVE('',#4943,#4951,#4953,.T.);
#4951 = VERTEX_POINT('',#4952);
#4952 = CARTESIAN_POINT('',(70.103999999979,-12.18254323353,14.605));
#4953 = CIRCLE('',#4954,1.016);
#4954 = AXIS2_PLACEMENT_3D('',#4955,#4956,#4957);
#4955 = CARTESIAN_POINT('',(70.103999999978,-12.18254323353,15.621));
#4956 = DIRECTION('',(1.,2.311E-14,9.1509E-13));
#4957 = DIRECTION('',(2.591652658284E-13,-0.965925826289,-0.258819045103
    ));
#4958 = ORIENTED_EDGE('',*,*,#4959,.T.);
#4959 = EDGE_CURVE('',#4951,#4960,#4962,.T.);
#4960 = VERTEX_POINT('',#4961);
#4961 = CARTESIAN_POINT('',(70.103999999978,34.440918124405,14.605));
#4962 = LINE('',#4963,#4964);
#4963 = CARTESIAN_POINT('',(70.103999999979,-12.18254323353,14.605));
#4964 = VECTOR('',#4965,1.);
#4965 = DIRECTION('',(-2.311E-14,1.,0.));
#4966 = ORIENTED_EDGE('',*,*,#4967,.T.);
#4967 = EDGE_CURVE('',#4960,#4531,#4968,.T.);
#4968 = ( BOUNDED_CURVE() B_SPLINE_CURVE(7,(#4969,#4970,#4971,#4972,
    #4973,#4974,#4975,#4976,#4977,#4978,#4979,#4980,#4981,#4982),
.UNSPECIFIED.,.F.,.F.) B_SPLINE_CURVE_WITH_KNOTS((8,6,8),(
    305.34844945308,305.51068866347,305.52912905145),.UNSPECIFIED.) 
CURVE() GEOMETRIC_REPRESENTATION_ITEM() RATIONAL_B_SPLINE_CURVE((1.,1.,
1.,1.,1.,1.,1.,1.,1.,1.,1.,1.,1.,1.)) REPRESENTATION_ITEM('') );
#4969 = CARTESIAN_POINT('',(70.103999999978,34.440918124405,14.605));
#4970 = CARTESIAN_POINT('',(70.103999999978,34.460587497627,
    14.604999999999));
#4971 = CARTESIAN_POINT('',(70.103999999978,34.480389305036,
    14.605022236125));
#4972 = CARTESIAN_POINT('',(70.103999999978,34.499427568131,
    14.604859873279));
#4973 = CARTESIAN_POINT('',(70.103999999978,34.521335767186,
    14.605461447971));
#4974 = CARTESIAN_POINT('',(70.103999999978,34.53705216508,
    14.603900686138));
#4975 = CARTESIAN_POINT('',(70.103999999978,34.569497622351,
    14.607288702001));
#4976 = CARTESIAN_POINT('',(70.103999999978,34.575152897013,
    14.602869900771));
#4977 = CARTESIAN_POINT('',(70.103999999978,34.575718972448,
    14.602406647073));
#4978 = CARTESIAN_POINT('',(70.103999999978,34.576274415013,
    14.601931315818));
#4979 = CARTESIAN_POINT('',(70.103999999978,34.576819700873,
    14.601444094714));
#4980 = CARTESIAN_POINT('',(70.103999999978,34.577355306197,
    14.60094517147));
#4981 = CARTESIAN_POINT('',(70.103999999978,34.577881707152,
    14.600434733792));
#4982 = CARTESIAN_POINT('',(70.103999999978,34.578399379904,
    14.599912969388));
#4983 = ORIENTED_EDGE('',*,*,#4530,.F.);
#4984 = ORIENTED_EDGE('',*,*,#2215,.F.);
#4985 = ORIENTED_EDGE('',*,*,#4986,.T.);
#4986 = EDGE_CURVE('',#2207,#4987,#4989,.T.);
#4987 = VERTEX_POINT('',#4988);
#4988 = CARTESIAN_POINT('',(70.103999999987,34.798,4.826));
#4989 = LINE('',#4990,#4991);
#4990 = CARTESIAN_POINT('',(70.10399999999,34.798,1.524));
#4991 = VECTOR('',#4992,1.);
#4992 = DIRECTION('',(0.,0.,1.));
#4993 = ORIENTED_EDGE('',*,*,#4994,.F.);
#4994 = EDGE_CURVE('',#4995,#4987,#4997,.T.);
#4995 = VERTEX_POINT('',#4996);
#4996 = CARTESIAN_POINT('',(70.103999999986,33.782,5.842));
#4997 = CIRCLE('',#4998,1.016);
#4998 = AXIS2_PLACEMENT_3D('',#4999,#5000,#5001);
#4999 = CARTESIAN_POINT('',(70.103999999987,33.782,4.826000000003));
#5000 = DIRECTION('',(-1.,-2.311E-14,-9.1509E-13));
#5001 = DIRECTION('',(-9.1509E-13,-1.3987E-13,1.));
#5002 = ORIENTED_EDGE('',*,*,#5003,.F.);
#5003 = EDGE_CURVE('',#5004,#4995,#5006,.T.);
#5004 = VERTEX_POINT('',#5005);
#5005 = CARTESIAN_POINT('',(70.103999999988,-33.782,5.842));
#5006 = LINE('',#5007,#5008);
#5007 = CARTESIAN_POINT('',(70.103999999988,-34.29,5.842));
#5008 = VECTOR('',#5009,1.);
#5009 = DIRECTION('',(0.,1.,0.));
#5010 = ORIENTED_EDGE('',*,*,#5011,.T.);
#5011 = EDGE_CURVE('',#5004,#5012,#5014,.T.);
#5012 = VERTEX_POINT('',#5013);
#5013 = CARTESIAN_POINT('',(70.103999999989,-34.798,4.826));
#5014 = CIRCLE('',#5015,1.016);
#5015 = AXIS2_PLACEMENT_3D('',#5016,#5017,#5018);
#5016 = CARTESIAN_POINT('',(70.103999999989,-33.782,4.826000000003));
#5017 = DIRECTION('',(1.,2.311E-14,9.1509E-13));
#5018 = DIRECTION('',(-9.1509E-13,-1.5386E-13,1.));
#5019 = ORIENTED_EDGE('',*,*,#5020,.F.);
#5020 = EDGE_CURVE('',#2233,#5012,#5021,.T.);
#5021 = LINE('',#5022,#5023);
#5022 = CARTESIAN_POINT('',(70.103999999992,-34.798,1.524));
#5023 = VECTOR('',#5024,1.);
#5024 = DIRECTION('',(0.,0.,1.));
#5025 = ORIENTED_EDGE('',*,*,#2232,.F.);
#5026 = FACE_BOUND('',#5027,.T.);
#5027 = EDGE_LOOP('',(#5028,#5038,#5046,#5054));
#5028 = ORIENTED_EDGE('',*,*,#5029,.F.);
#5029 = EDGE_CURVE('',#5030,#5032,#5034,.T.);
#5030 = VERTEX_POINT('',#5031);
#5031 = CARTESIAN_POINT('',(70.103999999976,-21.47180210989,18.034));
#5032 = VERTEX_POINT('',#5033);
#5033 = CARTESIAN_POINT('',(70.103999999976,-28.58380210989,18.034));
#5034 = LINE('',#5035,#5036);
#5035 = CARTESIAN_POINT('',(70.103999999976,-21.72580210989,18.034));
#5036 = VECTOR('',#5037,1.);
#5037 = DIRECTION('',(-2.2E-16,-1.,-0.));
#5038 = ORIENTED_EDGE('',*,*,#5039,.F.);
#5039 = EDGE_CURVE('',#5040,#5030,#5042,.T.);
#5040 = VERTEX_POINT('',#5041);
#5041 = CARTESIAN_POINT('',(70.103999999974,-21.47180210989,21.209));
#5042 = LINE('',#5043,#5044);
#5043 = CARTESIAN_POINT('',(70.103999999974,-21.47180210989,20.955));
#5044 = VECTOR('',#5045,1.);
#5045 = DIRECTION('',(2.2E-16,0.,-1.));
#5046 = ORIENTED_EDGE('',*,*,#5047,.F.);
#5047 = EDGE_CURVE('',#5048,#5040,#5050,.T.);
#5048 = VERTEX_POINT('',#5049);
#5049 = CARTESIAN_POINT('',(70.103999999976,-28.58380210989,21.209));
#5050 = LINE('',#5051,#5052);
#5051 = CARTESIAN_POINT('',(70.103999999974,-28.32980210989,21.209));
#5052 = VECTOR('',#5053,1.);
#5053 = DIRECTION('',(2.2E-16,1.,0.));
#5054 = ORIENTED_EDGE('',*,*,#5055,.F.);
#5055 = EDGE_CURVE('',#5032,#5048,#5056,.T.);
#5056 = LINE('',#5057,#5058);
#5057 = CARTESIAN_POINT('',(70.103999999976,-28.58380210989,18.288));
#5058 = VECTOR('',#5059,1.);
#5059 = DIRECTION('',(-2.2E-16,0.,1.));
#5060 = FACE_BOUND('',#5061,.T.);
#5061 = EDGE_LOOP('',(#5062,#5072,#5081,#5089,#5098,#5106,#5115,#5123));
#5062 = ORIENTED_EDGE('',*,*,#5063,.T.);
#5063 = EDGE_CURVE('',#5064,#5066,#5068,.T.);
#5064 = VERTEX_POINT('',#5065);
#5065 = CARTESIAN_POINT('',(70.103999999982,33.782,10.033));
#5066 = VERTEX_POINT('',#5067);
#5067 = CARTESIAN_POINT('',(70.103999999984,-33.782,10.033));
#5068 = LINE('',#5069,#5070);
#5069 = CARTESIAN_POINT('',(70.103999999982,34.29,10.033));
#5070 = VECTOR('',#5071,1.);
#5071 = DIRECTION('',(-0.,-1.,-0.));
#5072 = ORIENTED_EDGE('',*,*,#5073,.F.);
#5073 = EDGE_CURVE('',#5074,#5066,#5076,.T.);
#5074 = VERTEX_POINT('',#5075);
#5075 = CARTESIAN_POINT('',(70.103999999985,-34.798,9.017));
#5076 = CIRCLE('',#5077,1.016);
#5077 = AXIS2_PLACEMENT_3D('',#5078,#5079,#5080);
#5078 = CARTESIAN_POINT('',(70.103999999985,-33.782,9.017));
#5079 = DIRECTION('',(-1.,-2.311E-14,-9.1509E-13));
#5080 = DIRECTION('',(2.310999999916E-14,-1.,9.1615E-13));
#5081 = ORIENTED_EDGE('',*,*,#5082,.F.);
#5082 = EDGE_CURVE('',#5083,#5074,#5085,.T.);
#5083 = VERTEX_POINT('',#5084);
#5084 = CARTESIAN_POINT('',(70.103999999986,-34.798,7.747));
#5085 = LINE('',#5086,#5087);
#5086 = CARTESIAN_POINT('',(70.103999999987,-34.798,7.239));
#5087 = VECTOR('',#5088,1.);
#5088 = DIRECTION('',(0.,0.,1.));
#5089 = ORIENTED_EDGE('',*,*,#5090,.T.);
#5090 = EDGE_CURVE('',#5083,#5091,#5093,.T.);
#5091 = VERTEX_POINT('',#5092);
#5092 = CARTESIAN_POINT('',(70.103999999987,-33.782,6.731));
#5093 = CIRCLE('',#5094,1.016);
#5094 = AXIS2_PLACEMENT_3D('',#5095,#5096,#5097);
#5095 = CARTESIAN_POINT('',(70.103999999986,-33.782,7.747000000003));
#5096 = DIRECTION('',(1.,2.311E-14,9.1509E-13));
#5097 = DIRECTION('',(2.311000000544E-14,-1.,-5.948E-12));
#5098 = ORIENTED_EDGE('',*,*,#5099,.F.);
#5099 = EDGE_CURVE('',#5100,#5091,#5102,.T.);
#5100 = VERTEX_POINT('',#5101);
#5101 = CARTESIAN_POINT('',(70.103999999985,33.782,6.731));
#5102 = LINE('',#5103,#5104);
#5103 = CARTESIAN_POINT('',(70.103999999985,34.29,6.731));
#5104 = VECTOR('',#5105,1.);
#5105 = DIRECTION('',(-0.,-1.,-0.));
#5106 = ORIENTED_EDGE('',*,*,#5107,.F.);
#5107 = EDGE_CURVE('',#5108,#5100,#5110,.T.);
#5108 = VERTEX_POINT('',#5109);
#5109 = CARTESIAN_POINT('',(70.103999999985,34.798,7.747));
#5110 = CIRCLE('',#5111,1.016);
#5111 = AXIS2_PLACEMENT_3D('',#5112,#5113,#5114);
#5112 = CARTESIAN_POINT('',(70.103999999985,33.782,7.747000000003));
#5113 = DIRECTION('',(-1.,-2.311E-14,-9.1509E-13));
#5114 = DIRECTION('',(-2.310999999456E-14,1.,-5.948E-12));
#5115 = ORIENTED_EDGE('',*,*,#5116,.T.);
#5116 = EDGE_CURVE('',#5108,#5117,#5119,.T.);
#5117 = VERTEX_POINT('',#5118);
#5118 = CARTESIAN_POINT('',(70.103999999983,34.798,9.017));
#5119 = LINE('',#5120,#5121);
#5120 = CARTESIAN_POINT('',(70.103999999985,34.798,7.239));
#5121 = VECTOR('',#5122,1.);
#5122 = DIRECTION('',(0.,0.,1.));
#5123 = ORIENTED_EDGE('',*,*,#5124,.T.);
#5124 = EDGE_CURVE('',#5117,#5064,#5125,.T.);
#5125 = CIRCLE('',#5126,1.016);
#5126 = AXIS2_PLACEMENT_3D('',#5127,#5128,#5129);
#5127 = CARTESIAN_POINT('',(70.103999999983,33.782,9.017000000003));
#5128 = DIRECTION('',(1.,2.311E-14,9.1509E-13));
#5129 = DIRECTION('',(-2.310999999456E-14,1.,-5.9445E-12));
#5130 = PLANE('',#5131);
#5131 = AXIS2_PLACEMENT_3D('',#5132,#5133,#5134);
#5132 = CARTESIAN_POINT('',(70.103999999981,3.310349480988,
    12.768773356402));
#5133 = DIRECTION('',(-1.,-2.311E-14,-9.1509E-13));
#5134 = DIRECTION('',(9.1509E-13,0.,-1.));
#5135 = ADVANCED_FACE('',(#5136),#5147,.F.);
#5136 = FACE_BOUND('',#5137,.F.);
#5137 = EDGE_LOOP('',(#5138,#5145,#5146));
#5138 = ORIENTED_EDGE('',*,*,#5139,.F.);
#5139 = EDGE_CURVE('',#2233,#2291,#5140,.T.);
#5140 = CIRCLE('',#5141,0.508);
#5141 = AXIS2_PLACEMENT_3D('',#5142,#5143,#5144);
#5142 = CARTESIAN_POINT('',(69.595999999991,-34.798,2.032));
#5143 = DIRECTION('',(-9.1509E-13,-9.1703E-13,1.));
#5144 = DIRECTION('',(-2.311E-14,1.,9.1703E-13));
#5145 = ORIENTED_EDGE('',*,*,#2240,.T.);
#5146 = ORIENTED_EDGE('',*,*,#2290,.F.);
#5147 = SPHERICAL_SURFACE('',#5148,0.508);
#5148 = AXIS2_PLACEMENT_3D('',#5149,#5150,#5151);
#5149 = CARTESIAN_POINT('',(69.595999999991,-34.798,2.032));
#5150 = DIRECTION('',(-1.,-2.311E-14,-9.1509E-13));
#5151 = DIRECTION('',(-2.311000000084E-14,1.,9.1703E-13));
#5152 = ADVANCED_FACE('',(#5153),#5178,.F.);
#5153 = FACE_BOUND('',#5154,.T.);
#5154 = EDGE_LOOP('',(#5155,#5163,#5164,#5172));
#5155 = ORIENTED_EDGE('',*,*,#5156,.F.);
#5156 = EDGE_CURVE('',#2266,#5157,#5159,.T.);
#5157 = VERTEX_POINT('',#5158);
#5158 = CARTESIAN_POINT('',(69.59599999999,34.29,4.826));
#5159 = LINE('',#5160,#5161);
#5160 = CARTESIAN_POINT('',(69.59599999999,34.29,1.524));
#5161 = VECTOR('',#5162,1.);
#5162 = DIRECTION('',(0.,0.,1.));
#5163 = ORIENTED_EDGE('',*,*,#2265,.F.);
#5164 = ORIENTED_EDGE('',*,*,#5165,.T.);
#5165 = EDGE_CURVE('',#2257,#5166,#5168,.T.);
#5166 = VERTEX_POINT('',#5167);
#5167 = CARTESIAN_POINT('',(66.802,34.29,4.826));
#5168 = LINE('',#5169,#5170);
#5169 = CARTESIAN_POINT('',(66.802,34.29,1.524));
#5170 = VECTOR('',#5171,1.);
#5171 = DIRECTION('',(0.,0.,1.));
#5172 = ORIENTED_EDGE('',*,*,#5173,.T.);
#5173 = EDGE_CURVE('',#5166,#5157,#5174,.T.);
#5174 = LINE('',#5175,#5176);
#5175 = CARTESIAN_POINT('',(66.294,34.29,4.826));
#5176 = VECTOR('',#5177,1.);
#5177 = DIRECTION('',(1.,0.,0.));
#5178 = PLANE('',#5179);
#5179 = AXIS2_PLACEMENT_3D('',#5180,#5181,#5182);
#5180 = CARTESIAN_POINT('',(66.294,34.29,1.524));
#5181 = DIRECTION('',(-0.,-1.,-0.));
#5182 = DIRECTION('',(-1.,0.,0.));
#5183 = ADVANCED_FACE('',(#5184),#5209,.F.);
#5184 = FACE_BOUND('',#5185,.T.);
#5185 = EDGE_LOOP('',(#5186,#5194,#5195,#5203));
#5186 = ORIENTED_EDGE('',*,*,#5187,.F.);
#5187 = EDGE_CURVE('',#2300,#5188,#5190,.T.);
#5188 = VERTEX_POINT('',#5189);
#5189 = CARTESIAN_POINT('',(66.802,-34.29,4.826));
#5190 = LINE('',#5191,#5192);
#5191 = CARTESIAN_POINT('',(66.802,-34.29,1.524));
#5192 = VECTOR('',#5193,1.);
#5193 = DIRECTION('',(0.,0.,1.));
#5194 = ORIENTED_EDGE('',*,*,#2299,.F.);
#5195 = ORIENTED_EDGE('',*,*,#5196,.T.);
#5196 = EDGE_CURVE('',#2291,#5197,#5199,.T.);
#5197 = VERTEX_POINT('',#5198);
#5198 = CARTESIAN_POINT('',(69.595999999992,-34.29,4.826));
#5199 = LINE('',#5200,#5201);
#5200 = CARTESIAN_POINT('',(69.595999999992,-34.29,1.524));
#5201 = VECTOR('',#5202,1.);
#5202 = DIRECTION('',(0.,0.,1.));
#5203 = ORIENTED_EDGE('',*,*,#5204,.F.);
#5204 = EDGE_CURVE('',#5188,#5197,#5205,.T.);
#5205 = LINE('',#5206,#5207);
#5206 = CARTESIAN_POINT('',(66.294,-34.29,4.826));
#5207 = VECTOR('',#5208,1.);
#5208 = DIRECTION('',(1.,0.,0.));
#5209 = PLANE('',#5210);
#5210 = AXIS2_PLACEMENT_3D('',#5211,#5212,#5213);
#5211 = CARTESIAN_POINT('',(70.104,-34.29,1.524));
#5212 = DIRECTION('',(0.,1.,0.));
#5213 = DIRECTION('',(1.,0.,0.));
#5214 = ADVANCED_FACE('',(#5215),#5234,.T.);
#5215 = FACE_BOUND('',#5216,.T.);
#5216 = EDGE_LOOP('',(#5217,#5218,#5219,#5227));
#5217 = ORIENTED_EDGE('',*,*,#5165,.F.);
#5218 = ORIENTED_EDGE('',*,*,#2333,.T.);
#5219 = ORIENTED_EDGE('',*,*,#5220,.T.);
#5220 = EDGE_CURVE('',#2325,#5221,#5223,.T.);
#5221 = VERTEX_POINT('',#5222);
#5222 = CARTESIAN_POINT('',(66.294,33.782,4.826));
#5223 = LINE('',#5224,#5225);
#5224 = CARTESIAN_POINT('',(66.294,33.782,1.524));
#5225 = VECTOR('',#5226,1.);
#5226 = DIRECTION('',(0.,0.,1.));
#5227 = ORIENTED_EDGE('',*,*,#5228,.T.);
#5228 = EDGE_CURVE('',#5221,#5166,#5229,.T.);
#5229 = CIRCLE('',#5230,0.508);
#5230 = AXIS2_PLACEMENT_3D('',#5231,#5232,#5233);
#5231 = CARTESIAN_POINT('',(66.802,33.782,4.826));
#5232 = DIRECTION('',(0.,0.,-1.));
#5233 = DIRECTION('',(-1.,1.399E-14,0.));
#5234 = CYLINDRICAL_SURFACE('',#5235,0.508);
#5235 = AXIS2_PLACEMENT_3D('',#5236,#5237,#5238);
#5236 = CARTESIAN_POINT('',(66.802,33.782,1.524));
#5237 = DIRECTION('',(0.,0.,1.));
#5238 = DIRECTION('',(0.,1.,0.));
#5239 = ADVANCED_FACE('',(#5240),#5259,.T.);
#5240 = FACE_BOUND('',#5241,.T.);
#5241 = EDGE_LOOP('',(#5242,#5250,#5251,#5252));
#5242 = ORIENTED_EDGE('',*,*,#5243,.F.);
#5243 = EDGE_CURVE('',#2351,#5244,#5246,.T.);
#5244 = VERTEX_POINT('',#5245);
#5245 = CARTESIAN_POINT('',(66.294,-33.782,4.826));
#5246 = LINE('',#5247,#5248);
#5247 = CARTESIAN_POINT('',(66.294,-33.782,1.524));
#5248 = VECTOR('',#5249,1.);
#5249 = DIRECTION('',(0.,0.,1.));
#5250 = ORIENTED_EDGE('',*,*,#2359,.F.);
#5251 = ORIENTED_EDGE('',*,*,#5187,.T.);
#5252 = ORIENTED_EDGE('',*,*,#5253,.T.);
#5253 = EDGE_CURVE('',#5188,#5244,#5254,.T.);
#5254 = CIRCLE('',#5255,0.508);
#5255 = AXIS2_PLACEMENT_3D('',#5256,#5257,#5258);
#5256 = CARTESIAN_POINT('',(66.802,-33.782,4.826));
#5257 = DIRECTION('',(0.,0.,-1.));
#5258 = DIRECTION('',(-1.,0.,0.));
#5259 = CYLINDRICAL_SURFACE('',#5260,0.508);
#5260 = AXIS2_PLACEMENT_3D('',#5261,#5262,#5263);
#5261 = CARTESIAN_POINT('',(66.802,-33.782,1.524));
#5262 = DIRECTION('',(0.,0.,1.));
#5263 = DIRECTION('',(-1.,0.,0.));
#5264 = ADVANCED_FACE('',(#5265),#5276,.F.);
#5265 = FACE_BOUND('',#5266,.T.);
#5266 = EDGE_LOOP('',(#5267,#5268,#5269,#5270));
#5267 = ORIENTED_EDGE('',*,*,#5220,.F.);
#5268 = ORIENTED_EDGE('',*,*,#2375,.F.);
#5269 = ORIENTED_EDGE('',*,*,#5243,.T.);
#5270 = ORIENTED_EDGE('',*,*,#5271,.T.);
#5271 = EDGE_CURVE('',#5244,#5221,#5272,.T.);
#5272 = LINE('',#5273,#5274);
#5273 = CARTESIAN_POINT('',(66.294,-34.29,4.826));
#5274 = VECTOR('',#5275,1.);
#5275 = DIRECTION('',(0.,1.,0.));
#5276 = PLANE('',#5277);
#5277 = AXIS2_PLACEMENT_3D('',#5278,#5279,#5280);
#5278 = CARTESIAN_POINT('',(66.294,-34.29,1.524));
#5279 = DIRECTION('',(1.,0.,0.));
#5280 = DIRECTION('',(0.,-1.,0.));
#5281 = ADVANCED_FACE('',(#5282),#5293,.T.);
#5282 = FACE_BOUND('',#5283,.T.);
#5283 = EDGE_LOOP('',(#5284,#5290,#5291,#5292));
#5284 = ORIENTED_EDGE('',*,*,#5285,.T.);
#5285 = EDGE_CURVE('',#3984,#2410,#5286,.T.);
#5286 = ( BOUNDED_CURVE() B_SPLINE_CURVE(2,(#5287,#5288,#5289),
.UNSPECIFIED.,.F.,.F.) B_SPLINE_CURVE_WITH_KNOTS((3,3),(0.,
0.180679598434),.PIECEWISE_BEZIER_KNOTS.) CURVE() 
GEOMETRIC_REPRESENTATION_ITEM() RATIONAL_B_SPLINE_CURVE((1.,
0.707106781186,1.)) REPRESENTATION_ITEM('') );
#5287 = CARTESIAN_POINT('',(-70.10399999997,34.440918124405,14.605));
#5288 = CARTESIAN_POINT('',(-70.10399999997,34.440918124408,15.113));
#5289 = CARTESIAN_POINT('',(-70.61199999997,34.440918124405,15.113));
#5290 = ORIENTED_EDGE('',*,*,#2409,.T.);
#5291 = ORIENTED_EDGE('',*,*,#3835,.F.);
#5292 = ORIENTED_EDGE('',*,*,#4002,.F.);
#5293 = CYLINDRICAL_SURFACE('',#5294,0.508);
#5294 = AXIS2_PLACEMENT_3D('',#5295,#5296,#5297);
#5295 = CARTESIAN_POINT('',(-70.61199999997,34.440918124405,14.605));
#5296 = DIRECTION('',(-2.311E-14,-1.,0.));
#5297 = DIRECTION('',(1.,-2.311E-14,-9.1509E-13));
#5298 = ADVANCED_FACE('',(#5299),#5310,.T.);
#5299 = FACE_BOUND('',#5300,.T.);
#5300 = EDGE_LOOP('',(#5301,#5307,#5308,#5309));
#5301 = ORIENTED_EDGE('',*,*,#5302,.T.);
#5302 = EDGE_CURVE('',#3886,#2418,#5303,.T.);
#5303 = ( BOUNDED_CURVE() B_SPLINE_CURVE(2,(#5304,#5305,#5306),
.UNSPECIFIED.,.F.,.F.) B_SPLINE_CURVE_WITH_KNOTS((3,3),(0.,
0.369207169467),.PIECEWISE_BEZIER_KNOTS.) CURVE() 
GEOMETRIC_REPRESENTATION_ITEM() RATIONAL_B_SPLINE_CURVE((1.,
0.703306510952,1.)) REPRESENTATION_ITEM('') );
#5304 = CARTESIAN_POINT('',(-70.10399999997,34.578399379907,
    14.599912969377));
#5305 = CARTESIAN_POINT('',(-70.10399999997,34.598361731894,15.113));
#5306 = CARTESIAN_POINT('',(-70.59756904539,34.45677644347,15.113));
#5307 = ORIENTED_EDGE('',*,*,#2417,.T.);
#5308 = ORIENTED_EDGE('',*,*,#5285,.F.);
#5309 = ORIENTED_EDGE('',*,*,#3983,.F.);
#5310 = ( BOUNDED_SURFACE() B_SPLINE_SURFACE(2,7,(
    (#5311,#5312,#5313,#5314,#5315,#5316,#5317,#5318,#5319,#5320,#5321
      ,#5322,#5323,#5324)
    ,(#5325,#5326,#5327,#5328,#5329,#5330,#5331,#5332,#5333,#5334,#5335
      ,#5336,#5337,#5338)
    ,(#5339,#5340,#5341,#5342,#5343,#5344,#5345,#5346,#5347,#5348,#5349
      ,#5350,#5351,#5352
)),.UNSPECIFIED.,.F.,.F.,.F.) B_SPLINE_SURFACE_WITH_KNOTS((3,3),(8,6,8),
  (0.,0.180679598434),(0.79275441382,0.81119480186,0.973434012254),
.UNSPECIFIED.) GEOMETRIC_REPRESENTATION_ITEM() RATIONAL_B_SPLINE_SURFACE
((
    (1.,1.,1.,1.,1.,1.,1.,1.,1.,1.,1.,1.,1.,1.)
    ,(0.703306510952,0.703719007059,0.704117806316,0.704502911762
      ,0.704874326434,0.70523205337,0.705576095608,0.708812980666
      ,0.706122188643,0.70766812249,0.70686141999,0.707164078773
      ,0.707106781186,0.707106781186)
,(1.,1.,1.,1.,1.,1.,1.,1.,1.,1.,1.,1.,1.,1.
))) REPRESENTATION_ITEM('') SURFACE() );
#5311 = CARTESIAN_POINT('',(-70.10399999997,34.578399379907,
    14.599912969377));
#5312 = CARTESIAN_POINT('',(-70.10399999997,34.577881707154,
    14.600434733783));
#5313 = CARTESIAN_POINT('',(-70.10399999997,34.577355306198,
    14.600945171462));
#5314 = CARTESIAN_POINT('',(-70.10399999997,34.576819700872,
    14.601444094709));
#5315 = CARTESIAN_POINT('',(-70.10399999997,34.57627441501,
    14.601931315814));
#5316 = CARTESIAN_POINT('',(-70.10399999997,34.575718972445,
    14.60240664707));
#5317 = CARTESIAN_POINT('',(-70.10399999997,34.575152897008,
    14.60286990077));
#5318 = CARTESIAN_POINT('',(-70.10399999997,34.569497622349,14.607288702
    ));
#5319 = CARTESIAN_POINT('',(-70.10399999997,34.537052165105,
    14.60390068614));
#5320 = CARTESIAN_POINT('',(-70.10399999997,34.521335767153,
    14.605461447968));
#5321 = CARTESIAN_POINT('',(-70.10399999997,34.499427568157,
    14.60485987328));
#5322 = CARTESIAN_POINT('',(-70.10399999997,34.480389305029,
    14.605022236125));
#5323 = CARTESIAN_POINT('',(-70.10399999997,34.460587497632,
    14.604999999999));
#5324 = CARTESIAN_POINT('',(-70.10399999997,34.440918124405,14.605));
#5325 = CARTESIAN_POINT('',(-70.10399999997,34.598361731894,15.113));
#5326 = CARTESIAN_POINT('',(-70.10399999997,34.59592768817,15.113));
#5327 = CARTESIAN_POINT('',(-70.10399999997,34.593502427041,15.113));
#5328 = CARTESIAN_POINT('',(-70.10399999997,34.591085724711,15.113));
#5329 = CARTESIAN_POINT('',(-70.10399999997,34.588677358924,15.113));
#5330 = CARTESIAN_POINT('',(-70.10399999997,34.586277108912,15.113));
#5331 = CARTESIAN_POINT('',(-70.10399999997,34.58388475535,15.113));
#5332 = CARTESIAN_POINT('',(-70.10399999997,34.560615431759,15.113));
#5333 = CARTESIAN_POINT('',(-70.10399999997,34.539936711333,15.113));
#5334 = CARTESIAN_POINT('',(-70.10399999997,34.520050213808,15.113));
#5335 = CARTESIAN_POINT('',(-70.10399999997,34.499933871414,15.113));
#5336 = CARTESIAN_POINT('',(-70.10399999997,34.480276730163,15.113));
#5337 = CARTESIAN_POINT('',(-70.10399999997,34.460587497617,15.113));
#5338 = CARTESIAN_POINT('',(-70.10399999997,34.440918124408,15.113));
#5339 = CARTESIAN_POINT('',(-70.59756904539,34.45677644347,15.113));
#5340 = CARTESIAN_POINT('',(-70.59753807633,34.456394214801,15.113));
#5341 = CARTESIAN_POINT('',(-70.59751790813,34.456017537969,15.113));
#5342 = CARTESIAN_POINT('',(-70.59750852903,34.455646416605,15.113));
#5343 = CARTESIAN_POINT('',(-70.59750992731,34.455280854341,15.113));
#5344 = CARTESIAN_POINT('',(-70.59752209122,34.454920854809,15.113));
#5345 = CARTESIAN_POINT('',(-70.59754500902,34.454566421639,15.113));
#5346 = CARTESIAN_POINT('',(-70.59787481043,34.451148247452,15.113));
#5347 = CARTESIAN_POINT('',(-70.60574418573,34.448489636515,15.113));
#5348 = CARTESIAN_POINT('',(-70.60651630348,34.446798863865,15.113));
#5349 = CARTESIAN_POINT('',(-70.61004994776,34.444904097337,15.113));
#5350 = CARTESIAN_POINT('',(-70.61113979308,34.443574085661,15.113));
#5351 = CARTESIAN_POINT('',(-70.61199999997,34.442235722692,15.113));
#5352 = CARTESIAN_POINT('',(-70.61199999997,34.440918124405,15.113));
#5353 = ADVANCED_FACE('',(#5354),#5365,.T.);
#5354 = FACE_BOUND('',#5355,.T.);
#5355 = EDGE_LOOP('',(#5356,#5362,#5363,#5364));
#5356 = ORIENTED_EDGE('',*,*,#5357,.T.);
#5357 = EDGE_CURVE('',#3894,#2437,#5358,.T.);
#5358 = ( BOUNDED_CURVE() B_SPLINE_CURVE(2,(#5359,#5360,#5361),
.UNSPECIFIED.,.F.,.F.) B_SPLINE_CURVE_WITH_KNOTS((3,3),(0.,
0.423547244353),.PIECEWISE_BEZIER_KNOTS.) CURVE() 
GEOMETRIC_REPRESENTATION_ITEM() RATIONAL_B_SPLINE_CURVE((1.,
0.637758569443,1.)) REPRESENTATION_ITEM('') );
#5359 = CARTESIAN_POINT('',(-70.12140841937,34.720616902444,
    14.578571589862));
#5360 = CARTESIAN_POINT('',(-70.23140719048,35.001148521991,15.113));
#5361 = CARTESIAN_POINT('',(-70.67473582698,34.57703631416,15.113));
#5362 = ORIENTED_EDGE('',*,*,#2436,.T.);
#5363 = ORIENTED_EDGE('',*,*,#5302,.F.);
#5364 = ORIENTED_EDGE('',*,*,#3893,.F.);
#5365 = ( BOUNDED_SURFACE() B_SPLINE_SURFACE(2,9,(
    (#5366,#5367,#5368,#5369,#5370,#5371,#5372,#5373,#5374,#5375)
    ,(#5376,#5377,#5378,#5379,#5380,#5381,#5382,#5383,#5384,#5385)
    ,(#5386,#5387,#5388,#5389,#5390,#5391,#5392,#5393,#5394,#5395
)),.UNSPECIFIED.,.F.,.F.,.F.) B_SPLINE_SURFACE_WITH_KNOTS((3,3),(10,10),
  (0.,0.369207169467),(0.423547244353,0.79275441382),
.PIECEWISE_BEZIER_KNOTS.) GEOMETRIC_REPRESENTATION_ITEM() 
RATIONAL_B_SPLINE_SURFACE((
    (1.,1.,1.,1.,1.,1.,1.,1.,1.,1.)
    ,(0.637758569443,0.62678630051,0.625086374686,0.634704069008
      ,0.65198122468,0.664647822759,0.679294952246,0.689997779349
      ,0.698231288717,0.703306510952)
,(1.,1.,1.,1.,1.,1.,1.,1.,1.,1.))) REPRESENTATION_ITEM('') SURFACE() );
#5366 = CARTESIAN_POINT('',(-70.12140841937,34.720616902444,
    14.578571589862));
#5367 = CARTESIAN_POINT('',(-70.10862516181,34.677548993872,
    14.555525950049));
#5368 = CARTESIAN_POINT('',(-70.10475492012,34.644607471514,
    14.542862193282));
#5369 = CARTESIAN_POINT('',(-70.10535133189,34.625233749793,
    14.543035298547));
#5370 = CARTESIAN_POINT('',(-70.10404624689,34.615552317217,
    14.553623102963));
#5371 = CARTESIAN_POINT('',(-70.10440591595,34.605009259891,
    14.562363085308));
#5372 = CARTESIAN_POINT('',(-70.10409736356,34.599241281084,
    14.574745105081));
#5373 = CARTESIAN_POINT('',(-70.10409418336,34.592793730832,
    14.584917960181));
#5374 = CARTESIAN_POINT('',(-70.10399999997,34.586535705418,
    14.593713426204));
#5375 = CARTESIAN_POINT('',(-70.10399999997,34.578399379907,
    14.599912969377));
#5376 = CARTESIAN_POINT('',(-70.23140719048,35.001148521991,15.113));
#5377 = CARTESIAN_POINT('',(-70.17938961454,34.967543484356,15.113));
#5378 = CARTESIAN_POINT('',(-70.14328371442,34.923706536991,15.113));
#5379 = CARTESIAN_POINT('',(-70.12526333682,34.8710651332,15.113));
#5380 = CARTESIAN_POINT('',(-70.11962346343,34.814973226308,15.113));
#5381 = CARTESIAN_POINT('',(-70.11246991861,34.765799456891,15.113));
#5382 = CARTESIAN_POINT('',(-70.1107008892,34.718511351252,15.113));
#5383 = CARTESIAN_POINT('',(-70.10791006175,34.675884752771,15.113));
#5384 = CARTESIAN_POINT('',(-70.10588601396,34.636022520595,15.113));
#5385 = CARTESIAN_POINT('',(-70.10399999997,34.598361731894,15.113));
#5386 = CARTESIAN_POINT('',(-70.67473582698,34.57703631416,15.113));
#5387 = CARTESIAN_POINT('',(-70.65800348722,34.554219988684,15.113));
#5388 = CARTESIAN_POINT('',(-70.64476745294,34.53310419709,15.113));
#5389 = CARTESIAN_POINT('',(-70.63361637453,34.515129520587,15.113));
#5390 = CARTESIAN_POINT('',(-70.62316056157,34.500751949402,15.113));
#5391 = CARTESIAN_POINT('',(-70.61421209006,34.48852480517,15.113));
#5392 = CARTESIAN_POINT('',(-70.60665483587,34.478515170445,15.113));
#5393 = CARTESIAN_POINT('',(-70.60113439397,34.469954930007,15.113));
#5394 = CARTESIAN_POINT('',(-70.59805130797,34.462728661875,15.113));
#5395 = CARTESIAN_POINT('',(-70.59756904539,34.45677644347,15.113));
#5396 = ADVANCED_FACE('',(#5397),#5415,.T.);
#5397 = FACE_BOUND('',#5398,.T.);
#5398 = EDGE_LOOP('',(#5399,#5406,#5407,#5414));
#5399 = ORIENTED_EDGE('',*,*,#5400,.T.);
#5400 = EDGE_CURVE('',#3949,#2467,#5401,.T.);
#5401 = ELLIPSE('',#5402,0.359210244843,0.254);
#5402 = AXIS2_PLACEMENT_3D('',#5403,#5404,#5405);
#5403 = CARTESIAN_POINT('',(-70.35799999997,-21.47180210989,18.034));
#5404 = DIRECTION('',(-0.,-0.707106781187,-0.707106781187));
#5405 = DIRECTION('',(0.,-0.707106781187,0.707106781187));
#5406 = ORIENTED_EDGE('',*,*,#2474,.T.);
#5407 = ORIENTED_EDGE('',*,*,#5408,.F.);
#5408 = EDGE_CURVE('',#3951,#2475,#5409,.T.);
#5409 = ELLIPSE('',#5410,0.359210244843,0.254);
#5410 = AXIS2_PLACEMENT_3D('',#5411,#5412,#5413);
#5411 = CARTESIAN_POINT('',(-70.35799999997,-28.58380210989,18.034));
#5412 = DIRECTION('',(0.,-0.707106781187,0.707106781187));
#5413 = DIRECTION('',(0.,-0.707106781187,-0.707106781187));
#5414 = ORIENTED_EDGE('',*,*,#3948,.F.);
#5415 = CYLINDRICAL_SURFACE('',#5416,0.254);
#5416 = AXIS2_PLACEMENT_3D('',#5417,#5418,#5419);
#5417 = CARTESIAN_POINT('',(-70.35799999997,-21.72580210989,18.034));
#5418 = DIRECTION('',(0.,-1.,0.));
#5419 = DIRECTION('',(1.,0.,-9.1509E-13));
#5420 = ADVANCED_FACE('',(#5421),#5433,.T.);
#5421 = FACE_BOUND('',#5422,.T.);
#5422 = EDGE_LOOP('',(#5423,#5430,#5431,#5432));
#5423 = ORIENTED_EDGE('',*,*,#5424,.T.);
#5424 = EDGE_CURVE('',#3967,#2498,#5425,.T.);
#5425 = ELLIPSE('',#5426,0.359210244843,0.254);
#5426 = AXIS2_PLACEMENT_3D('',#5427,#5428,#5429);
#5427 = CARTESIAN_POINT('',(-70.35799999997,-21.47180210989,21.209));
#5428 = DIRECTION('',(0.,0.707106781187,-0.707106781187));
#5429 = DIRECTION('',(0.,-0.707106781187,-0.707106781187));
#5430 = ORIENTED_EDGE('',*,*,#2505,.T.);
#5431 = ORIENTED_EDGE('',*,*,#5400,.F.);
#5432 = ORIENTED_EDGE('',*,*,#3974,.F.);
#5433 = CYLINDRICAL_SURFACE('',#5434,0.254);
#5434 = AXIS2_PLACEMENT_3D('',#5435,#5436,#5437);
#5435 = CARTESIAN_POINT('',(-70.35799999997,-21.47180210989,20.955));
#5436 = DIRECTION('',(0.,0.,-1.));
#5437 = DIRECTION('',(1.,-2.311E-14,0.));
#5438 = ADVANCED_FACE('',(#5439),#5451,.T.);
#5439 = FACE_BOUND('',#5440,.T.);
#5440 = EDGE_LOOP('',(#5441,#5442,#5443,#5450));
#5441 = ORIENTED_EDGE('',*,*,#5408,.T.);
#5442 = ORIENTED_EDGE('',*,*,#2522,.T.);
#5443 = ORIENTED_EDGE('',*,*,#5444,.F.);
#5444 = EDGE_CURVE('',#3959,#2523,#5445,.T.);
#5445 = ELLIPSE('',#5446,0.359210244843,0.254);
#5446 = AXIS2_PLACEMENT_3D('',#5447,#5448,#5449);
#5447 = CARTESIAN_POINT('',(-70.35799999997,-28.58380210989,21.209));
#5448 = DIRECTION('',(-0.,0.707106781187,0.707106781187));
#5449 = DIRECTION('',(0.,-0.707106781187,0.707106781187));
#5450 = ORIENTED_EDGE('',*,*,#3958,.F.);
#5451 = CYLINDRICAL_SURFACE('',#5452,0.254);
#5452 = AXIS2_PLACEMENT_3D('',#5453,#5454,#5455);
#5453 = CARTESIAN_POINT('',(-70.35799999997,-28.58380210989,18.288));
#5454 = DIRECTION('',(0.,0.,1.));
#5455 = DIRECTION('',(1.,-2.311E-14,0.));
#5456 = ADVANCED_FACE('',(#5457),#5463,.T.);
#5457 = FACE_BOUND('',#5458,.T.);
#5458 = EDGE_LOOP('',(#5459,#5460,#5461,#5462));
#5459 = ORIENTED_EDGE('',*,*,#5444,.T.);
#5460 = ORIENTED_EDGE('',*,*,#2546,.T.);
#5461 = ORIENTED_EDGE('',*,*,#5424,.F.);
#5462 = ORIENTED_EDGE('',*,*,#3966,.F.);
#5463 = CYLINDRICAL_SURFACE('',#5464,0.254);
#5464 = AXIS2_PLACEMENT_3D('',#5465,#5466,#5467);
#5465 = CARTESIAN_POINT('',(-70.35799999997,-28.32980210989,21.209));
#5466 = DIRECTION('',(0.,1.,0.));
#5467 = DIRECTION('',(1.,0.,-9.1509E-13));
#5468 = ADVANCED_FACE('',(#5469),#5488,.F.);
#5469 = FACE_BOUND('',#5470,.F.);
#5470 = EDGE_LOOP('',(#5471,#5479,#5486,#5487));
#5471 = ORIENTED_EDGE('',*,*,#5472,.T.);
#5472 = EDGE_CURVE('',#2623,#5473,#5475,.T.);
#5473 = VERTEX_POINT('',#5474);
#5474 = CARTESIAN_POINT('',(-53.2892,-45.21199999996,9.467));
#5475 = LINE('',#5476,#5477);
#5476 = CARTESIAN_POINT('',(-53.2892,-46.228,9.467));
#5477 = VECTOR('',#5478,1.);
#5478 = DIRECTION('',(0.,1.,-2.2E-16));
#5479 = ORIENTED_EDGE('',*,*,#5480,.T.);
#5480 = EDGE_CURVE('',#5473,#5473,#5481,.T.);
#5481 = CIRCLE('',#5482,1.7018);
#5482 = AXIS2_PLACEMENT_3D('',#5483,#5484,#5485);
#5483 = CARTESIAN_POINT('',(-54.991,-45.21199999996,9.467));
#5484 = DIRECTION('',(0.,-1.,0.));
#5485 = DIRECTION('',(1.,0.,0.));
#5486 = ORIENTED_EDGE('',*,*,#5472,.F.);
#5487 = ORIENTED_EDGE('',*,*,#2633,.F.);
#5488 = CYLINDRICAL_SURFACE('',#5489,1.7018);
#5489 = AXIS2_PLACEMENT_3D('',#5490,#5491,#5492);
#5490 = CARTESIAN_POINT('',(-54.991,-46.228,9.467));
#5491 = DIRECTION('',(0.,-1.,2.2E-16));
#5492 = DIRECTION('',(1.,0.,0.));
#5493 = ADVANCED_FACE('',(#5494),#5513,.F.);
#5494 = FACE_BOUND('',#5495,.F.);
#5495 = EDGE_LOOP('',(#5496,#5504,#5511,#5512));
#5496 = ORIENTED_EDGE('',*,*,#5497,.T.);
#5497 = EDGE_CURVE('',#2649,#5498,#5500,.T.);
#5498 = VERTEX_POINT('',#5499);
#5499 = CARTESIAN_POINT('',(-53.2892,-45.21199999996,14.547));
#5500 = LINE('',#5501,#5502);
#5501 = CARTESIAN_POINT('',(-53.2892,-46.228,14.547));
#5502 = VECTOR('',#5503,1.);
#5503 = DIRECTION('',(0.,1.,-2.2E-16));
#5504 = ORIENTED_EDGE('',*,*,#5505,.T.);
#5505 = EDGE_CURVE('',#5498,#5498,#5506,.T.);
#5506 = CIRCLE('',#5507,1.7018);
#5507 = AXIS2_PLACEMENT_3D('',#5508,#5509,#5510);
#5508 = CARTESIAN_POINT('',(-54.991,-45.21199999996,14.547));
#5509 = DIRECTION('',(0.,-1.,0.));
#5510 = DIRECTION('',(1.,0.,0.));
#5511 = ORIENTED_EDGE('',*,*,#5497,.F.);
#5512 = ORIENTED_EDGE('',*,*,#2659,.F.);
#5513 = CYLINDRICAL_SURFACE('',#5514,1.7018);
#5514 = AXIS2_PLACEMENT_3D('',#5515,#5516,#5517);
#5515 = CARTESIAN_POINT('',(-54.991,-46.228,14.547));
#5516 = DIRECTION('',(0.,-1.,2.2E-16));
#5517 = DIRECTION('',(1.,0.,0.));
#5518 = ADVANCED_FACE('',(#5519),#5538,.F.);
#5519 = FACE_BOUND('',#5520,.F.);
#5520 = EDGE_LOOP('',(#5521,#5529,#5536,#5537));
#5521 = ORIENTED_EDGE('',*,*,#5522,.T.);
#5522 = EDGE_CURVE('',#2675,#5523,#5525,.T.);
#5523 = VERTEX_POINT('',#5524);
#5524 = CARTESIAN_POINT('',(-38.656,-45.21199999996,9.952));
#5525 = LINE('',#5526,#5527);
#5526 = CARTESIAN_POINT('',(-38.656,-46.228,9.952));
#5527 = VECTOR('',#5528,1.);
#5528 = DIRECTION('',(0.,1.,-2.2E-16));
#5529 = ORIENTED_EDGE('',*,*,#5530,.T.);
#5530 = EDGE_CURVE('',#5523,#5523,#5531,.T.);
#5531 = CIRCLE('',#5532,1.524);
#5532 = AXIS2_PLACEMENT_3D('',#5533,#5534,#5535);
#5533 = CARTESIAN_POINT('',(-40.18,-45.21199999996,9.952));
#5534 = DIRECTION('',(0.,-1.,0.));
#5535 = DIRECTION('',(1.,0.,0.));
#5536 = ORIENTED_EDGE('',*,*,#5522,.F.);
#5537 = ORIENTED_EDGE('',*,*,#2685,.F.);
#5538 = CYLINDRICAL_SURFACE('',#5539,1.524);
#5539 = AXIS2_PLACEMENT_3D('',#5540,#5541,#5542);
#5540 = CARTESIAN_POINT('',(-40.18,-46.228,9.952));
#5541 = DIRECTION('',(0.,-1.,2.2E-16));
#5542 = DIRECTION('',(1.,0.,0.));
#5543 = ADVANCED_FACE('',(#5544),#5569,.F.);
#5544 = FACE_BOUND('',#5545,.F.);
#5545 = EDGE_LOOP('',(#5546,#5554,#5562,#5568));
#5546 = ORIENTED_EDGE('',*,*,#5547,.T.);
#5547 = EDGE_CURVE('',#2701,#5548,#5550,.T.);
#5548 = VERTEX_POINT('',#5549);
#5549 = CARTESIAN_POINT('',(-25.665,-45.21199999996,7.245));
#5550 = LINE('',#5551,#5552);
#5551 = CARTESIAN_POINT('',(-25.665,-46.228,7.245));
#5552 = VECTOR('',#5553,1.);
#5553 = DIRECTION('',(0.,1.,-2.2E-16));
#5554 = ORIENTED_EDGE('',*,*,#5555,.T.);
#5555 = EDGE_CURVE('',#5548,#5556,#5558,.T.);
#5556 = VERTEX_POINT('',#5557);
#5557 = CARTESIAN_POINT('',(-12.435,-45.21199999996,7.245));
#5558 = LINE('',#5559,#5560);
#5559 = CARTESIAN_POINT('',(-25.665,-45.21199999996,7.245));
#5560 = VECTOR('',#5561,1.);
#5561 = DIRECTION('',(1.,0.,0.));
#5562 = ORIENTED_EDGE('',*,*,#5563,.F.);
#5563 = EDGE_CURVE('',#2710,#5556,#5564,.T.);
#5564 = LINE('',#5565,#5566);
#5565 = CARTESIAN_POINT('',(-12.435,-46.228,7.245));
#5566 = VECTOR('',#5567,1.);
#5567 = DIRECTION('',(0.,1.,-2.2E-16));
#5568 = ORIENTED_EDGE('',*,*,#2709,.F.);
#5569 = PLANE('',#5570);
#5570 = AXIS2_PLACEMENT_3D('',#5571,#5572,#5573);
#5571 = CARTESIAN_POINT('',(-25.665,-46.228,7.245));
#5572 = DIRECTION('',(0.,-2.2E-16,-1.));
#5573 = DIRECTION('',(1.,0.,0.));
#5574 = ADVANCED_FACE('',(#5575),#5594,.F.);
#5575 = FACE_BOUND('',#5576,.F.);
#5576 = EDGE_LOOP('',(#5577,#5585,#5592,#5593));
#5577 = ORIENTED_EDGE('',*,*,#5578,.T.);
#5578 = EDGE_CURVE('',#2734,#5579,#5581,.T.);
#5579 = VERTEX_POINT('',#5580);
#5580 = CARTESIAN_POINT('',(-26.427,-45.21199999996,8.007));
#5581 = LINE('',#5582,#5583);
#5582 = CARTESIAN_POINT('',(-26.427,-46.228,8.007));
#5583 = VECTOR('',#5584,1.);
#5584 = DIRECTION('',(0.,1.,-2.2E-16));
#5585 = ORIENTED_EDGE('',*,*,#5586,.T.);
#5586 = EDGE_CURVE('',#5579,#5548,#5587,.T.);
#5587 = CIRCLE('',#5588,0.762);
#5588 = AXIS2_PLACEMENT_3D('',#5589,#5590,#5591);
#5589 = CARTESIAN_POINT('',(-25.665,-45.21199999996,8.007));
#5590 = DIRECTION('',(0.,-1.,0.));
#5591 = DIRECTION('',(-1.,0.,0.));
#5592 = ORIENTED_EDGE('',*,*,#5547,.F.);
#5593 = ORIENTED_EDGE('',*,*,#2744,.F.);
#5594 = CYLINDRICAL_SURFACE('',#5595,0.762);
#5595 = AXIS2_PLACEMENT_3D('',#5596,#5597,#5598);
#5596 = CARTESIAN_POINT('',(-25.665,-46.228,8.007));
#5597 = DIRECTION('',(0.,-1.,2.2E-16));
#5598 = DIRECTION('',(1.,0.,0.));
#5599 = ADVANCED_FACE('',(#5600),#5619,.F.);
#5600 = FACE_BOUND('',#5601,.F.);
#5601 = EDGE_LOOP('',(#5602,#5603,#5612,#5618));
#5602 = ORIENTED_EDGE('',*,*,#5563,.T.);
#5603 = ORIENTED_EDGE('',*,*,#5604,.T.);
#5604 = EDGE_CURVE('',#5556,#5605,#5607,.T.);
#5605 = VERTEX_POINT('',#5606);
#5606 = CARTESIAN_POINT('',(-11.673,-45.21199999996,8.007));
#5607 = CIRCLE('',#5608,0.762);
#5608 = AXIS2_PLACEMENT_3D('',#5609,#5610,#5611);
#5609 = CARTESIAN_POINT('',(-12.435,-45.21199999996,8.007));
#5610 = DIRECTION('',(0.,-1.,0.));
#5611 = DIRECTION('',(2.331E-14,0.,-1.));
#5612 = ORIENTED_EDGE('',*,*,#5613,.F.);
#5613 = EDGE_CURVE('',#2762,#5605,#5614,.T.);
#5614 = LINE('',#5615,#5616);
#5615 = CARTESIAN_POINT('',(-11.673,-46.228,8.007));
#5616 = VECTOR('',#5617,1.);
#5617 = DIRECTION('',(0.,1.,-2.2E-16));
#5618 = ORIENTED_EDGE('',*,*,#2770,.F.);
#5619 = CYLINDRICAL_SURFACE('',#5620,0.762);
#5620 = AXIS2_PLACEMENT_3D('',#5621,#5622,#5623);
#5621 = CARTESIAN_POINT('',(-12.435,-46.228,8.007));
#5622 = DIRECTION('',(0.,-1.,2.2E-16));
#5623 = DIRECTION('',(1.,0.,0.));
#5624 = ADVANCED_FACE('',(#5625),#5643,.F.);
#5625 = FACE_BOUND('',#5626,.F.);
#5626 = EDGE_LOOP('',(#5627,#5635,#5641,#5642));
#5627 = ORIENTED_EDGE('',*,*,#5628,.T.);
#5628 = EDGE_CURVE('',#2786,#5629,#5631,.T.);
#5629 = VERTEX_POINT('',#5630);
#5630 = CARTESIAN_POINT('',(-26.427,-45.21199999996,13.857));
#5631 = LINE('',#5632,#5633);
#5632 = CARTESIAN_POINT('',(-26.427,-46.228,13.857));
#5633 = VECTOR('',#5634,1.);
#5634 = DIRECTION('',(0.,1.,-2.2E-16));
#5635 = ORIENTED_EDGE('',*,*,#5636,.T.);
#5636 = EDGE_CURVE('',#5629,#5579,#5637,.T.);
#5637 = LINE('',#5638,#5639);
#5638 = CARTESIAN_POINT('',(-26.427,-45.21199999996,13.857));
#5639 = VECTOR('',#5640,1.);
#5640 = DIRECTION('',(0.,-2.2E-16,-1.));
#5641 = ORIENTED_EDGE('',*,*,#5578,.F.);
#5642 = ORIENTED_EDGE('',*,*,#2794,.F.);
#5643 = PLANE('',#5644);
#5644 = AXIS2_PLACEMENT_3D('',#5645,#5646,#5647);
#5645 = CARTESIAN_POINT('',(-26.427,-46.228,13.857));
#5646 = DIRECTION('',(-1.,0.,0.));
#5647 = DIRECTION('',(-0.,-2.2E-16,-1.));
#5648 = ADVANCED_FACE('',(#5649),#5667,.F.);
#5649 = FACE_BOUND('',#5650,.F.);
#5650 = EDGE_LOOP('',(#5651,#5652,#5660,#5666));
#5651 = ORIENTED_EDGE('',*,*,#5613,.T.);
#5652 = ORIENTED_EDGE('',*,*,#5653,.T.);
#5653 = EDGE_CURVE('',#5605,#5654,#5656,.T.);
#5654 = VERTEX_POINT('',#5655);
#5655 = CARTESIAN_POINT('',(-11.673,-45.21199999996,13.857));
#5656 = LINE('',#5657,#5658);
#5657 = CARTESIAN_POINT('',(-11.673,-45.21199999996,8.007));
#5658 = VECTOR('',#5659,1.);
#5659 = DIRECTION('',(0.,2.2E-16,1.));
#5660 = ORIENTED_EDGE('',*,*,#5661,.F.);
#5661 = EDGE_CURVE('',#2812,#5654,#5662,.T.);
#5662 = LINE('',#5663,#5664);
#5663 = CARTESIAN_POINT('',(-11.673,-46.228,13.857));
#5664 = VECTOR('',#5665,1.);
#5665 = DIRECTION('',(0.,1.,-2.2E-16));
#5666 = ORIENTED_EDGE('',*,*,#2811,.F.);
#5667 = PLANE('',#5668);
#5668 = AXIS2_PLACEMENT_3D('',#5669,#5670,#5671);
#5669 = CARTESIAN_POINT('',(-11.673,-46.228,8.007));
#5670 = DIRECTION('',(1.,0.,0.));
#5671 = DIRECTION('',(0.,2.2E-16,1.));
#5672 = ADVANCED_FACE('',(#5673),#5692,.F.);
#5673 = FACE_BOUND('',#5674,.F.);
#5674 = EDGE_LOOP('',(#5675,#5683,#5690,#5691));
#5675 = ORIENTED_EDGE('',*,*,#5676,.T.);
#5676 = EDGE_CURVE('',#2836,#5677,#5679,.T.);
#5677 = VERTEX_POINT('',#5678);
#5678 = CARTESIAN_POINT('',(-25.665,-45.21199999996,14.619));
#5679 = LINE('',#5680,#5681);
#5680 = CARTESIAN_POINT('',(-25.665,-46.228,14.619));
#5681 = VECTOR('',#5682,1.);
#5682 = DIRECTION('',(0.,1.,-2.2E-16));
#5683 = ORIENTED_EDGE('',*,*,#5684,.T.);
#5684 = EDGE_CURVE('',#5677,#5629,#5685,.T.);
#5685 = CIRCLE('',#5686,0.762);
#5686 = AXIS2_PLACEMENT_3D('',#5687,#5688,#5689);
#5687 = CARTESIAN_POINT('',(-25.665,-45.21199999996,13.857));
#5688 = DIRECTION('',(0.,-1.,0.));
#5689 = DIRECTION('',(4.66E-15,0.,1.));
#5690 = ORIENTED_EDGE('',*,*,#5628,.F.);
#5691 = ORIENTED_EDGE('',*,*,#2846,.F.);
#5692 = CYLINDRICAL_SURFACE('',#5693,0.762);
#5693 = AXIS2_PLACEMENT_3D('',#5694,#5695,#5696);
#5694 = CARTESIAN_POINT('',(-25.665,-46.228,13.857));
#5695 = DIRECTION('',(0.,-1.,2.2E-16));
#5696 = DIRECTION('',(1.,0.,0.));
#5697 = ADVANCED_FACE('',(#5698),#5717,.F.);
#5698 = FACE_BOUND('',#5699,.F.);
#5699 = EDGE_LOOP('',(#5700,#5701,#5710,#5716));
#5700 = ORIENTED_EDGE('',*,*,#5661,.T.);
#5701 = ORIENTED_EDGE('',*,*,#5702,.T.);
#5702 = EDGE_CURVE('',#5654,#5703,#5705,.T.);
#5703 = VERTEX_POINT('',#5704);
#5704 = CARTESIAN_POINT('',(-12.435,-45.21199999996,14.619));
#5705 = CIRCLE('',#5706,0.762);
#5706 = AXIS2_PLACEMENT_3D('',#5707,#5708,#5709);
#5707 = CARTESIAN_POINT('',(-12.435,-45.21199999996,13.857));
#5708 = DIRECTION('',(0.,-1.,0.));
#5709 = DIRECTION('',(1.,0.,0.));
#5710 = ORIENTED_EDGE('',*,*,#5711,.F.);
#5711 = EDGE_CURVE('',#2864,#5703,#5712,.T.);
#5712 = LINE('',#5713,#5714);
#5713 = CARTESIAN_POINT('',(-12.435,-46.228,14.619));
#5714 = VECTOR('',#5715,1.);
#5715 = DIRECTION('',(0.,1.,-2.2E-16));
#5716 = ORIENTED_EDGE('',*,*,#2872,.F.);
#5717 = CYLINDRICAL_SURFACE('',#5718,0.762);
#5718 = AXIS2_PLACEMENT_3D('',#5719,#5720,#5721);
#5719 = CARTESIAN_POINT('',(-12.435,-46.228,13.857));
#5720 = DIRECTION('',(0.,-1.,2.2E-16));
#5721 = DIRECTION('',(1.,0.,0.));
#5722 = ADVANCED_FACE('',(#5723),#5734,.F.);
#5723 = FACE_BOUND('',#5724,.F.);
#5724 = EDGE_LOOP('',(#5725,#5726,#5732,#5733));
#5725 = ORIENTED_EDGE('',*,*,#5711,.T.);
#5726 = ORIENTED_EDGE('',*,*,#5727,.T.);
#5727 = EDGE_CURVE('',#5703,#5677,#5728,.T.);
#5728 = LINE('',#5729,#5730);
#5729 = CARTESIAN_POINT('',(-12.435,-45.21199999996,14.619));
#5730 = VECTOR('',#5731,1.);
#5731 = DIRECTION('',(-1.,0.,0.));
#5732 = ORIENTED_EDGE('',*,*,#5676,.F.);
#5733 = ORIENTED_EDGE('',*,*,#2888,.F.);
#5734 = PLANE('',#5735);
#5735 = AXIS2_PLACEMENT_3D('',#5736,#5737,#5738);
#5736 = CARTESIAN_POINT('',(-12.435,-46.228,14.619));
#5737 = DIRECTION('',(0.,2.2E-16,1.));
#5738 = DIRECTION('',(-1.,0.,0.));
#5739 = ADVANCED_FACE('',(#5740),#5765,.F.);
#5740 = FACE_BOUND('',#5741,.F.);
#5741 = EDGE_LOOP('',(#5742,#5750,#5758,#5764));
#5742 = ORIENTED_EDGE('',*,*,#5743,.T.);
#5743 = EDGE_CURVE('',#2905,#5744,#5746,.T.);
#5744 = VERTEX_POINT('',#5745);
#5745 = CARTESIAN_POINT('',(-2.5532,-45.21199999996,6.748));
#5746 = LINE('',#5747,#5748);
#5747 = CARTESIAN_POINT('',(-2.5532,-46.228,6.748));
#5748 = VECTOR('',#5749,1.);
#5749 = DIRECTION('',(0.,1.,-2.2E-16));
#5750 = ORIENTED_EDGE('',*,*,#5751,.T.);
#5751 = EDGE_CURVE('',#5744,#5752,#5754,.T.);
#5752 = VERTEX_POINT('',#5753);
#5753 = CARTESIAN_POINT('',(11.4852,-45.21199999996,6.748));
#5754 = LINE('',#5755,#5756);
#5755 = CARTESIAN_POINT('',(-2.5532,-45.21199999996,6.748));
#5756 = VECTOR('',#5757,1.);
#5757 = DIRECTION('',(1.,0.,0.));
#5758 = ORIENTED_EDGE('',*,*,#5759,.F.);
#5759 = EDGE_CURVE('',#2914,#5752,#5760,.T.);
#5760 = LINE('',#5761,#5762);
#5761 = CARTESIAN_POINT('',(11.4852,-46.228,6.748));
#5762 = VECTOR('',#5763,1.);
#5763 = DIRECTION('',(0.,1.,-2.2E-16));
#5764 = ORIENTED_EDGE('',*,*,#2913,.F.);
#5765 = PLANE('',#5766);
#5766 = AXIS2_PLACEMENT_3D('',#5767,#5768,#5769);
#5767 = CARTESIAN_POINT('',(-2.5532,-46.228,6.748));
#5768 = DIRECTION('',(0.,-2.2E-16,-1.));
#5769 = DIRECTION('',(1.,0.,0.));
#5770 = ADVANCED_FACE('',(#5771),#5790,.F.);
#5771 = FACE_BOUND('',#5772,.F.);
#5772 = EDGE_LOOP('',(#5773,#5781,#5788,#5789));
#5773 = ORIENTED_EDGE('',*,*,#5774,.T.);
#5774 = EDGE_CURVE('',#2938,#5775,#5777,.T.);
#5775 = VERTEX_POINT('',#5776);
#5776 = CARTESIAN_POINT('',(-2.858,-45.21199999996,7.0528));
#5777 = LINE('',#5778,#5779);
#5778 = CARTESIAN_POINT('',(-2.858,-46.228,7.0528));
#5779 = VECTOR('',#5780,1.);
#5780 = DIRECTION('',(0.,1.,-2.2E-16));
#5781 = ORIENTED_EDGE('',*,*,#5782,.T.);
#5782 = EDGE_CURVE('',#5775,#5744,#5783,.T.);
#5783 = CIRCLE('',#5784,0.3048);
#5784 = AXIS2_PLACEMENT_3D('',#5785,#5786,#5787);
#5785 = CARTESIAN_POINT('',(-2.5532,-45.21199999996,7.0528));
#5786 = DIRECTION('',(0.,-1.,0.));
#5787 = DIRECTION('',(-1.,0.,0.));
#5788 = ORIENTED_EDGE('',*,*,#5743,.F.);
#5789 = ORIENTED_EDGE('',*,*,#2948,.F.);
#5790 = CYLINDRICAL_SURFACE('',#5791,0.3048);
#5791 = AXIS2_PLACEMENT_3D('',#5792,#5793,#5794);
#5792 = CARTESIAN_POINT('',(-2.5532,-46.228,7.0528));
#5793 = DIRECTION('',(0.,-1.,2.2E-16));
#5794 = DIRECTION('',(1.,0.,0.));
#5795 = ADVANCED_FACE('',(#5796),#5815,.F.);
#5796 = FACE_BOUND('',#5797,.F.);
#5797 = EDGE_LOOP('',(#5798,#5799,#5808,#5814));
#5798 = ORIENTED_EDGE('',*,*,#5759,.T.);
#5799 = ORIENTED_EDGE('',*,*,#5800,.T.);
#5800 = EDGE_CURVE('',#5752,#5801,#5803,.T.);
#5801 = VERTEX_POINT('',#5802);
#5802 = CARTESIAN_POINT('',(11.79,-45.21199999996,7.0528));
#5803 = CIRCLE('',#5804,0.3048);
#5804 = AXIS2_PLACEMENT_3D('',#5805,#5806,#5807);
#5805 = CARTESIAN_POINT('',(11.4852,-45.21199999996,7.0528));
#5806 = DIRECTION('',(0.,-1.,0.));
#5807 = DIRECTION('',(5.83E-15,0.,-1.));
#5808 = ORIENTED_EDGE('',*,*,#5809,.F.);
#5809 = EDGE_CURVE('',#2966,#5801,#5810,.T.);
#5810 = LINE('',#5811,#5812);
#5811 = CARTESIAN_POINT('',(11.79,-46.228,7.0528));
#5812 = VECTOR('',#5813,1.);
#5813 = DIRECTION('',(0.,1.,-2.2E-16));
#5814 = ORIENTED_EDGE('',*,*,#2974,.F.);
#5815 = CYLINDRICAL_SURFACE('',#5816,0.3048);
#5816 = AXIS2_PLACEMENT_3D('',#5817,#5818,#5819);
#5817 = CARTESIAN_POINT('',(11.4852,-46.228,7.0528));
#5818 = DIRECTION('',(0.,-1.,2.2E-16));
#5819 = DIRECTION('',(1.,0.,0.));
#5820 = ADVANCED_FACE('',(#5821),#5839,.F.);
#5821 = FACE_BOUND('',#5822,.F.);
#5822 = EDGE_LOOP('',(#5823,#5831,#5837,#5838));
#5823 = ORIENTED_EDGE('',*,*,#5824,.T.);
#5824 = EDGE_CURVE('',#2990,#5825,#5827,.T.);
#5825 = VERTEX_POINT('',#5826);
#5826 = CARTESIAN_POINT('',(-2.858,-45.21199999996,8.3512));
#5827 = LINE('',#5828,#5829);
#5828 = CARTESIAN_POINT('',(-2.858,-46.228,8.3512));
#5829 = VECTOR('',#5830,1.);
#5830 = DIRECTION('',(0.,1.,-2.2E-16));
#5831 = ORIENTED_EDGE('',*,*,#5832,.T.);
#5832 = EDGE_CURVE('',#5825,#5775,#5833,.T.);
#5833 = LINE('',#5834,#5835);
#5834 = CARTESIAN_POINT('',(-2.858,-45.21199999996,8.3512));
#5835 = VECTOR('',#5836,1.);
#5836 = DIRECTION('',(0.,-2.2E-16,-1.));
#5837 = ORIENTED_EDGE('',*,*,#5774,.F.);
#5838 = ORIENTED_EDGE('',*,*,#2998,.F.);
#5839 = PLANE('',#5840);
#5840 = AXIS2_PLACEMENT_3D('',#5841,#5842,#5843);
#5841 = CARTESIAN_POINT('',(-2.858,-46.228,8.3512));
#5842 = DIRECTION('',(-1.,0.,0.));
#5843 = DIRECTION('',(-0.,-2.2E-16,-1.));
#5844 = ADVANCED_FACE('',(#5845),#5863,.F.);
#5845 = FACE_BOUND('',#5846,.F.);
#5846 = EDGE_LOOP('',(#5847,#5848,#5856,#5862));
#5847 = ORIENTED_EDGE('',*,*,#5809,.T.);
#5848 = ORIENTED_EDGE('',*,*,#5849,.T.);
#5849 = EDGE_CURVE('',#5801,#5850,#5852,.T.);
#5850 = VERTEX_POINT('',#5851);
#5851 = CARTESIAN_POINT('',(11.79,-45.21199999996,8.3512));
#5852 = LINE('',#5853,#5854);
#5853 = CARTESIAN_POINT('',(11.79,-45.21199999996,7.0528));
#5854 = VECTOR('',#5855,1.);
#5855 = DIRECTION('',(0.,2.2E-16,1.));
#5856 = ORIENTED_EDGE('',*,*,#5857,.F.);
#5857 = EDGE_CURVE('',#3016,#5850,#5858,.T.);
#5858 = LINE('',#5859,#5860);
#5859 = CARTESIAN_POINT('',(11.79,-46.228,8.3512));
#5860 = VECTOR('',#5861,1.);
#5861 = DIRECTION('',(0.,1.,-2.2E-16));
#5862 = ORIENTED_EDGE('',*,*,#3015,.F.);
#5863 = PLANE('',#5864);
#5864 = AXIS2_PLACEMENT_3D('',#5865,#5866,#5867);
#5865 = CARTESIAN_POINT('',(11.79,-46.228,7.0528));
#5866 = DIRECTION('',(1.,0.,0.));
#5867 = DIRECTION('',(0.,2.2E-16,1.));
#5868 = ADVANCED_FACE('',(#5869),#5888,.F.);
#5869 = FACE_BOUND('',#5870,.F.);
#5870 = EDGE_LOOP('',(#5871,#5879,#5886,#5887));
#5871 = ORIENTED_EDGE('',*,*,#5872,.T.);
#5872 = EDGE_CURVE('',#3040,#5873,#5875,.T.);
#5873 = VERTEX_POINT('',#5874);
#5874 = CARTESIAN_POINT('',(-2.5532,-45.21199999996,8.656));
#5875 = LINE('',#5876,#5877);
#5876 = CARTESIAN_POINT('',(-2.5532,-46.228,8.656));
#5877 = VECTOR('',#5878,1.);
#5878 = DIRECTION('',(0.,1.,-2.2E-16));
#5879 = ORIENTED_EDGE('',*,*,#5880,.T.);
#5880 = EDGE_CURVE('',#5873,#5825,#5881,.T.);
#5881 = CIRCLE('',#5882,0.3048);
#5882 = AXIS2_PLACEMENT_3D('',#5883,#5884,#5885);
#5883 = CARTESIAN_POINT('',(-2.5532,-45.21199999996,8.3512));
#5884 = DIRECTION('',(0.,-1.,0.));
#5885 = DIRECTION('',(-8.74E-15,0.,1.));
#5886 = ORIENTED_EDGE('',*,*,#5824,.F.);
#5887 = ORIENTED_EDGE('',*,*,#3050,.F.);
#5888 = CYLINDRICAL_SURFACE('',#5889,0.3048);
#5889 = AXIS2_PLACEMENT_3D('',#5890,#5891,#5892);
#5890 = CARTESIAN_POINT('',(-2.5532,-46.228,8.3512));
#5891 = DIRECTION('',(0.,-1.,2.2E-16));
#5892 = DIRECTION('',(1.,0.,0.));
#5893 = ADVANCED_FACE('',(#5894),#5913,.F.);
#5894 = FACE_BOUND('',#5895,.F.);
#5895 = EDGE_LOOP('',(#5896,#5897,#5906,#5912));
#5896 = ORIENTED_EDGE('',*,*,#5857,.T.);
#5897 = ORIENTED_EDGE('',*,*,#5898,.T.);
#5898 = EDGE_CURVE('',#5850,#5899,#5901,.T.);
#5899 = VERTEX_POINT('',#5900);
#5900 = CARTESIAN_POINT('',(11.4852,-45.21199999996,8.656));
#5901 = CIRCLE('',#5902,0.3048);
#5902 = AXIS2_PLACEMENT_3D('',#5903,#5904,#5905);
#5903 = CARTESIAN_POINT('',(11.4852,-45.21199999996,8.3512));
#5904 = DIRECTION('',(0.,-1.,0.));
#5905 = DIRECTION('',(1.,0.,0.));
#5906 = ORIENTED_EDGE('',*,*,#5907,.F.);
#5907 = EDGE_CURVE('',#3068,#5899,#5908,.T.);
#5908 = LINE('',#5909,#5910);
#5909 = CARTESIAN_POINT('',(11.4852,-46.228,8.656));
#5910 = VECTOR('',#5911,1.);
#5911 = DIRECTION('',(0.,1.,-2.2E-16));
#5912 = ORIENTED_EDGE('',*,*,#3076,.F.);
#5913 = CYLINDRICAL_SURFACE('',#5914,0.3048);
#5914 = AXIS2_PLACEMENT_3D('',#5915,#5916,#5917);
#5915 = CARTESIAN_POINT('',(11.4852,-46.228,8.3512));
#5916 = DIRECTION('',(0.,-1.,2.2E-16));
#5917 = DIRECTION('',(1.,0.,0.));
#5918 = ADVANCED_FACE('',(#5919),#5930,.F.);
#5919 = FACE_BOUND('',#5920,.F.);
#5920 = EDGE_LOOP('',(#5921,#5922,#5928,#5929));
#5921 = ORIENTED_EDGE('',*,*,#5907,.T.);
#5922 = ORIENTED_EDGE('',*,*,#5923,.T.);
#5923 = EDGE_CURVE('',#5899,#5873,#5924,.T.);
#5924 = LINE('',#5925,#5926);
#5925 = CARTESIAN_POINT('',(11.4852,-45.21199999996,8.656));
#5926 = VECTOR('',#5927,1.);
#5927 = DIRECTION('',(-1.,0.,0.));
#5928 = ORIENTED_EDGE('',*,*,#5872,.F.);
#5929 = ORIENTED_EDGE('',*,*,#3092,.F.);
#5930 = PLANE('',#5931);
#5931 = AXIS2_PLACEMENT_3D('',#5932,#5933,#5934);
#5932 = CARTESIAN_POINT('',(11.4852,-46.228,8.656));
#5933 = DIRECTION('',(0.,2.2E-16,1.));
#5934 = DIRECTION('',(-1.,0.,0.));
#5935 = ADVANCED_FACE('',(#5936),#5961,.F.);
#5936 = FACE_BOUND('',#5937,.F.);
#5937 = EDGE_LOOP('',(#5938,#5946,#5954,#5960));
#5938 = ORIENTED_EDGE('',*,*,#5939,.T.);
#5939 = EDGE_CURVE('',#3109,#5940,#5942,.T.);
#5940 = VERTEX_POINT('',#5941);
#5941 = CARTESIAN_POINT('',(19.9528,-45.21199999996,6.875));
#5942 = LINE('',#5943,#5944);
#5943 = CARTESIAN_POINT('',(19.9528,-46.228,6.875));
#5944 = VECTOR('',#5945,1.);
#5945 = DIRECTION('',(0.,1.,-2.2E-16));
#5946 = ORIENTED_EDGE('',*,*,#5947,.T.);
#5947 = EDGE_CURVE('',#5940,#5948,#5950,.T.);
#5948 = VERTEX_POINT('',#5949);
#5949 = CARTESIAN_POINT('',(35.6972,-45.21199999996,6.875));
#5950 = LINE('',#5951,#5952);
#5951 = CARTESIAN_POINT('',(19.9528,-45.21199999996,6.875));
#5952 = VECTOR('',#5953,1.);
#5953 = DIRECTION('',(1.,0.,0.));
#5954 = ORIENTED_EDGE('',*,*,#5955,.F.);
#5955 = EDGE_CURVE('',#3118,#5948,#5956,.T.);
#5956 = LINE('',#5957,#5958);
#5957 = CARTESIAN_POINT('',(35.6972,-46.228,6.875));
#5958 = VECTOR('',#5959,1.);
#5959 = DIRECTION('',(0.,1.,-2.2E-16));
#5960 = ORIENTED_EDGE('',*,*,#3117,.F.);
#5961 = PLANE('',#5962);
#5962 = AXIS2_PLACEMENT_3D('',#5963,#5964,#5965);
#5963 = CARTESIAN_POINT('',(19.9528,-46.228,6.875));
#5964 = DIRECTION('',(0.,-2.2E-16,-1.));
#5965 = DIRECTION('',(1.,0.,0.));
#5966 = ADVANCED_FACE('',(#5967),#5986,.F.);
#5967 = FACE_BOUND('',#5968,.F.);
#5968 = EDGE_LOOP('',(#5969,#5977,#5984,#5985));
#5969 = ORIENTED_EDGE('',*,*,#5970,.T.);
#5970 = EDGE_CURVE('',#3142,#5971,#5973,.T.);
#5971 = VERTEX_POINT('',#5972);
#5972 = CARTESIAN_POINT('',(19.648,-45.21199999996,7.1798));
#5973 = LINE('',#5974,#5975);
#5974 = CARTESIAN_POINT('',(19.648,-46.228,7.1798));
#5975 = VECTOR('',#5976,1.);
#5976 = DIRECTION('',(0.,1.,-2.2E-16));
#5977 = ORIENTED_EDGE('',*,*,#5978,.T.);
#5978 = EDGE_CURVE('',#5971,#5940,#5979,.T.);
#5979 = CIRCLE('',#5980,0.3048);
#5980 = AXIS2_PLACEMENT_3D('',#5981,#5982,#5983);
#5981 = CARTESIAN_POINT('',(19.9528,-45.21199999996,7.1798));
#5982 = DIRECTION('',(0.,-1.,0.));
#5983 = DIRECTION('',(-1.,0.,0.));
#5984 = ORIENTED_EDGE('',*,*,#5939,.F.);
#5985 = ORIENTED_EDGE('',*,*,#3152,.F.);
#5986 = CYLINDRICAL_SURFACE('',#5987,0.3048);
#5987 = AXIS2_PLACEMENT_3D('',#5988,#5989,#5990);
#5988 = CARTESIAN_POINT('',(19.9528,-46.228,7.1798));
#5989 = DIRECTION('',(0.,-1.,2.2E-16));
#5990 = DIRECTION('',(1.,0.,0.));
#5991 = ADVANCED_FACE('',(#5992),#6011,.F.);
#5992 = FACE_BOUND('',#5993,.F.);
#5993 = EDGE_LOOP('',(#5994,#5995,#6004,#6010));
#5994 = ORIENTED_EDGE('',*,*,#5955,.T.);
#5995 = ORIENTED_EDGE('',*,*,#5996,.T.);
#5996 = EDGE_CURVE('',#5948,#5997,#5999,.T.);
#5997 = VERTEX_POINT('',#5998);
#5998 = CARTESIAN_POINT('',(36.002,-45.21199999996,7.1798));
#5999 = CIRCLE('',#6000,0.3048);
#6000 = AXIS2_PLACEMENT_3D('',#6001,#6002,#6003);
#6001 = CARTESIAN_POINT('',(35.6972,-45.21199999996,7.1798));
#6002 = DIRECTION('',(0.,-1.,0.));
#6003 = DIRECTION('',(-2.331E-14,-0.,-1.));
#6004 = ORIENTED_EDGE('',*,*,#6005,.F.);
#6005 = EDGE_CURVE('',#3170,#5997,#6006,.T.);
#6006 = LINE('',#6007,#6008);
#6007 = CARTESIAN_POINT('',(36.002,-46.228,7.1798));
#6008 = VECTOR('',#6009,1.);
#6009 = DIRECTION('',(0.,1.,-2.2E-16));
#6010 = ORIENTED_EDGE('',*,*,#3178,.F.);
#6011 = CYLINDRICAL_SURFACE('',#6012,0.3048);
#6012 = AXIS2_PLACEMENT_3D('',#6013,#6014,#6015);
#6013 = CARTESIAN_POINT('',(35.6972,-46.228,7.1798));
#6014 = DIRECTION('',(0.,-1.,2.2E-16));
#6015 = DIRECTION('',(1.,0.,0.));
#6016 = ADVANCED_FACE('',(#6017),#6035,.F.);
#6017 = FACE_BOUND('',#6018,.F.);
#6018 = EDGE_LOOP('',(#6019,#6027,#6033,#6034));
#6019 = ORIENTED_EDGE('',*,*,#6020,.T.);
#6020 = EDGE_CURVE('',#3194,#6021,#6023,.T.);
#6021 = VERTEX_POINT('',#6022);
#6022 = CARTESIAN_POINT('',(19.648,-45.21199999996,20.224199999999));
#6023 = LINE('',#6024,#6025);
#6024 = CARTESIAN_POINT('',(19.648,-46.228,20.224199999999));
#6025 = VECTOR('',#6026,1.);
#6026 = DIRECTION('',(0.,1.,-2.2E-16));
#6027 = ORIENTED_EDGE('',*,*,#6028,.T.);
#6028 = EDGE_CURVE('',#6021,#5971,#6029,.T.);
#6029 = LINE('',#6030,#6031);
#6030 = CARTESIAN_POINT('',(19.648,-45.21199999996,20.224199999999));
#6031 = VECTOR('',#6032,1.);
#6032 = DIRECTION('',(0.,-2.2E-16,-1.));
#6033 = ORIENTED_EDGE('',*,*,#5970,.F.);
#6034 = ORIENTED_EDGE('',*,*,#3202,.F.);
#6035 = PLANE('',#6036);
#6036 = AXIS2_PLACEMENT_3D('',#6037,#6038,#6039);
#6037 = CARTESIAN_POINT('',(19.648,-46.228,20.224199999999));
#6038 = DIRECTION('',(-1.,0.,0.));
#6039 = DIRECTION('',(-0.,-2.2E-16,-1.));
#6040 = ADVANCED_FACE('',(#6041),#6059,.F.);
#6041 = FACE_BOUND('',#6042,.F.);
#6042 = EDGE_LOOP('',(#6043,#6044,#6052,#6058));
#6043 = ORIENTED_EDGE('',*,*,#6005,.T.);
#6044 = ORIENTED_EDGE('',*,*,#6045,.T.);
#6045 = EDGE_CURVE('',#5997,#6046,#6048,.T.);
#6046 = VERTEX_POINT('',#6047);
#6047 = CARTESIAN_POINT('',(36.002,-45.21199999996,20.224199999999));
#6048 = LINE('',#6049,#6050);
#6049 = CARTESIAN_POINT('',(36.002,-45.21199999996,7.1798));
#6050 = VECTOR('',#6051,1.);
#6051 = DIRECTION('',(0.,2.2E-16,1.));
#6052 = ORIENTED_EDGE('',*,*,#6053,.F.);
#6053 = EDGE_CURVE('',#3220,#6046,#6054,.T.);
#6054 = LINE('',#6055,#6056);
#6055 = CARTESIAN_POINT('',(36.002,-46.228,20.224199999999));
#6056 = VECTOR('',#6057,1.);
#6057 = DIRECTION('',(0.,1.,-2.2E-16));
#6058 = ORIENTED_EDGE('',*,*,#3219,.F.);
#6059 = PLANE('',#6060);
#6060 = AXIS2_PLACEMENT_3D('',#6061,#6062,#6063);
#6061 = CARTESIAN_POINT('',(36.002,-46.228,7.1798));
#6062 = DIRECTION('',(1.,0.,0.));
#6063 = DIRECTION('',(0.,2.2E-16,1.));
#6064 = ADVANCED_FACE('',(#6065),#6084,.F.);
#6065 = FACE_BOUND('',#6066,.F.);
#6066 = EDGE_LOOP('',(#6067,#6075,#6082,#6083));
#6067 = ORIENTED_EDGE('',*,*,#6068,.T.);
#6068 = EDGE_CURVE('',#3244,#6069,#6071,.T.);
#6069 = VERTEX_POINT('',#6070);
#6070 = CARTESIAN_POINT('',(19.952800000002,-45.21199999996,
    20.528999999999));
#6071 = LINE('',#6072,#6073);
#6072 = CARTESIAN_POINT('',(19.952800000002,-46.228,20.528999999999));
#6073 = VECTOR('',#6074,1.);
#6074 = DIRECTION('',(0.,1.,-2.2E-16));
#6075 = ORIENTED_EDGE('',*,*,#6076,.T.);
#6076 = EDGE_CURVE('',#6069,#6021,#6077,.T.);
#6077 = CIRCLE('',#6078,0.3048);
#6078 = AXIS2_PLACEMENT_3D('',#6079,#6080,#6081);
#6079 = CARTESIAN_POINT('',(19.9528,-45.21199999996,20.224199999999));
#6080 = DIRECTION('',(0.,-1.,0.));
#6081 = DIRECTION('',(5.52489E-12,0.,1.));
#6082 = ORIENTED_EDGE('',*,*,#6020,.F.);
#6083 = ORIENTED_EDGE('',*,*,#3254,.F.);
#6084 = CYLINDRICAL_SURFACE('',#6085,0.3048);
#6085 = AXIS2_PLACEMENT_3D('',#6086,#6087,#6088);
#6086 = CARTESIAN_POINT('',(19.9528,-46.228,20.224199999999));
#6087 = DIRECTION('',(0.,-1.,2.2E-16));
#6088 = DIRECTION('',(1.,0.,0.));
#6089 = ADVANCED_FACE('',(#6090),#6109,.F.);
#6090 = FACE_BOUND('',#6091,.F.);
#6091 = EDGE_LOOP('',(#6092,#6093,#6102,#6108));
#6092 = ORIENTED_EDGE('',*,*,#6053,.T.);
#6093 = ORIENTED_EDGE('',*,*,#6094,.T.);
#6094 = EDGE_CURVE('',#6046,#6095,#6097,.T.);
#6095 = VERTEX_POINT('',#6096);
#6096 = CARTESIAN_POINT('',(35.697199999998,-45.21199999996,
    20.528999999999));
#6097 = CIRCLE('',#6098,0.3048);
#6098 = AXIS2_PLACEMENT_3D('',#6099,#6100,#6101);
#6099 = CARTESIAN_POINT('',(35.6972,-45.21199999996,20.224199999999));
#6100 = DIRECTION('',(0.,-1.,0.));
#6101 = DIRECTION('',(1.,0.,0.));
#6102 = ORIENTED_EDGE('',*,*,#6103,.F.);
#6103 = EDGE_CURVE('',#3272,#6095,#6104,.T.);
#6104 = LINE('',#6105,#6106);
#6105 = CARTESIAN_POINT('',(35.697199999998,-46.228,20.528999999999));
#6106 = VECTOR('',#6107,1.);
#6107 = DIRECTION('',(0.,1.,-2.2E-16));
#6108 = ORIENTED_EDGE('',*,*,#3280,.F.);
#6109 = CYLINDRICAL_SURFACE('',#6110,0.3048);
#6110 = AXIS2_PLACEMENT_3D('',#6111,#6112,#6113);
#6111 = CARTESIAN_POINT('',(35.6972,-46.228,20.224199999999));
#6112 = DIRECTION('',(0.,-1.,2.2E-16));
#6113 = DIRECTION('',(1.,0.,0.));
#6114 = ADVANCED_FACE('',(#6115),#6126,.F.);
#6115 = FACE_BOUND('',#6116,.F.);
#6116 = EDGE_LOOP('',(#6117,#6118,#6124,#6125));
#6117 = ORIENTED_EDGE('',*,*,#6103,.T.);
#6118 = ORIENTED_EDGE('',*,*,#6119,.T.);
#6119 = EDGE_CURVE('',#6095,#6069,#6120,.T.);
#6120 = LINE('',#6121,#6122);
#6121 = CARTESIAN_POINT('',(35.697199999998,-45.21199999996,
    20.528999999999));
#6122 = VECTOR('',#6123,1.);
#6123 = DIRECTION('',(-1.,0.,0.));
#6124 = ORIENTED_EDGE('',*,*,#6068,.F.);
#6125 = ORIENTED_EDGE('',*,*,#3296,.F.);
#6126 = PLANE('',#6127);
#6127 = AXIS2_PLACEMENT_3D('',#6128,#6129,#6130);
#6128 = CARTESIAN_POINT('',(35.697199999998,-46.228,20.528999999999));
#6129 = DIRECTION('',(0.,2.2E-16,1.));
#6130 = DIRECTION('',(-1.,0.,0.));
#6131 = ADVANCED_FACE('',(#6132),#6157,.F.);
#6132 = FACE_BOUND('',#6133,.F.);
#6133 = EDGE_LOOP('',(#6134,#6142,#6150,#6156));
#6134 = ORIENTED_EDGE('',*,*,#6135,.T.);
#6135 = EDGE_CURVE('',#3313,#6136,#6138,.T.);
#6136 = VERTEX_POINT('',#6137);
#6137 = CARTESIAN_POINT('',(52.983999999929,-45.21199999996,
    10.338999999927));
#6138 = LINE('',#6139,#6140);
#6139 = CARTESIAN_POINT('',(52.983999999929,-46.228,10.338999999927));
#6140 = VECTOR('',#6141,1.);
#6141 = DIRECTION('',(0.,1.,-2.2E-16));
#6142 = ORIENTED_EDGE('',*,*,#6143,.T.);
#6143 = EDGE_CURVE('',#6136,#6144,#6146,.T.);
#6144 = VERTEX_POINT('',#6145);
#6145 = CARTESIAN_POINT('',(46.58400000007,-45.21199999996,
    10.338999999927));
#6146 = LINE('',#6147,#6148);
#6147 = CARTESIAN_POINT('',(52.983999999929,-45.21199999996,
    10.338999999927));
#6148 = VECTOR('',#6149,1.);
#6149 = DIRECTION('',(-1.,0.,0.));
#6150 = ORIENTED_EDGE('',*,*,#6151,.F.);
#6151 = EDGE_CURVE('',#3322,#6144,#6152,.T.);
#6152 = LINE('',#6153,#6154);
#6153 = CARTESIAN_POINT('',(46.58400000007,-46.228,10.338999999927));
#6154 = VECTOR('',#6155,1.);
#6155 = DIRECTION('',(0.,1.,-2.2E-16));
#6156 = ORIENTED_EDGE('',*,*,#3321,.F.);
#6157 = PLANE('',#6158);
#6158 = AXIS2_PLACEMENT_3D('',#6159,#6160,#6161);
#6159 = CARTESIAN_POINT('',(52.983999999929,-46.228,10.338999999927));
#6160 = DIRECTION('',(0.,2.2E-16,1.));
#6161 = DIRECTION('',(-1.,0.,0.));
#6162 = ADVANCED_FACE('',(#6163),#6182,.F.);
#6163 = FACE_BOUND('',#6164,.F.);
#6164 = EDGE_LOOP('',(#6165,#6173,#6180,#6181));
#6165 = ORIENTED_EDGE('',*,*,#6166,.T.);
#6166 = EDGE_CURVE('',#3346,#6167,#6169,.T.);
#6167 = VERTEX_POINT('',#6168);
#6168 = CARTESIAN_POINT('',(54.380999999929,-45.21199999996,
    8.941999999927));
#6169 = LINE('',#6170,#6171);
#6170 = CARTESIAN_POINT('',(54.380999999929,-46.228,8.941999999927));
#6171 = VECTOR('',#6172,1.);
#6172 = DIRECTION('',(0.,1.,-2.2E-16));
#6173 = ORIENTED_EDGE('',*,*,#6174,.T.);
#6174 = EDGE_CURVE('',#6167,#6136,#6175,.T.);
#6175 = CIRCLE('',#6176,1.397);
#6176 = AXIS2_PLACEMENT_3D('',#6177,#6178,#6179);
#6177 = CARTESIAN_POINT('',(52.983999999929,-45.21199999996,
    8.941999999927));
#6178 = DIRECTION('',(0.,-1.,0.));
#6179 = DIRECTION('',(1.,0.,1.27E-15));
#6180 = ORIENTED_EDGE('',*,*,#6135,.F.);
#6181 = ORIENTED_EDGE('',*,*,#3356,.F.);
#6182 = CYLINDRICAL_SURFACE('',#6183,1.397);
#6183 = AXIS2_PLACEMENT_3D('',#6184,#6185,#6186);
#6184 = CARTESIAN_POINT('',(52.983999999929,-46.228,8.941999999927));
#6185 = DIRECTION('',(0.,-1.,2.2E-16));
#6186 = DIRECTION('',(1.,0.,0.));
#6187 = ADVANCED_FACE('',(#6188),#6207,.F.);
#6188 = FACE_BOUND('',#6189,.F.);
#6189 = EDGE_LOOP('',(#6190,#6191,#6200,#6206));
#6190 = ORIENTED_EDGE('',*,*,#6151,.T.);
#6191 = ORIENTED_EDGE('',*,*,#6192,.T.);
#6192 = EDGE_CURVE('',#6144,#6193,#6195,.T.);
#6193 = VERTEX_POINT('',#6194);
#6194 = CARTESIAN_POINT('',(45.18700000007,-45.21199999996,
    8.941999999927));
#6195 = CIRCLE('',#6196,1.397);
#6196 = AXIS2_PLACEMENT_3D('',#6197,#6198,#6199);
#6197 = CARTESIAN_POINT('',(46.58400000007,-45.21199999996,
    8.941999999927));
#6198 = DIRECTION('',(0.,-1.,0.));
#6199 = DIRECTION('',(0.,0.,1.));
#6200 = ORIENTED_EDGE('',*,*,#6201,.F.);
#6201 = EDGE_CURVE('',#3374,#6193,#6202,.T.);
#6202 = LINE('',#6203,#6204);
#6203 = CARTESIAN_POINT('',(45.18700000007,-46.228,8.941999999927));
#6204 = VECTOR('',#6205,1.);
#6205 = DIRECTION('',(0.,1.,-2.2E-16));
#6206 = ORIENTED_EDGE('',*,*,#3382,.F.);
#6207 = CYLINDRICAL_SURFACE('',#6208,1.397);
#6208 = AXIS2_PLACEMENT_3D('',#6209,#6210,#6211);
#6209 = CARTESIAN_POINT('',(46.58400000007,-46.228,8.941999999927));
#6210 = DIRECTION('',(0.,-1.,2.2E-16));
#6211 = DIRECTION('',(1.,0.,0.));
#6212 = ADVANCED_FACE('',(#6213),#6231,.F.);
#6213 = FACE_BOUND('',#6214,.F.);
#6214 = EDGE_LOOP('',(#6215,#6223,#6229,#6230));
#6215 = ORIENTED_EDGE('',*,*,#6216,.T.);
#6216 = EDGE_CURVE('',#3398,#6217,#6219,.T.);
#6217 = VERTEX_POINT('',#6218);
#6218 = CARTESIAN_POINT('',(54.380999999929,-45.21199999996,
    8.322000000069));
#6219 = LINE('',#6220,#6221);
#6220 = CARTESIAN_POINT('',(54.380999999929,-46.228,8.322000000069));
#6221 = VECTOR('',#6222,1.);
#6222 = DIRECTION('',(0.,1.,-2.2E-16));
#6223 = ORIENTED_EDGE('',*,*,#6224,.T.);
#6224 = EDGE_CURVE('',#6217,#6167,#6225,.T.);
#6225 = LINE('',#6226,#6227);
#6226 = CARTESIAN_POINT('',(54.380999999929,-45.21199999996,
    8.322000000069));
#6227 = VECTOR('',#6228,1.);
#6228 = DIRECTION('',(0.,2.2E-16,1.));
#6229 = ORIENTED_EDGE('',*,*,#6166,.F.);
#6230 = ORIENTED_EDGE('',*,*,#3406,.F.);
#6231 = PLANE('',#6232);
#6232 = AXIS2_PLACEMENT_3D('',#6233,#6234,#6235);
#6233 = CARTESIAN_POINT('',(54.380999999929,-46.228,8.322000000069));
#6234 = DIRECTION('',(1.,0.,0.));
#6235 = DIRECTION('',(0.,2.2E-16,1.));
#6236 = ADVANCED_FACE('',(#6237),#6255,.F.);
#6237 = FACE_BOUND('',#6238,.F.);
#6238 = EDGE_LOOP('',(#6239,#6240,#6248,#6254));
#6239 = ORIENTED_EDGE('',*,*,#6201,.T.);
#6240 = ORIENTED_EDGE('',*,*,#6241,.T.);
#6241 = EDGE_CURVE('',#6193,#6242,#6244,.T.);
#6242 = VERTEX_POINT('',#6243);
#6243 = CARTESIAN_POINT('',(45.18700000007,-45.21199999996,
    8.322000000069));
#6244 = LINE('',#6245,#6246);
#6245 = CARTESIAN_POINT('',(45.18700000007,-45.21199999996,
    8.941999999927));
#6246 = VECTOR('',#6247,1.);
#6247 = DIRECTION('',(0.,-2.2E-16,-1.));
#6248 = ORIENTED_EDGE('',*,*,#6249,.F.);
#6249 = EDGE_CURVE('',#3424,#6242,#6250,.T.);
#6250 = LINE('',#6251,#6252);
#6251 = CARTESIAN_POINT('',(45.18700000007,-46.228,8.322000000069));
#6252 = VECTOR('',#6253,1.);
#6253 = DIRECTION('',(0.,1.,-2.2E-16));
#6254 = ORIENTED_EDGE('',*,*,#3423,.F.);
#6255 = PLANE('',#6256);
#6256 = AXIS2_PLACEMENT_3D('',#6257,#6258,#6259);
#6257 = CARTESIAN_POINT('',(45.18700000007,-46.228,8.941999999927));
#6258 = DIRECTION('',(-1.,0.,0.));
#6259 = DIRECTION('',(-0.,-2.2E-16,-1.));
#6260 = ADVANCED_FACE('',(#6261),#6280,.F.);
#6261 = FACE_BOUND('',#6262,.F.);
#6262 = EDGE_LOOP('',(#6263,#6271,#6278,#6279));
#6263 = ORIENTED_EDGE('',*,*,#6264,.T.);
#6264 = EDGE_CURVE('',#3448,#6265,#6267,.T.);
#6265 = VERTEX_POINT('',#6266);
#6266 = CARTESIAN_POINT('',(52.983999999929,-45.21199999996,
    6.925000000069));
#6267 = LINE('',#6268,#6269);
#6268 = CARTESIAN_POINT('',(52.983999999929,-46.228,6.925000000069));
#6269 = VECTOR('',#6270,1.);
#6270 = DIRECTION('',(0.,1.,-2.2E-16));
#6271 = ORIENTED_EDGE('',*,*,#6272,.T.);
#6272 = EDGE_CURVE('',#6265,#6217,#6273,.T.);
#6273 = CIRCLE('',#6274,1.397);
#6274 = AXIS2_PLACEMENT_3D('',#6275,#6276,#6277);
#6275 = CARTESIAN_POINT('',(52.983999999929,-45.21199999996,
    8.322000000069));
#6276 = DIRECTION('',(0.,-1.,0.));
#6277 = DIRECTION('',(-5.09E-15,-0.,-1.));
#6278 = ORIENTED_EDGE('',*,*,#6216,.F.);
#6279 = ORIENTED_EDGE('',*,*,#3458,.F.);
#6280 = CYLINDRICAL_SURFACE('',#6281,1.397);
#6281 = AXIS2_PLACEMENT_3D('',#6282,#6283,#6284);
#6282 = CARTESIAN_POINT('',(52.983999999929,-46.228,8.322000000069));
#6283 = DIRECTION('',(0.,-1.,2.2E-16));
#6284 = DIRECTION('',(1.,0.,0.));
#6285 = ADVANCED_FACE('',(#6286),#6305,.F.);
#6286 = FACE_BOUND('',#6287,.F.);
#6287 = EDGE_LOOP('',(#6288,#6289,#6298,#6304));
#6288 = ORIENTED_EDGE('',*,*,#6249,.T.);
#6289 = ORIENTED_EDGE('',*,*,#6290,.T.);
#6290 = EDGE_CURVE('',#6242,#6291,#6293,.T.);
#6291 = VERTEX_POINT('',#6292);
#6292 = CARTESIAN_POINT('',(46.58400000007,-45.21199999996,
    6.925000000069));
#6293 = CIRCLE('',#6294,1.397);
#6294 = AXIS2_PLACEMENT_3D('',#6295,#6296,#6297);
#6295 = CARTESIAN_POINT('',(46.58400000007,-45.21199999996,
    8.322000000069));
#6296 = DIRECTION('',(0.,-1.,0.));
#6297 = DIRECTION('',(-1.,0.,0.));
#6298 = ORIENTED_EDGE('',*,*,#6299,.F.);
#6299 = EDGE_CURVE('',#3476,#6291,#6300,.T.);
#6300 = LINE('',#6301,#6302);
#6301 = CARTESIAN_POINT('',(46.58400000007,-46.228,6.925000000069));
#6302 = VECTOR('',#6303,1.);
#6303 = DIRECTION('',(0.,1.,-2.2E-16));
#6304 = ORIENTED_EDGE('',*,*,#3484,.F.);
#6305 = CYLINDRICAL_SURFACE('',#6306,1.397);
#6306 = AXIS2_PLACEMENT_3D('',#6307,#6308,#6309);
#6307 = CARTESIAN_POINT('',(46.58400000007,-46.228,8.322000000069));
#6308 = DIRECTION('',(0.,-1.,2.2E-16));
#6309 = DIRECTION('',(1.,0.,0.));
#6310 = ADVANCED_FACE('',(#6311),#6322,.F.);
#6311 = FACE_BOUND('',#6312,.F.);
#6312 = EDGE_LOOP('',(#6313,#6314,#6320,#6321));
#6313 = ORIENTED_EDGE('',*,*,#6299,.T.);
#6314 = ORIENTED_EDGE('',*,*,#6315,.T.);
#6315 = EDGE_CURVE('',#6291,#6265,#6316,.T.);
#6316 = LINE('',#6317,#6318);
#6317 = CARTESIAN_POINT('',(46.58400000007,-45.21199999996,
    6.925000000069));
#6318 = VECTOR('',#6319,1.);
#6319 = DIRECTION('',(1.,0.,0.));
#6320 = ORIENTED_EDGE('',*,*,#6264,.F.);
#6321 = ORIENTED_EDGE('',*,*,#3500,.F.);
#6322 = PLANE('',#6323);
#6323 = AXIS2_PLACEMENT_3D('',#6324,#6325,#6326);
#6324 = CARTESIAN_POINT('',(46.58400000007,-46.228,6.925000000069));
#6325 = DIRECTION('',(0.,-2.2E-16,-1.));
#6326 = DIRECTION('',(1.,0.,0.));
#6327 = ADVANCED_FACE('',(#6328),#6333,.T.);
#6328 = FACE_BOUND('',#6329,.F.);
#6329 = EDGE_LOOP('',(#6330,#6331,#6332));
#6330 = ORIENTED_EDGE('',*,*,#3814,.F.);
#6331 = ORIENTED_EDGE('',*,*,#3534,.T.);
#6332 = ORIENTED_EDGE('',*,*,#3519,.F.);
#6333 = SPHERICAL_SURFACE('',#6334,0.508);
#6334 = AXIS2_PLACEMENT_3D('',#6335,#6336,#6337);
#6335 = CARTESIAN_POINT('',(-70.61199999997,-14.86780210989,
    21.716999999999));
#6336 = DIRECTION('',(-1.,2.311E-14,9.1509E-13));
#6337 = DIRECTION('',(2.591652658307E-13,0.965925826288,0.258819045105)
  );
#6338 = ADVANCED_FACE('',(#6339),#6344,.T.);
#6339 = FACE_BOUND('',#6340,.T.);
#6340 = EDGE_LOOP('',(#6341,#6342,#6343));
#6341 = ORIENTED_EDGE('',*,*,#3664,.F.);
#6342 = ORIENTED_EDGE('',*,*,#4242,.T.);
#6343 = ORIENTED_EDGE('',*,*,#3723,.F.);
#6344 = SPHERICAL_SURFACE('',#6345,0.508);
#6345 = AXIS2_PLACEMENT_3D('',#6346,#6347,#6348);
#6346 = CARTESIAN_POINT('',(71.12,-14.86780210989,21.717));
#6347 = DIRECTION('',(-1.,0.,0.));
#6348 = DIRECTION('',(0.,0.,1.));
#6349 = ADVANCED_FACE('',(#6350),#6361,.T.);
#6350 = FACE_BOUND('',#6351,.F.);
#6351 = EDGE_LOOP('',(#6352,#6353,#6360));
#6352 = ORIENTED_EDGE('',*,*,#3682,.F.);
#6353 = ORIENTED_EDGE('',*,*,#6354,.T.);
#6354 = EDGE_CURVE('',#3683,#3707,#6355,.T.);
#6355 = CIRCLE('',#6356,0.508);
#6356 = AXIS2_PLACEMENT_3D('',#6357,#6358,#6359);
#6357 = CARTESIAN_POINT('',(70.611999999973,-14.86780210989,21.717));
#6358 = DIRECTION('',(8.7793E-13,0.258819045103,-0.965925826289));
#6359 = DIRECTION('',(-2.5916E-13,0.965925826289,0.258819045103));
#6360 = ORIENTED_EDGE('',*,*,#3706,.F.);
#6361 = SPHERICAL_SURFACE('',#6362,0.508);
#6362 = AXIS2_PLACEMENT_3D('',#6363,#6364,#6365);
#6363 = CARTESIAN_POINT('',(70.611999999973,-14.86780210989,21.717));
#6364 = DIRECTION('',(1.,2.311E-14,9.1509E-13));
#6365 = DIRECTION('',(-9.1509E-13,2.13E-15,1.));
#6366 = ADVANCED_FACE('',(#6367),#6385,.F.);
#6367 = FACE_BOUND('',#6368,.F.);
#6368 = EDGE_LOOP('',(#6369,#6377,#6378,#6379));
#6369 = ORIENTED_EDGE('',*,*,#6370,.T.);
#6370 = EDGE_CURVE('',#6371,#4250,#6373,.T.);
#6371 = VERTEX_POINT('',#6372);
#6372 = CARTESIAN_POINT('',(70.611999999979,-12.67323355329,
    15.489519925088));
#6373 = LINE('',#6374,#6375);
#6374 = CARTESIAN_POINT('',(70.103999999979,-12.67323355329,
    15.489519925088));
#6375 = VECTOR('',#6376,1.);
#6376 = DIRECTION('',(1.,0.,0.));
#6377 = ORIENTED_EDGE('',*,*,#4249,.F.);
#6378 = ORIENTED_EDGE('',*,*,#3715,.F.);
#6379 = ORIENTED_EDGE('',*,*,#6380,.T.);
#6380 = EDGE_CURVE('',#3707,#6371,#6381,.T.);
#6381 = LINE('',#6382,#6383);
#6382 = CARTESIAN_POINT('',(70.611999999973,-14.37711179013,
    21.848480074913));
#6383 = VECTOR('',#6384,1.);
#6384 = DIRECTION('',(8.7793E-13,0.258819045103,-0.965925826289));
#6385 = PLANE('',#6386);
#6386 = AXIS2_PLACEMENT_3D('',#6387,#6388,#6389);
#6387 = CARTESIAN_POINT('',(-71.628,-12.57234534343,15.113));
#6388 = DIRECTION('',(0.,-0.965925826289,-0.258819045103));
#6389 = DIRECTION('',(0.,-0.258819045103,0.965925826289));
#6390 = ADVANCED_FACE('',(#6391),#6396,.T.);
#6391 = FACE_BOUND('',#6392,.T.);
#6392 = EDGE_LOOP('',(#6393,#6394,#6395));
#6393 = ORIENTED_EDGE('',*,*,#3862,.T.);
#6394 = ORIENTED_EDGE('',*,*,#5357,.F.);
#6395 = ORIENTED_EDGE('',*,*,#3908,.F.);
#6396 = ( BOUNDED_SURFACE() B_SPLINE_SURFACE(2,9,(
    (#6397,#6398,#6399,#6400,#6401,#6402,#6403,#6404,#6405,#6406)
    ,(#6407,#6408,#6409,#6410,#6411,#6412,#6413,#6414,#6415,#6416)
    ,(#6417,#6418,#6419,#6420,#6421,#6422,#6423,#6424,#6425,#6426
)),.UNSPECIFIED.,.F.,.F.,.F.) B_SPLINE_SURFACE_WITH_KNOTS((3,3),(10,10),
  (0.,0.423547244353),(0.,0.423547244353),.PIECEWISE_BEZIER_KNOTS.) 
GEOMETRIC_REPRESENTATION_ITEM() RATIONAL_B_SPLINE_SURFACE((
    (1.,1.,1.,1.,1.,1.,1.,1.,1.,1.)
    ,(1.,1.,0.987079191667,0.960792348164,0.923446505161,0.871924861976
      ,0.815650544192,0.747594058915,0.683901269395,0.637758569443)
,(1.,1.,1.,1.,1.,1.,1.,1.,1.,1.))) REPRESENTATION_ITEM('') SURFACE() );
#6397 = CARTESIAN_POINT('',(-70.61199999997,35.067726633915,
    14.736480074912));
#6398 = CARTESIAN_POINT('',(-70.53484468267,35.067726633915,
    14.736480074912));
#6399 = CARTESIAN_POINT('',(-70.45767702652,35.055013260119,
    14.733097023415));
#6400 = CARTESIAN_POINT('',(-70.38316783251,35.029666952223,
    14.725162850961));
#6401 = CARTESIAN_POINT('',(-70.31353197919,34.993172434156,
    14.712811258231));
#6402 = CARTESIAN_POINT('',(-70.2521306546,34.945214156356,
    14.69319451779));
#6403 = CARTESIAN_POINT('',(-70.20007428994,34.890964045964,
    14.669954374612));
#6404 = CARTESIAN_POINT('',(-70.16100289291,34.829125316906,
    14.63808879626));
#6405 = CARTESIAN_POINT('',(-70.13607312244,34.770023564893,
    14.60500909716));
#6406 = CARTESIAN_POINT('',(-70.12140841937,34.720616902444,
    14.578571589862));
#6407 = CARTESIAN_POINT('',(-70.61199999997,35.067726633915,
    14.736480074912));
#6408 = CARTESIAN_POINT('',(-70.57342234132,35.05774200114,
    14.773743231722));
#6409 = CARTESIAN_POINT('',(-70.53382900871,35.047452440515,
    14.811976351212));
#6410 = CARTESIAN_POINT('',(-70.49341686193,35.037254907505,
    14.851080500067));
#6411 = CARTESIAN_POINT('',(-70.45247648209,35.026316799765,
    14.89053843362));
#6412 = CARTESIAN_POINT('',(-70.41084944052,35.01910987922,
    14.931692568987));
#6413 = CARTESIAN_POINT('',(-70.36884514334,35.011065673103,
    14.973042478183));
#6414 = CARTESIAN_POINT('',(-70.32431299135,35.012102502856,
    15.019392750906));
#6415 = CARTESIAN_POINT('',(-70.27699993373,35.013279151439,
    15.068801024959));
#6416 = CARTESIAN_POINT('',(-70.23140719048,35.001148521991,15.113));
#6417 = CARTESIAN_POINT('',(-70.61199999997,35.067726633915,
    14.736480074912));
#6418 = CARTESIAN_POINT('',(-70.61199999997,35.047757368366,
    14.811006388531));
#6419 = CARTESIAN_POINT('',(-70.61197749763,35.015077505178,
    14.882139292498));
#6420 = CARTESIAN_POINT('',(-70.61308002518,34.970160703463,
    14.947243931517));
#6421 = CARTESIAN_POINT('',(-70.61556908096,34.915000400932,
    15.004548341191));
#6422 = CARTESIAN_POINT('',(-70.62209682044,34.849460113206,
    15.050570496179));
#6423 = CARTESIAN_POINT('',(-70.63051684545,34.779552350683,
    15.085705197153));
#6424 = CARTESIAN_POINT('',(-70.64527529042,34.703805430197,
    15.105895689335));
#6425 = CARTESIAN_POINT('',(-70.66194718032,34.633808059243,15.113));
#6426 = CARTESIAN_POINT('',(-70.67473582698,34.57703631416,15.113));
#6427 = ADVANCED_FACE('',(#6428),#6440,.F.);
#6428 = FACE_BOUND('',#6429,.F.);
#6429 = EDGE_LOOP('',(#6430,#6431,#6432,#6433));
#6430 = ORIENTED_EDGE('',*,*,#4052,.F.);
#6431 = ORIENTED_EDGE('',*,*,#3933,.F.);
#6432 = ORIENTED_EDGE('',*,*,#4153,.T.);
#6433 = ORIENTED_EDGE('',*,*,#6434,.F.);
#6434 = EDGE_CURVE('',#4044,#4146,#6435,.T.);
#6435 = CIRCLE('',#6436,0.508);
#6436 = AXIS2_PLACEMENT_3D('',#6437,#6438,#6439);
#6437 = CARTESIAN_POINT('',(-69.59599999998,34.798,4.826000000003));
#6438 = DIRECTION('',(9.1509E-13,-1.0285E-13,1.));
#6439 = DIRECTION('',(2.311E-14,1.,1.0285E-13));
#6440 = CYLINDRICAL_SURFACE('',#6441,0.508);
#6441 = AXIS2_PLACEMENT_3D('',#6442,#6443,#6444);
#6442 = CARTESIAN_POINT('',(-69.59599999999,34.798,1.524));
#6443 = DIRECTION('',(0.,0.,1.));
#6444 = DIRECTION('',(-1.,2.311E-14,0.));
#6445 = ADVANCED_FACE('',(#6446),#6466,.F.);
#6446 = FACE_BOUND('',#6447,.F.);
#6447 = EDGE_LOOP('',(#6448,#6457,#6458,#6459));
#6448 = ORIENTED_EDGE('',*,*,#6449,.F.);
#6449 = EDGE_CURVE('',#4036,#6450,#6452,.T.);
#6450 = VERTEX_POINT('',#6451);
#6451 = CARTESIAN_POINT('',(-69.59599999998,33.782,5.334));
#6452 = CIRCLE('',#6453,0.508);
#6453 = AXIS2_PLACEMENT_3D('',#6454,#6455,#6456);
#6454 = CARTESIAN_POINT('',(-69.59599999998,33.782,5.842000000003));
#6455 = DIRECTION('',(-2.311E-14,-1.,-1.3987E-13));
#6456 = DIRECTION('',(9.1509E-13,-1.3987E-13,1.));
#6457 = ORIENTED_EDGE('',*,*,#4043,.T.);
#6458 = ORIENTED_EDGE('',*,*,#6434,.T.);
#6459 = ORIENTED_EDGE('',*,*,#6460,.F.);
#6460 = EDGE_CURVE('',#6450,#4146,#6461,.T.);
#6461 = CIRCLE('',#6462,0.508);
#6462 = AXIS2_PLACEMENT_3D('',#6463,#6464,#6465);
#6463 = CARTESIAN_POINT('',(-69.59599999998,33.782,4.826000000003));
#6464 = DIRECTION('',(-1.,2.311E-14,9.1509E-13));
#6465 = DIRECTION('',(9.1509E-13,-1.3987E-13,1.));
#6466 = TOROIDAL_SURFACE('',#6467,1.016,0.508);
#6467 = AXIS2_PLACEMENT_3D('',#6468,#6469,#6470);
#6468 = CARTESIAN_POINT('',(-69.59599999998,33.782,4.826000000003));
#6469 = DIRECTION('',(-1.,2.311E-14,9.1509E-13));
#6470 = DIRECTION('',(9.1509E-13,-1.3987E-13,1.));
#6471 = ADVANCED_FACE('',(#6472),#6491,.F.);
#6472 = FACE_BOUND('',#6473,.T.);
#6473 = EDGE_LOOP('',(#6474,#6483,#6489,#6490));
#6474 = ORIENTED_EDGE('',*,*,#6475,.T.);
#6475 = EDGE_CURVE('',#4027,#6476,#6478,.T.);
#6476 = VERTEX_POINT('',#6477);
#6477 = CARTESIAN_POINT('',(-69.59599999998,-33.782,5.334));
#6478 = CIRCLE('',#6479,0.508);
#6479 = AXIS2_PLACEMENT_3D('',#6480,#6481,#6482);
#6480 = CARTESIAN_POINT('',(-69.59599999998,-33.782,5.842000000003));
#6481 = DIRECTION('',(-2.311E-14,-1.,-1.3987E-13));
#6482 = DIRECTION('',(9.1509E-13,-1.3987E-13,1.));
#6483 = ORIENTED_EDGE('',*,*,#6484,.T.);
#6484 = EDGE_CURVE('',#6476,#6450,#6485,.T.);
#6485 = LINE('',#6486,#6487);
#6486 = CARTESIAN_POINT('',(-69.59599999998,-34.29,5.334));
#6487 = VECTOR('',#6488,1.);
#6488 = DIRECTION('',(0.,1.,0.));
#6489 = ORIENTED_EDGE('',*,*,#6449,.F.);
#6490 = ORIENTED_EDGE('',*,*,#4035,.F.);
#6491 = CYLINDRICAL_SURFACE('',#6492,0.508);
#6492 = AXIS2_PLACEMENT_3D('',#6493,#6494,#6495);
#6493 = CARTESIAN_POINT('',(-69.59599999998,-34.29,5.842));
#6494 = DIRECTION('',(0.,1.,0.));
#6495 = DIRECTION('',(-1.,0.,9.1509E-13));
#6496 = ADVANCED_FACE('',(#6497),#6515,.F.);
#6497 = FACE_BOUND('',#6498,.T.);
#6498 = EDGE_LOOP('',(#6499,#6500,#6501,#6508));
#6499 = ORIENTED_EDGE('',*,*,#6475,.F.);
#6500 = ORIENTED_EDGE('',*,*,#4026,.T.);
#6501 = ORIENTED_EDGE('',*,*,#6502,.T.);
#6502 = EDGE_CURVE('',#4019,#4443,#6503,.T.);
#6503 = CIRCLE('',#6504,0.508);
#6504 = AXIS2_PLACEMENT_3D('',#6505,#6506,#6507);
#6505 = CARTESIAN_POINT('',(-69.59599999998,-34.798,4.826000000003));
#6506 = DIRECTION('',(-9.1509E-13,1.1672E-13,-1.));
#6507 = DIRECTION('',(-2.311E-14,-1.,-1.1672E-13));
#6508 = ORIENTED_EDGE('',*,*,#6509,.F.);
#6509 = EDGE_CURVE('',#6476,#4443,#6510,.T.);
#6510 = CIRCLE('',#6511,0.508);
#6511 = AXIS2_PLACEMENT_3D('',#6512,#6513,#6514);
#6512 = CARTESIAN_POINT('',(-69.59599999998,-33.782,4.826000000003));
#6513 = DIRECTION('',(1.,-2.311E-14,-9.1509E-13));
#6514 = DIRECTION('',(9.1509E-13,-1.3987E-13,1.));
#6515 = TOROIDAL_SURFACE('',#6516,1.016,0.508);
#6516 = AXIS2_PLACEMENT_3D('',#6517,#6518,#6519);
#6517 = CARTESIAN_POINT('',(-69.59599999998,-33.782,4.826000000003));
#6518 = DIRECTION('',(-1.,2.311E-14,9.1509E-13));
#6519 = DIRECTION('',(9.1509E-13,-1.3987E-13,1.));
#6520 = ADVANCED_FACE('',(#6521),#6527,.F.);
#6521 = FACE_BOUND('',#6522,.T.);
#6522 = EDGE_LOOP('',(#6523,#6524,#6525,#6526));
#6523 = ORIENTED_EDGE('',*,*,#4425,.F.);
#6524 = ORIENTED_EDGE('',*,*,#4442,.T.);
#6525 = ORIENTED_EDGE('',*,*,#6502,.F.);
#6526 = ORIENTED_EDGE('',*,*,#4018,.F.);
#6527 = CYLINDRICAL_SURFACE('',#6528,0.508);
#6528 = AXIS2_PLACEMENT_3D('',#6529,#6530,#6531);
#6529 = CARTESIAN_POINT('',(-69.59599999999,-34.798,1.524));
#6530 = DIRECTION('',(0.,0.,1.));
#6531 = DIRECTION('',(-1.,2.311E-14,0.));
#6532 = ADVANCED_FACE('',(#6533),#6560,.F.);
#6533 = FACE_BOUND('',#6534,.T.);
#6534 = EDGE_LOOP('',(#6535,#6544,#6552,#6559));
#6535 = ORIENTED_EDGE('',*,*,#6536,.T.);
#6536 = EDGE_CURVE('',#4062,#6537,#6539,.T.);
#6537 = VERTEX_POINT('',#6538);
#6538 = CARTESIAN_POINT('',(-69.59599999998,-34.29,7.747));
#6539 = CIRCLE('',#6540,0.508);
#6540 = AXIS2_PLACEMENT_3D('',#6541,#6542,#6543);
#6541 = CARTESIAN_POINT('',(-69.59599999998,-34.798,7.746999999997));
#6542 = DIRECTION('',(-9.1509E-13,5.948E-12,-1.));
#6543 = DIRECTION('',(-2.311E-14,-1.,-5.948E-12));
#6544 = ORIENTED_EDGE('',*,*,#6545,.T.);
#6545 = EDGE_CURVE('',#6537,#6546,#6548,.T.);
#6546 = VERTEX_POINT('',#6547);
#6547 = CARTESIAN_POINT('',(-69.59599999998,-34.29,9.017));
#6548 = LINE('',#6549,#6550);
#6549 = CARTESIAN_POINT('',(-69.59599999998,-34.29,7.239));
#6550 = VECTOR('',#6551,1.);
#6551 = DIRECTION('',(0.,0.,1.));
#6552 = ORIENTED_EDGE('',*,*,#6553,.F.);
#6553 = EDGE_CURVE('',#4064,#6546,#6554,.T.);
#6554 = CIRCLE('',#6555,0.508);
#6555 = AXIS2_PLACEMENT_3D('',#6556,#6557,#6558);
#6556 = CARTESIAN_POINT('',(-69.59599999998,-34.798,9.017));
#6557 = DIRECTION('',(-9.1509E-13,-7.911E-14,-1.));
#6558 = DIRECTION('',(-2.311E-14,-1.,7.911000000002E-14));
#6559 = ORIENTED_EDGE('',*,*,#4061,.F.);
#6560 = CYLINDRICAL_SURFACE('',#6561,0.508);
#6561 = AXIS2_PLACEMENT_3D('',#6562,#6563,#6564);
#6562 = CARTESIAN_POINT('',(-69.59599999998,-34.798,7.239));
#6563 = DIRECTION('',(0.,0.,1.));
#6564 = DIRECTION('',(-1.,2.311E-14,0.));
#6565 = ADVANCED_FACE('',(#6566),#6586,.F.);
#6566 = FACE_BOUND('',#6567,.T.);
#6567 = EDGE_LOOP('',(#6568,#6569,#6570,#6579));
#6568 = ORIENTED_EDGE('',*,*,#6536,.F.);
#6569 = ORIENTED_EDGE('',*,*,#4122,.T.);
#6570 = ORIENTED_EDGE('',*,*,#6571,.T.);
#6571 = EDGE_CURVE('',#4115,#6572,#6574,.T.);
#6572 = VERTEX_POINT('',#6573);
#6573 = CARTESIAN_POINT('',(-69.59599999998,-33.782,7.239));
#6574 = CIRCLE('',#6575,0.508);
#6575 = AXIS2_PLACEMENT_3D('',#6576,#6577,#6578);
#6576 = CARTESIAN_POINT('',(-69.59599999998,-33.78199999999,
    6.731000000003));
#6577 = DIRECTION('',(2.311E-14,1.,5.03289E-12));
#6578 = DIRECTION('',(-9.1509E-13,5.03289E-12,-1.));
#6579 = ORIENTED_EDGE('',*,*,#6580,.F.);
#6580 = EDGE_CURVE('',#6537,#6572,#6581,.T.);
#6581 = CIRCLE('',#6582,0.508);
#6582 = AXIS2_PLACEMENT_3D('',#6583,#6584,#6585);
#6583 = CARTESIAN_POINT('',(-69.59599999998,-33.782,7.747000000003));
#6584 = DIRECTION('',(1.,-2.311E-14,-9.1509E-13));
#6585 = DIRECTION('',(-2.311000000544E-14,-1.,-5.948E-12));
#6586 = TOROIDAL_SURFACE('',#6587,1.016,0.508);
#6587 = AXIS2_PLACEMENT_3D('',#6588,#6589,#6590);
#6588 = CARTESIAN_POINT('',(-69.59599999998,-33.782,7.747000000003));
#6589 = DIRECTION('',(-1.,2.311E-14,9.1509E-13));
#6590 = DIRECTION('',(-2.311000000544E-14,-1.,-5.948E-12));
#6591 = ADVANCED_FACE('',(#6592),#6612,.F.);
#6592 = FACE_BOUND('',#6593,.T.);
#6593 = EDGE_LOOP('',(#6594,#6603,#6604,#6605));
#6594 = ORIENTED_EDGE('',*,*,#6595,.F.);
#6595 = EDGE_CURVE('',#4072,#6596,#6598,.T.);
#6596 = VERTEX_POINT('',#6597);
#6597 = CARTESIAN_POINT('',(-69.59599999998,-33.782,9.525));
#6598 = CIRCLE('',#6599,0.508);
#6599 = AXIS2_PLACEMENT_3D('',#6600,#6601,#6602);
#6600 = CARTESIAN_POINT('',(-69.59599999998,-33.782,10.033));
#6601 = DIRECTION('',(-2.311E-14,-1.,2.797E-14));
#6602 = DIRECTION('',(9.1509E-13,2.796999999998E-14,1.));
#6603 = ORIENTED_EDGE('',*,*,#4071,.T.);
#6604 = ORIENTED_EDGE('',*,*,#6553,.T.);
#6605 = ORIENTED_EDGE('',*,*,#6606,.F.);
#6606 = EDGE_CURVE('',#6596,#6546,#6607,.T.);
#6607 = CIRCLE('',#6608,0.508);
#6608 = AXIS2_PLACEMENT_3D('',#6609,#6610,#6611);
#6609 = CARTESIAN_POINT('',(-69.59599999998,-33.782,9.017));
#6610 = DIRECTION('',(1.,-2.311E-14,-9.1509E-13));
#6611 = DIRECTION('',(9.1509E-13,2.797E-14,1.));
#6612 = TOROIDAL_SURFACE('',#6613,1.016,0.508);
#6613 = AXIS2_PLACEMENT_3D('',#6614,#6615,#6616);
#6614 = CARTESIAN_POINT('',(-69.59599999998,-33.782,9.017));
#6615 = DIRECTION('',(-1.,2.311E-14,9.1509E-13));
#6616 = DIRECTION('',(9.1509E-13,2.797E-14,1.));
#6617 = ADVANCED_FACE('',(#6618),#6637,.F.);
#6618 = FACE_BOUND('',#6619,.T.);
#6619 = EDGE_LOOP('',(#6620,#6629,#6635,#6636));
#6620 = ORIENTED_EDGE('',*,*,#6621,.T.);
#6621 = EDGE_CURVE('',#4106,#6622,#6624,.T.);
#6622 = VERTEX_POINT('',#6623);
#6623 = CARTESIAN_POINT('',(-69.59599999998,33.782,7.239));
#6624 = CIRCLE('',#6625,0.508);
#6625 = AXIS2_PLACEMENT_3D('',#6626,#6627,#6628);
#6626 = CARTESIAN_POINT('',(-69.59599999998,33.782,6.731000000003));
#6627 = DIRECTION('',(2.311E-14,1.,-1.3987E-13));
#6628 = DIRECTION('',(-9.1509E-13,-1.3987E-13,-1.));
#6629 = ORIENTED_EDGE('',*,*,#6630,.T.);
#6630 = EDGE_CURVE('',#6622,#6572,#6631,.T.);
#6631 = LINE('',#6632,#6633);
#6632 = CARTESIAN_POINT('',(-69.59599999998,34.29,7.239));
#6633 = VECTOR('',#6634,1.);
#6634 = DIRECTION('',(0.,-1.,0.));
#6635 = ORIENTED_EDGE('',*,*,#6571,.F.);
#6636 = ORIENTED_EDGE('',*,*,#4114,.F.);
#6637 = CYLINDRICAL_SURFACE('',#6638,0.508);
#6638 = AXIS2_PLACEMENT_3D('',#6639,#6640,#6641);
#6639 = CARTESIAN_POINT('',(-69.59599999998,34.29,6.731));
#6640 = DIRECTION('',(0.,-1.,0.));
#6641 = DIRECTION('',(-1.,0.,9.1509E-13));
#6642 = ADVANCED_FACE('',(#6643),#6662,.F.);
#6643 = FACE_BOUND('',#6644,.F.);
#6644 = EDGE_LOOP('',(#6645,#6654,#6660,#6661));
#6645 = ORIENTED_EDGE('',*,*,#6646,.T.);
#6646 = EDGE_CURVE('',#4081,#6647,#6649,.T.);
#6647 = VERTEX_POINT('',#6648);
#6648 = CARTESIAN_POINT('',(-69.59599999998,33.782,9.525));
#6649 = CIRCLE('',#6650,0.508);
#6650 = AXIS2_PLACEMENT_3D('',#6651,#6652,#6653);
#6651 = CARTESIAN_POINT('',(-69.59599999998,33.782000000005,
    10.033000000003));
#6652 = DIRECTION('',(-2.311E-14,-1.,5.02952E-12));
#6653 = DIRECTION('',(9.1509E-13,5.02952E-12,1.));
#6654 = ORIENTED_EDGE('',*,*,#6655,.T.);
#6655 = EDGE_CURVE('',#6647,#6596,#6656,.T.);
#6656 = LINE('',#6657,#6658);
#6657 = CARTESIAN_POINT('',(-69.59599999998,34.29,9.525));
#6658 = VECTOR('',#6659,1.);
#6659 = DIRECTION('',(0.,-1.,0.));
#6660 = ORIENTED_EDGE('',*,*,#6595,.F.);
#6661 = ORIENTED_EDGE('',*,*,#4080,.F.);
#6662 = CYLINDRICAL_SURFACE('',#6663,0.508);
#6663 = AXIS2_PLACEMENT_3D('',#6664,#6665,#6666);
#6664 = CARTESIAN_POINT('',(-69.59599999998,34.29,10.033));
#6665 = DIRECTION('',(0.,-1.,0.));
#6666 = DIRECTION('',(-1.,0.,9.1509E-13));
#6667 = ADVANCED_FACE('',(#6668),#6688,.F.);
#6668 = FACE_BOUND('',#6669,.T.);
#6669 = EDGE_LOOP('',(#6670,#6671,#6672,#6681));
#6670 = ORIENTED_EDGE('',*,*,#6621,.F.);
#6671 = ORIENTED_EDGE('',*,*,#4105,.T.);
#6672 = ORIENTED_EDGE('',*,*,#6673,.T.);
#6673 = EDGE_CURVE('',#4098,#6674,#6676,.T.);
#6674 = VERTEX_POINT('',#6675);
#6675 = CARTESIAN_POINT('',(-69.59599999998,34.29,7.747));
#6676 = CIRCLE('',#6677,0.508);
#6677 = AXIS2_PLACEMENT_3D('',#6678,#6679,#6680);
#6678 = CARTESIAN_POINT('',(-69.59599999998,34.798,7.747000000003));
#6679 = DIRECTION('',(9.1509E-13,1.1684E-13,1.));
#6680 = DIRECTION('',(2.311E-14,1.,-1.1684E-13));
#6681 = ORIENTED_EDGE('',*,*,#6682,.F.);
#6682 = EDGE_CURVE('',#6622,#6674,#6683,.T.);
#6683 = CIRCLE('',#6684,0.508);
#6684 = AXIS2_PLACEMENT_3D('',#6685,#6686,#6687);
#6685 = CARTESIAN_POINT('',(-69.59599999998,33.782,7.747000000003));
#6686 = DIRECTION('',(1.,-2.311E-14,-9.1509E-13));
#6687 = DIRECTION('',(-9.1509E-13,-1.3987E-13,-1.));
#6688 = TOROIDAL_SURFACE('',#6689,1.016,0.508);
#6689 = AXIS2_PLACEMENT_3D('',#6690,#6691,#6692);
#6690 = CARTESIAN_POINT('',(-69.59599999998,33.782,7.747000000003));
#6691 = DIRECTION('',(-1.,2.311E-14,9.1509E-13));
#6692 = DIRECTION('',(-9.1509E-13,-1.3987E-13,-1.));
#6693 = ADVANCED_FACE('',(#6694),#6714,.F.);
#6694 = FACE_BOUND('',#6695,.T.);
#6695 = EDGE_LOOP('',(#6696,#6705,#6706,#6707));
#6696 = ORIENTED_EDGE('',*,*,#6697,.F.);
#6697 = EDGE_CURVE('',#4089,#6698,#6700,.T.);
#6698 = VERTEX_POINT('',#6699);
#6699 = CARTESIAN_POINT('',(-69.59599999998,34.29,9.017));
#6700 = CIRCLE('',#6701,0.508);
#6701 = AXIS2_PLACEMENT_3D('',#6702,#6703,#6704);
#6702 = CARTESIAN_POINT('',(-69.59599999998,34.798,9.016999999997));
#6703 = DIRECTION('',(9.1509E-13,5.9445E-12,1.));
#6704 = DIRECTION('',(2.311E-14,1.,-5.9445E-12));
#6705 = ORIENTED_EDGE('',*,*,#4088,.T.);
#6706 = ORIENTED_EDGE('',*,*,#6646,.T.);
#6707 = ORIENTED_EDGE('',*,*,#6708,.F.);
#6708 = EDGE_CURVE('',#6698,#6647,#6709,.T.);
#6709 = CIRCLE('',#6710,0.508);
#6710 = AXIS2_PLACEMENT_3D('',#6711,#6712,#6713);
#6711 = CARTESIAN_POINT('',(-69.59599999998,33.782,9.017000000003));
#6712 = DIRECTION('',(1.,-2.311E-14,-9.1509E-13));
#6713 = DIRECTION('',(2.310999999456E-14,1.,-5.9445E-12));
#6714 = TOROIDAL_SURFACE('',#6715,1.016,0.508);
#6715 = AXIS2_PLACEMENT_3D('',#6716,#6717,#6718);
#6716 = CARTESIAN_POINT('',(-69.59599999998,33.782,9.017000000003));
#6717 = DIRECTION('',(-1.,2.311E-14,9.1509E-13));
#6718 = DIRECTION('',(2.310999999456E-14,1.,-5.9445E-12));
#6719 = ADVANCED_FACE('',(#6720),#6731,.F.);
#6720 = FACE_BOUND('',#6721,.F.);
#6721 = EDGE_LOOP('',(#6722,#6723,#6729,#6730));
#6722 = ORIENTED_EDGE('',*,*,#6673,.T.);
#6723 = ORIENTED_EDGE('',*,*,#6724,.T.);
#6724 = EDGE_CURVE('',#6674,#6698,#6725,.T.);
#6725 = LINE('',#6726,#6727);
#6726 = CARTESIAN_POINT('',(-69.59599999998,34.29,7.239));
#6727 = VECTOR('',#6728,1.);
#6728 = DIRECTION('',(0.,0.,1.));
#6729 = ORIENTED_EDGE('',*,*,#6697,.F.);
#6730 = ORIENTED_EDGE('',*,*,#4097,.F.);
#6731 = CYLINDRICAL_SURFACE('',#6732,0.508);
#6732 = AXIS2_PLACEMENT_3D('',#6733,#6734,#6735);
#6733 = CARTESIAN_POINT('',(-69.59599999998,34.798,7.239));
#6734 = DIRECTION('',(0.,0.,1.));
#6735 = DIRECTION('',(-1.,2.311E-14,0.));
#6736 = ADVANCED_FACE('',(#6737),#6756,.T.);
#6737 = FACE_BOUND('',#6738,.F.);
#6738 = EDGE_LOOP('',(#6739,#6748,#6754,#6755));
#6739 = ORIENTED_EDGE('',*,*,#6740,.T.);
#6740 = EDGE_CURVE('',#4138,#6741,#6743,.T.);
#6741 = VERTEX_POINT('',#6742);
#6742 = CARTESIAN_POINT('',(-66.802,33.782,5.334));
#6743 = CIRCLE('',#6744,0.508);
#6744 = AXIS2_PLACEMENT_3D('',#6745,#6746,#6747);
#6745 = CARTESIAN_POINT('',(-66.802,33.782,4.826));
#6746 = DIRECTION('',(1.,0.,-6.E-17));
#6747 = DIRECTION('',(6.E-17,0.,1.));
#6748 = ORIENTED_EDGE('',*,*,#6749,.T.);
#6749 = EDGE_CURVE('',#6741,#6450,#6750,.T.);
#6750 = LINE('',#6751,#6752);
#6751 = CARTESIAN_POINT('',(-66.294,33.782,5.334));
#6752 = VECTOR('',#6753,1.);
#6753 = DIRECTION('',(-1.,-0.,-0.));
#6754 = ORIENTED_EDGE('',*,*,#6460,.T.);
#6755 = ORIENTED_EDGE('',*,*,#4145,.F.);
#6756 = CYLINDRICAL_SURFACE('',#6757,0.508);
#6757 = AXIS2_PLACEMENT_3D('',#6758,#6759,#6760);
#6758 = CARTESIAN_POINT('',(-66.294,33.782,4.826));
#6759 = DIRECTION('',(-1.,-0.,-0.));
#6760 = DIRECTION('',(0.,1.,0.));
#6761 = ADVANCED_FACE('',(#6762),#6773,.T.);
#6762 = FACE_BOUND('',#6763,.T.);
#6763 = EDGE_LOOP('',(#6764,#6765,#6766));
#6764 = ORIENTED_EDGE('',*,*,#4178,.F.);
#6765 = ORIENTED_EDGE('',*,*,#6740,.T.);
#6766 = ORIENTED_EDGE('',*,*,#6767,.F.);
#6767 = EDGE_CURVE('',#4171,#6741,#6768,.T.);
#6768 = CIRCLE('',#6769,0.508);
#6769 = AXIS2_PLACEMENT_3D('',#6770,#6771,#6772);
#6770 = CARTESIAN_POINT('',(-66.802,33.782,4.826));
#6771 = DIRECTION('',(0.,-1.,0.));
#6772 = DIRECTION('',(1.,0.,0.));
#6773 = SPHERICAL_SURFACE('',#6774,0.508);
#6774 = AXIS2_PLACEMENT_3D('',#6775,#6776,#6777);
#6775 = CARTESIAN_POINT('',(-66.802,33.782,4.826));
#6776 = DIRECTION('',(0.,-1.,0.));
#6777 = DIRECTION('',(1.,0.,0.));
#6778 = ADVANCED_FACE('',(#6779),#6798,.T.);
#6779 = FACE_BOUND('',#6780,.F.);
#6780 = EDGE_LOOP('',(#6781,#6790,#6796,#6797));
#6781 = ORIENTED_EDGE('',*,*,#6782,.T.);
#6782 = EDGE_CURVE('',#4194,#6783,#6785,.T.);
#6783 = VERTEX_POINT('',#6784);
#6784 = CARTESIAN_POINT('',(-66.802,-33.782,5.334));
#6785 = CIRCLE('',#6786,0.508);
#6786 = AXIS2_PLACEMENT_3D('',#6787,#6788,#6789);
#6787 = CARTESIAN_POINT('',(-66.802,-33.782,4.826));
#6788 = DIRECTION('',(-0.,-1.,-6.E-17));
#6789 = DIRECTION('',(0.,-6.E-17,1.));
#6790 = ORIENTED_EDGE('',*,*,#6791,.T.);
#6791 = EDGE_CURVE('',#6783,#6741,#6792,.T.);
#6792 = LINE('',#6793,#6794);
#6793 = CARTESIAN_POINT('',(-66.802,-34.29,5.334));
#6794 = VECTOR('',#6795,1.);
#6795 = DIRECTION('',(0.,1.,0.));
#6796 = ORIENTED_EDGE('',*,*,#6767,.F.);
#6797 = ORIENTED_EDGE('',*,*,#4201,.F.);
#6798 = CYLINDRICAL_SURFACE('',#6799,0.508);
#6799 = AXIS2_PLACEMENT_3D('',#6800,#6801,#6802);
#6800 = CARTESIAN_POINT('',(-66.802,-34.29,4.826));
#6801 = DIRECTION('',(0.,1.,0.));
#6802 = DIRECTION('',(1.,0.,0.));
#6803 = ADVANCED_FACE('',(#6804),#6815,.T.);
#6804 = FACE_BOUND('',#6805,.T.);
#6805 = EDGE_LOOP('',(#6806,#6807,#6808));
#6806 = ORIENTED_EDGE('',*,*,#4227,.F.);
#6807 = ORIENTED_EDGE('',*,*,#6782,.T.);
#6808 = ORIENTED_EDGE('',*,*,#6809,.F.);
#6809 = EDGE_CURVE('',#4220,#6783,#6810,.T.);
#6810 = CIRCLE('',#6811,0.508);
#6811 = AXIS2_PLACEMENT_3D('',#6812,#6813,#6814);
#6812 = CARTESIAN_POINT('',(-66.802,-33.782,4.826));
#6813 = DIRECTION('',(-1.,0.,0.));
#6814 = DIRECTION('',(0.,-1.,0.));
#6815 = SPHERICAL_SURFACE('',#6816,0.508);
#6816 = AXIS2_PLACEMENT_3D('',#6817,#6818,#6819);
#6817 = CARTESIAN_POINT('',(-66.802,-33.782,4.826));
#6818 = DIRECTION('',(-1.,0.,0.));
#6819 = DIRECTION('',(0.,-1.,0.));
#6820 = ADVANCED_FACE('',(#6821),#6840,.F.);
#6821 = FACE_BOUND('',#6822,.F.);
#6822 = EDGE_LOOP('',(#6823,#6824,#6833,#6839));
#6823 = ORIENTED_EDGE('',*,*,#6370,.F.);
#6824 = ORIENTED_EDGE('',*,*,#6825,.T.);
#6825 = EDGE_CURVE('',#6371,#6826,#6828,.T.);
#6826 = VERTEX_POINT('',#6827);
#6827 = CARTESIAN_POINT('',(70.611999999979,-12.18254323353,15.113));
#6828 = CIRCLE('',#6829,0.508);
#6829 = AXIS2_PLACEMENT_3D('',#6830,#6831,#6832);
#6830 = CARTESIAN_POINT('',(70.611999999978,-12.18254323353,15.621));
#6831 = DIRECTION('',(1.,2.311E-14,9.1509E-13));
#6832 = DIRECTION('',(2.591652658284E-13,-0.965925826289,-0.258819045103
    ));
#6833 = ORIENTED_EDGE('',*,*,#6834,.T.);
#6834 = EDGE_CURVE('',#6826,#4276,#6835,.T.);
#6835 = LINE('',#6836,#6837);
#6836 = CARTESIAN_POINT('',(70.103999999979,-12.18254323353,15.113));
#6837 = VECTOR('',#6838,1.);
#6838 = DIRECTION('',(1.,0.,0.));
#6839 = ORIENTED_EDGE('',*,*,#4284,.F.);
#6840 = CYLINDRICAL_SURFACE('',#6841,0.508);
#6841 = AXIS2_PLACEMENT_3D('',#6842,#6843,#6844);
#6842 = CARTESIAN_POINT('',(70.103999999979,-12.18254323353,15.621));
#6843 = DIRECTION('',(1.,0.,0.));
#6844 = DIRECTION('',(0.,-0.965925826289,-0.258819045103));
#6845 = ADVANCED_FACE('',(#6846),#6891,.T.);
#6846 = FACE_BOUND('',#6847,.T.);
#6847 = EDGE_LOOP('',(#6848,#6849,#6850,#6851,#6866,#6885));
#6848 = ORIENTED_EDGE('',*,*,#6834,.T.);
#6849 = ORIENTED_EDGE('',*,*,#4300,.T.);
#6850 = ORIENTED_EDGE('',*,*,#4499,.F.);
#6851 = ORIENTED_EDGE('',*,*,#6852,.F.);
#6852 = EDGE_CURVE('',#6853,#4500,#6855,.T.);
#6853 = VERTEX_POINT('',#6854);
#6854 = CARTESIAN_POINT('',(70.597569045382,34.45677644343,15.113));
#6855 = ( BOUNDED_CURVE() B_SPLINE_CURVE(9,(#6856,#6857,#6858,#6859,
    #6860,#6861,#6862,#6863,#6864,#6865),.UNSPECIFIED.,.F.,.F.) 
B_SPLINE_CURVE_WITH_KNOTS((10,10),(305.52912905145,305.898336221),
.PIECEWISE_BEZIER_KNOTS.) CURVE() GEOMETRIC_REPRESENTATION_ITEM() 
RATIONAL_B_SPLINE_CURVE((1.,1.,1.,1.,1.,1.,1.,1.,1.,1.)) 
REPRESENTATION_ITEM('') );
#6856 = CARTESIAN_POINT('',(70.597569045382,34.45677644343,15.113));
#6857 = CARTESIAN_POINT('',(70.598051307966,34.462728661876,15.113));
#6858 = CARTESIAN_POINT('',(70.601134393975,34.469954930016,15.113));
#6859 = CARTESIAN_POINT('',(70.606654835871,34.478515170452,15.113));
#6860 = CARTESIAN_POINT('',(70.614212090062,34.488524805171,15.113));
#6861 = CARTESIAN_POINT('',(70.623160561577,34.500751949399,15.113));
#6862 = CARTESIAN_POINT('',(70.633616374532,34.51512952058,15.113));
#6863 = CARTESIAN_POINT('',(70.644767452948,34.533104197085,15.113));
#6864 = CARTESIAN_POINT('',(70.658003487227,34.554219988681,15.113));
#6865 = CARTESIAN_POINT('',(70.674735826989,34.57703631416,15.113));
#6866 = ORIENTED_EDGE('',*,*,#6867,.F.);
#6867 = EDGE_CURVE('',#6868,#6853,#6870,.T.);
#6868 = VERTEX_POINT('',#6869);
#6869 = CARTESIAN_POINT('',(70.611999999978,34.440918124405,15.113));
#6870 = ( BOUNDED_CURVE() B_SPLINE_CURVE(7,(#6871,#6872,#6873,#6874,
    #6875,#6876,#6877,#6878,#6879,#6880,#6881,#6882,#6883,#6884),
.UNSPECIFIED.,.F.,.F.) B_SPLINE_CURVE_WITH_KNOTS((8,6,8),(
    305.34844945308,305.51068866347,305.52912905145),.UNSPECIFIED.) 
CURVE() GEOMETRIC_REPRESENTATION_ITEM() RATIONAL_B_SPLINE_CURVE((1.,1.,
1.,1.,1.,1.,1.,1.,1.,1.,1.,1.,1.,1.)) REPRESENTATION_ITEM('') );
#6871 = CARTESIAN_POINT('',(70.611999999978,34.440918124405,15.113));
#6872 = CARTESIAN_POINT('',(70.611999999979,34.442235722495,15.113));
#6873 = CARTESIAN_POINT('',(70.611139793057,34.443574085998,15.113));
#6874 = CARTESIAN_POINT('',(70.610049947837,34.444904097123,15.113));
#6875 = CARTESIAN_POINT('',(70.606516303379,34.446798863764,15.113));
#6876 = CARTESIAN_POINT('',(70.605744185817,34.44848963676,15.113));
#6877 = CARTESIAN_POINT('',(70.597874810414,34.451148247368,15.113));
#6878 = CARTESIAN_POINT('',(70.597545009006,34.454566421588,15.113));
#6879 = CARTESIAN_POINT('',(70.597522091209,34.45492085476,15.113));
#6880 = CARTESIAN_POINT('',(70.597509927302,34.455280854295,15.113));
#6881 = CARTESIAN_POINT('',(70.597508529026,34.455646416561,15.113));
#6882 = CARTESIAN_POINT('',(70.597517908121,34.456017537926,15.113));
#6883 = CARTESIAN_POINT('',(70.597538076326,34.45639421476,15.113));
#6884 = CARTESIAN_POINT('',(70.597569045382,34.45677644343,15.113));
#6885 = ORIENTED_EDGE('',*,*,#6886,.F.);
#6886 = EDGE_CURVE('',#6826,#6868,#6887,.T.);
#6887 = LINE('',#6888,#6889);
#6888 = CARTESIAN_POINT('',(70.611999999979,-12.18254323353,15.113));
#6889 = VECTOR('',#6890,1.);
#6890 = DIRECTION('',(-2.311E-14,1.,0.));
#6891 = PLANE('',#6892);
#6892 = AXIS2_PLACEMENT_3D('',#6893,#6894,#6895);
#6893 = CARTESIAN_POINT('',(-71.628,-12.57234534343,15.113));
#6894 = DIRECTION('',(0.,0.,1.));
#6895 = DIRECTION('',(0.,1.,0.));
#6896 = ADVANCED_FACE('',(#6897),#6922,.F.);
#6897 = FACE_BOUND('',#6898,.T.);
#6898 = EDGE_LOOP('',(#6899,#6900,#6908,#6916));
#6899 = ORIENTED_EDGE('',*,*,#4333,.F.);
#6900 = ORIENTED_EDGE('',*,*,#6901,.T.);
#6901 = EDGE_CURVE('',#4325,#6902,#6904,.T.);
#6902 = VERTEX_POINT('',#6903);
#6903 = CARTESIAN_POINT('',(70.357999999976,-21.72580210989,18.288));
#6904 = LINE('',#6905,#6906);
#6905 = CARTESIAN_POINT('',(71.628,-21.72580210989,18.288));
#6906 = VECTOR('',#6907,1.);
#6907 = DIRECTION('',(-1.,2.2E-16,-2.2E-16));
#6908 = ORIENTED_EDGE('',*,*,#6909,.T.);
#6909 = EDGE_CURVE('',#6902,#6910,#6912,.T.);
#6910 = VERTEX_POINT('',#6911);
#6911 = CARTESIAN_POINT('',(70.357999999976,-28.32980210989,18.288));
#6912 = LINE('',#6913,#6914);
#6913 = CARTESIAN_POINT('',(70.357999999976,-21.72580210989,18.288));
#6914 = VECTOR('',#6915,1.);
#6915 = DIRECTION('',(-2.2E-16,-1.,-0.));
#6916 = ORIENTED_EDGE('',*,*,#6917,.F.);
#6917 = EDGE_CURVE('',#4334,#6910,#6918,.T.);
#6918 = LINE('',#6919,#6920);
#6919 = CARTESIAN_POINT('',(71.628,-28.32980210989,18.288));
#6920 = VECTOR('',#6921,1.);
#6921 = DIRECTION('',(-1.,2.2E-16,-2.2E-16));
#6922 = PLANE('',#6923);
#6923 = AXIS2_PLACEMENT_3D('',#6924,#6925,#6926);
#6924 = CARTESIAN_POINT('',(71.628,-21.72580210989,18.288));
#6925 = DIRECTION('',(2.2E-16,0.,-1.));
#6926 = DIRECTION('',(2.2E-16,1.,4.84E-32));
#6927 = ADVANCED_FACE('',(#6928),#6946,.F.);
#6928 = FACE_BOUND('',#6929,.T.);
#6929 = EDGE_LOOP('',(#6930,#6931,#6932,#6940));
#6930 = ORIENTED_EDGE('',*,*,#4358,.F.);
#6931 = ORIENTED_EDGE('',*,*,#6917,.T.);
#6932 = ORIENTED_EDGE('',*,*,#6933,.T.);
#6933 = EDGE_CURVE('',#6910,#6934,#6936,.T.);
#6934 = VERTEX_POINT('',#6935);
#6935 = CARTESIAN_POINT('',(70.357999999976,-28.32980210989,20.955));
#6936 = LINE('',#6937,#6938);
#6937 = CARTESIAN_POINT('',(70.357999999976,-28.32980210989,18.288));
#6938 = VECTOR('',#6939,1.);
#6939 = DIRECTION('',(-2.2E-16,0.,1.));
#6940 = ORIENTED_EDGE('',*,*,#6941,.F.);
#6941 = EDGE_CURVE('',#4359,#6934,#6942,.T.);
#6942 = LINE('',#6943,#6944);
#6943 = CARTESIAN_POINT('',(71.628,-28.32980210989,20.955));
#6944 = VECTOR('',#6945,1.);
#6945 = DIRECTION('',(-1.,2.2E-16,-2.2E-16));
#6946 = PLANE('',#6947);
#6947 = AXIS2_PLACEMENT_3D('',#6948,#6949,#6950);
#6948 = CARTESIAN_POINT('',(71.628,-28.32980210989,18.288));
#6949 = DIRECTION('',(-2.2E-16,-1.,-0.));
#6950 = DIRECTION('',(2.2E-16,-4.84E-32,-1.));
#6951 = ADVANCED_FACE('',(#6952),#6970,.F.);
#6952 = FACE_BOUND('',#6953,.T.);
#6953 = EDGE_LOOP('',(#6954,#6955,#6956,#6964));
#6954 = ORIENTED_EDGE('',*,*,#4383,.F.);
#6955 = ORIENTED_EDGE('',*,*,#6941,.T.);
#6956 = ORIENTED_EDGE('',*,*,#6957,.T.);
#6957 = EDGE_CURVE('',#6934,#6958,#6960,.T.);
#6958 = VERTEX_POINT('',#6959);
#6959 = CARTESIAN_POINT('',(70.357999999974,-21.72580210989,20.955));
#6960 = LINE('',#6961,#6962);
#6961 = CARTESIAN_POINT('',(70.357999999974,-28.32980210989,20.955));
#6962 = VECTOR('',#6963,1.);
#6963 = DIRECTION('',(2.2E-16,1.,0.));
#6964 = ORIENTED_EDGE('',*,*,#6965,.F.);
#6965 = EDGE_CURVE('',#4384,#6958,#6966,.T.);
#6966 = LINE('',#6967,#6968);
#6967 = CARTESIAN_POINT('',(71.628,-21.72580210989,20.955));
#6968 = VECTOR('',#6969,1.);
#6969 = DIRECTION('',(-1.,2.2E-16,-2.2E-16));
#6970 = PLANE('',#6971);
#6971 = AXIS2_PLACEMENT_3D('',#6972,#6973,#6974);
#6972 = CARTESIAN_POINT('',(71.628,-28.32980210989,20.955));
#6973 = DIRECTION('',(-2.2E-16,0.,1.));
#6974 = DIRECTION('',(-2.2E-16,-1.,-4.84E-32));
#6975 = ADVANCED_FACE('',(#6976),#6987,.F.);
#6976 = FACE_BOUND('',#6977,.T.);
#6977 = EDGE_LOOP('',(#6978,#6979,#6980,#6986));
#6978 = ORIENTED_EDGE('',*,*,#4408,.F.);
#6979 = ORIENTED_EDGE('',*,*,#6965,.T.);
#6980 = ORIENTED_EDGE('',*,*,#6981,.T.);
#6981 = EDGE_CURVE('',#6958,#6902,#6982,.T.);
#6982 = LINE('',#6983,#6984);
#6983 = CARTESIAN_POINT('',(70.357999999974,-21.72580210989,20.955));
#6984 = VECTOR('',#6985,1.);
#6985 = DIRECTION('',(2.2E-16,0.,-1.));
#6986 = ORIENTED_EDGE('',*,*,#6901,.F.);
#6987 = PLANE('',#6988);
#6988 = AXIS2_PLACEMENT_3D('',#6989,#6990,#6991);
#6989 = CARTESIAN_POINT('',(71.628,-21.72580210989,20.955));
#6990 = DIRECTION('',(2.2E-16,1.,0.));
#6991 = DIRECTION('',(-2.2E-16,4.84E-32,1.));
#6992 = ADVANCED_FACE('',(#6993),#7004,.T.);
#6993 = FACE_BOUND('',#6994,.T.);
#6994 = EDGE_LOOP('',(#6995,#6996,#6997,#7003));
#6995 = ORIENTED_EDGE('',*,*,#4450,.F.);
#6996 = ORIENTED_EDGE('',*,*,#6809,.T.);
#6997 = ORIENTED_EDGE('',*,*,#6998,.T.);
#6998 = EDGE_CURVE('',#6783,#6476,#6999,.T.);
#6999 = LINE('',#7000,#7001);
#7000 = CARTESIAN_POINT('',(-66.294,-33.782,5.334));
#7001 = VECTOR('',#7002,1.);
#7002 = DIRECTION('',(-1.,-0.,-0.));
#7003 = ORIENTED_EDGE('',*,*,#6509,.T.);
#7004 = CYLINDRICAL_SURFACE('',#7005,0.508);
#7005 = AXIS2_PLACEMENT_3D('',#7006,#7007,#7008);
#7006 = CARTESIAN_POINT('',(-66.294,-33.782,4.826));
#7007 = DIRECTION('',(-1.,-0.,-0.));
#7008 = DIRECTION('',(0.,-1.,0.));
#7009 = ADVANCED_FACE('',(#7010),#7020,.T.);
#7010 = FACE_BOUND('',#7011,.T.);
#7011 = EDGE_LOOP('',(#7012,#7018,#7019));
#7012 = ORIENTED_EDGE('',*,*,#7013,.T.);
#7013 = EDGE_CURVE('',#4541,#4500,#7014,.T.);
#7014 = ( BOUNDED_CURVE() B_SPLINE_CURVE(2,(#7015,#7016,#7017),
.UNSPECIFIED.,.F.,.F.) B_SPLINE_CURVE_WITH_KNOTS((3,3),(0.,0.36920716955
),.PIECEWISE_BEZIER_KNOTS.) CURVE() GEOMETRIC_REPRESENTATION_ITEM() 
RATIONAL_B_SPLINE_CURVE((1.,0.637758569441,1.)) REPRESENTATION_ITEM('') 
  );
#7015 = CARTESIAN_POINT('',(70.12140841937,34.720616902441,
    14.57857158986));
#7016 = CARTESIAN_POINT('',(70.231407190483,35.001148521992,15.113));
#7017 = CARTESIAN_POINT('',(70.674735826989,34.57703631416,15.113));
#7018 = ORIENTED_EDGE('',*,*,#4509,.T.);
#7019 = ORIENTED_EDGE('',*,*,#4540,.F.);
#7020 = ( BOUNDED_SURFACE() B_SPLINE_SURFACE(2,9,(
    (#7021,#7022,#7023,#7024,#7025,#7026,#7027,#7028,#7029,#7030)
    ,(#7031,#7032,#7033,#7034,#7035,#7036,#7037,#7038,#7039,#7040)
    ,(#7041,#7042,#7043,#7044,#7045,#7046,#7047,#7048,#7049,#7050
)),.UNSPECIFIED.,.F.,.F.,.F.) B_SPLINE_SURFACE_WITH_KNOTS((3,3),(10,10),
  (0.,0.423547244326),(305.898336221,306.32188346533),
.PIECEWISE_BEZIER_KNOTS.) GEOMETRIC_REPRESENTATION_ITEM() 
RATIONAL_B_SPLINE_SURFACE((
    (1.,1.,1.,1.,1.000000000001,1.,1.,1.,1.,1.)
    ,(0.637758569441,0.683901269386,0.747594058906,0.81565054412
      ,0.871924862038,0.923446505002,0.960792348236,0.987079191589,1.,1.
      )
,(1.,1.,1.,1.,1.000000000001,1.,1.,1.,1.,1.
))) REPRESENTATION_ITEM('') SURFACE() );
#7021 = CARTESIAN_POINT('',(70.12140841937,34.720616902441,
    14.57857158986));
#7022 = CARTESIAN_POINT('',(70.136073122438,34.770023564884,
    14.605009097155));
#7023 = CARTESIAN_POINT('',(70.16100289291,34.829125316889,
    14.638088796251));
#7024 = CARTESIAN_POINT('',(70.200074289924,34.890964045938,
    14.669954374595));
#7025 = CARTESIAN_POINT('',(70.252130654588,34.945214156326,
    14.693194517786));
#7026 = CARTESIAN_POINT('',(70.313531979135,34.993172434124,
    14.712811258206));
#7027 = CARTESIAN_POINT('',(70.383167832466,35.029666952192,
    14.72516285096));
#7028 = CARTESIAN_POINT('',(70.457677026447,35.055013260096,
    14.733097023403));
#7029 = CARTESIAN_POINT('',(70.534844682592,35.067726633901,
    14.73648007491));
#7030 = CARTESIAN_POINT('',(70.611999999978,35.067726633915,
    14.736480074912));
#7031 = CARTESIAN_POINT('',(70.231407190483,35.001148521992,15.113));
#7032 = CARTESIAN_POINT('',(70.276999933723,35.013279151438,
    15.068801024965));
#7033 = CARTESIAN_POINT('',(70.324312991344,35.012102502844,
    15.019392750914));
#7034 = CARTESIAN_POINT('',(70.368845143311,35.011065673151,
    14.973042478223));
#7035 = CARTESIAN_POINT('',(70.410849440534,35.019109879115,
    14.931692568968));
#7036 = CARTESIAN_POINT('',(70.45247648203,35.026316799888,
    14.890538433691));
#7037 = CARTESIAN_POINT('',(70.493416861923,35.037254907393,
    14.851080500066));
#7038 = CARTESIAN_POINT('',(70.533829008663,35.047452440558,
    14.811976351263));
#7039 = CARTESIAN_POINT('',(70.573422341286,35.057742001115,
    14.77374323176));
#7040 = CARTESIAN_POINT('',(70.611999999931,35.067726633903,
    14.736480074958));
#7041 = CARTESIAN_POINT('',(70.674735826989,34.57703631416,15.113));
#7042 = CARTESIAN_POINT('',(70.661947180328,34.633808059234,15.113));
#7043 = CARTESIAN_POINT('',(70.645275290431,34.703805430177,
    15.105895689338));
#7044 = CARTESIAN_POINT('',(70.630516845453,34.77955235065,
    15.085705197159));
#7045 = CARTESIAN_POINT('',(70.622096820452,34.849460113167,
    15.050570496206));
#7046 = CARTESIAN_POINT('',(70.615569080961,34.915000400889,
    15.004548341213));
#7047 = CARTESIAN_POINT('',(70.613080025199,34.970160703415,
    14.947243931572));
#7048 = CARTESIAN_POINT('',(70.611977497626,35.015077505136,
    14.882139292558));
#7049 = CARTESIAN_POINT('',(70.61199999998,35.04775736833,
    14.811006388609));
#7050 = CARTESIAN_POINT('',(70.611999999978,35.067726633915,
    14.736480074912));
#7051 = ADVANCED_FACE('',(#7052),#7063,.T.);
#7052 = FACE_BOUND('',#7053,.T.);
#7053 = EDGE_LOOP('',(#7054,#7060,#7061,#7062));
#7054 = ORIENTED_EDGE('',*,*,#7055,.T.);
#7055 = EDGE_CURVE('',#4531,#6853,#7056,.T.);
#7056 = ( BOUNDED_CURVE() B_SPLINE_CURVE(2,(#7057,#7058,#7059),
.UNSPECIFIED.,.F.,.F.) B_SPLINE_CURVE_WITH_KNOTS((3,3),(0.,
0.180679598378),.PIECEWISE_BEZIER_KNOTS.) CURVE() 
GEOMETRIC_REPRESENTATION_ITEM() RATIONAL_B_SPLINE_CURVE((1.,
0.703306510961,1.)) REPRESENTATION_ITEM('') );
#7057 = CARTESIAN_POINT('',(70.103999999978,34.578399379904,
    14.599912969388));
#7058 = CARTESIAN_POINT('',(70.103999999978,34.598361731845,15.113));
#7059 = CARTESIAN_POINT('',(70.597569045382,34.45677644343,15.113));
#7060 = ORIENTED_EDGE('',*,*,#6852,.T.);
#7061 = ORIENTED_EDGE('',*,*,#7013,.F.);
#7062 = ORIENTED_EDGE('',*,*,#4555,.F.);
#7063 = ( BOUNDED_SURFACE() B_SPLINE_SURFACE(2,9,(
    (#7064,#7065,#7066,#7067,#7068,#7069,#7070,#7071,#7072,#7073)
    ,(#7074,#7075,#7076,#7077,#7078,#7079,#7080,#7081,#7082,#7083)
    ,(#7084,#7085,#7086,#7087,#7088,#7089,#7090,#7091,#7092,#7093
)),.UNSPECIFIED.,.F.,.F.,.F.) B_SPLINE_SURFACE_WITH_KNOTS((3,3),(10,10),
  (0.,0.36920716955),(305.52912905145,305.898336221),
.PIECEWISE_BEZIER_KNOTS.) GEOMETRIC_REPRESENTATION_ITEM() 
RATIONAL_B_SPLINE_SURFACE((
    (1.,1.,1.,1.,1.,1.,1.,1.,1.,1.)
    ,(0.703306510961,0.698231288729,0.689997779364,0.679294952261
      ,0.66464782277,0.651981224688,0.634704069008,0.625086374682
      ,0.626786300505,0.637758569441)
,(1.,1.,1.,1.,1.,1.,1.,1.,1.,1.))) REPRESENTATION_ITEM('') SURFACE() );
#7064 = CARTESIAN_POINT('',(70.103999999978,34.578399379904,
    14.599912969388));
#7065 = CARTESIAN_POINT('',(70.103999999978,34.586535705422,
    14.593713426219));
#7066 = CARTESIAN_POINT('',(70.104094183365,34.592793730831,
    14.584917960197));
#7067 = CARTESIAN_POINT('',(70.104097363568,34.599241281078,
    14.574745105096));
#7068 = CARTESIAN_POINT('',(70.104405915955,34.605009259881,
    14.562363085317));
#7069 = CARTESIAN_POINT('',(70.104046246894,34.615552317206,
    14.553623102968));
#7070 = CARTESIAN_POINT('',(70.105351331895,34.625233749776,
    14.543035298543));
#7071 = CARTESIAN_POINT('',(70.104754920122,34.644607471499,
    14.542862193275));
#7072 = CARTESIAN_POINT('',(70.108625161813,34.677548993861,
    14.555525950043));
#7073 = CARTESIAN_POINT('',(70.12140841937,34.720616902441,
    14.57857158986));
#7074 = CARTESIAN_POINT('',(70.103999999978,34.598361731845,15.113));
#7075 = CARTESIAN_POINT('',(70.105886013962,34.636022520552,15.113));
#7076 = CARTESIAN_POINT('',(70.107910061752,34.675884752729,15.113));
#7077 = CARTESIAN_POINT('',(70.110700889208,34.718511351213,15.113));
#7078 = CARTESIAN_POINT('',(70.112469918611,34.765799456853,15.113));
#7079 = CARTESIAN_POINT('',(70.119623463433,34.814973226281,15.113));
#7080 = CARTESIAN_POINT('',(70.125263336805,34.871065133178,15.113));
#7081 = CARTESIAN_POINT('',(70.143283714411,34.923706536982,15.113));
#7082 = CARTESIAN_POINT('',(70.17938961453,34.967543484354,15.113));
#7083 = CARTESIAN_POINT('',(70.231407190483,35.001148521992,15.113));
#7084 = CARTESIAN_POINT('',(70.597569045382,34.45677644343,15.113));
#7085 = CARTESIAN_POINT('',(70.598051307966,34.462728661876,15.113));
#7086 = CARTESIAN_POINT('',(70.601134393975,34.469954930016,15.113));
#7087 = CARTESIAN_POINT('',(70.606654835871,34.478515170452,15.113));
#7088 = CARTESIAN_POINT('',(70.614212090062,34.488524805171,15.113));
#7089 = CARTESIAN_POINT('',(70.623160561577,34.500751949399,15.113));
#7090 = CARTESIAN_POINT('',(70.633616374532,34.51512952058,15.113));
#7091 = CARTESIAN_POINT('',(70.644767452948,34.533104197085,15.113));
#7092 = CARTESIAN_POINT('',(70.658003487227,34.554219988681,15.113));
#7093 = CARTESIAN_POINT('',(70.674735826989,34.57703631416,15.113));
#7094 = ADVANCED_FACE('',(#7095),#7107,.T.);
#7095 = FACE_BOUND('',#7096,.F.);
#7096 = EDGE_LOOP('',(#7097,#7104,#7105,#7106));
#7097 = ORIENTED_EDGE('',*,*,#7098,.F.);
#7098 = EDGE_CURVE('',#4588,#5473,#7099,.T.);
#7099 = CIRCLE('',#7100,0.508);
#7100 = AXIS2_PLACEMENT_3D('',#7101,#7102,#7103);
#7101 = CARTESIAN_POINT('',(-52.7812,-45.21199999996,9.467));
#7102 = DIRECTION('',(0.,0.,1.));
#7103 = DIRECTION('',(1.,0.,0.));
#7104 = ORIENTED_EDGE('',*,*,#4587,.F.);
#7105 = ORIENTED_EDGE('',*,*,#7098,.T.);
#7106 = ORIENTED_EDGE('',*,*,#5480,.T.);
#7107 = TOROIDAL_SURFACE('',#7108,2.2098,0.508);
#7108 = AXIS2_PLACEMENT_3D('',#7109,#7110,#7111);
#7109 = CARTESIAN_POINT('',(-54.991,-45.21199999996,9.467));
#7110 = DIRECTION('',(0.,1.,0.));
#7111 = DIRECTION('',(1.,0.,0.));
#7112 = ADVANCED_FACE('',(#7113),#7125,.T.);
#7113 = FACE_BOUND('',#7114,.F.);
#7114 = EDGE_LOOP('',(#7115,#7122,#7123,#7124));
#7115 = ORIENTED_EDGE('',*,*,#7116,.F.);
#7116 = EDGE_CURVE('',#4599,#5498,#7117,.T.);
#7117 = CIRCLE('',#7118,0.508);
#7118 = AXIS2_PLACEMENT_3D('',#7119,#7120,#7121);
#7119 = CARTESIAN_POINT('',(-52.7812,-45.21199999996,14.547));
#7120 = DIRECTION('',(0.,0.,1.));
#7121 = DIRECTION('',(1.,0.,0.));
#7122 = ORIENTED_EDGE('',*,*,#4598,.F.);
#7123 = ORIENTED_EDGE('',*,*,#7116,.T.);
#7124 = ORIENTED_EDGE('',*,*,#5505,.T.);
#7125 = TOROIDAL_SURFACE('',#7126,2.2098,0.508);
#7126 = AXIS2_PLACEMENT_3D('',#7127,#7128,#7129);
#7127 = CARTESIAN_POINT('',(-54.991,-45.21199999996,14.547));
#7128 = DIRECTION('',(0.,1.,0.));
#7129 = DIRECTION('',(1.,0.,0.));
#7130 = ADVANCED_FACE('',(#7131),#7143,.T.);
#7131 = FACE_BOUND('',#7132,.F.);
#7132 = EDGE_LOOP('',(#7133,#7140,#7141,#7142));
#7133 = ORIENTED_EDGE('',*,*,#7134,.F.);
#7134 = EDGE_CURVE('',#4610,#5523,#7135,.T.);
#7135 = CIRCLE('',#7136,0.508);
#7136 = AXIS2_PLACEMENT_3D('',#7137,#7138,#7139);
#7137 = CARTESIAN_POINT('',(-38.148,-45.21199999996,9.952));
#7138 = DIRECTION('',(0.,0.,1.));
#7139 = DIRECTION('',(1.,0.,0.));
#7140 = ORIENTED_EDGE('',*,*,#4609,.F.);
#7141 = ORIENTED_EDGE('',*,*,#7134,.T.);
#7142 = ORIENTED_EDGE('',*,*,#5530,.T.);
#7143 = TOROIDAL_SURFACE('',#7144,2.032,0.508);
#7144 = AXIS2_PLACEMENT_3D('',#7145,#7146,#7147);
#7145 = CARTESIAN_POINT('',(-40.18,-45.21199999996,9.952));
#7146 = DIRECTION('',(0.,1.,0.));
#7147 = DIRECTION('',(1.,0.,0.));
#7148 = ADVANCED_FACE('',(#7149),#7167,.T.);
#7149 = FACE_BOUND('',#7150,.T.);
#7150 = EDGE_LOOP('',(#7151,#7158,#7159,#7166));
#7151 = ORIENTED_EDGE('',*,*,#7152,.T.);
#7152 = EDGE_CURVE('',#4621,#5605,#7153,.T.);
#7153 = CIRCLE('',#7154,0.508);
#7154 = AXIS2_PLACEMENT_3D('',#7155,#7156,#7157);
#7155 = CARTESIAN_POINT('',(-11.165,-45.21199999996,8.007));
#7156 = DIRECTION('',(0.,2.2E-16,1.));
#7157 = DIRECTION('',(0.,1.,-2.2E-16));
#7158 = ORIENTED_EDGE('',*,*,#5653,.T.);
#7159 = ORIENTED_EDGE('',*,*,#7160,.F.);
#7160 = EDGE_CURVE('',#4623,#5654,#7161,.T.);
#7161 = CIRCLE('',#7162,0.508);
#7162 = AXIS2_PLACEMENT_3D('',#7163,#7164,#7165);
#7163 = CARTESIAN_POINT('',(-11.165,-45.21199999996,13.857));
#7164 = DIRECTION('',(0.,2.2E-16,1.));
#7165 = DIRECTION('',(0.,1.,-2.2E-16));
#7166 = ORIENTED_EDGE('',*,*,#4620,.F.);
#7167 = CYLINDRICAL_SURFACE('',#7168,0.508);
#7168 = AXIS2_PLACEMENT_3D('',#7169,#7170,#7171);
#7169 = CARTESIAN_POINT('',(-11.165,-45.21199999996,8.007));
#7170 = DIRECTION('',(0.,2.2E-16,1.));
#7171 = DIRECTION('',(0.,1.,-2.2E-16));
#7172 = ADVANCED_FACE('',(#7173),#7185,.T.);
#7173 = FACE_BOUND('',#7174,.F.);
#7174 = EDGE_LOOP('',(#7175,#7182,#7183,#7184));
#7175 = ORIENTED_EDGE('',*,*,#7176,.F.);
#7176 = EDGE_CURVE('',#4631,#5556,#7177,.T.);
#7177 = CIRCLE('',#7178,0.508);
#7178 = AXIS2_PLACEMENT_3D('',#7179,#7180,#7181);
#7179 = CARTESIAN_POINT('',(-12.435,-45.21199999996,6.737));
#7180 = DIRECTION('',(1.,0.,0.));
#7181 = DIRECTION('',(0.,1.,0.));
#7182 = ORIENTED_EDGE('',*,*,#4630,.T.);
#7183 = ORIENTED_EDGE('',*,*,#7152,.T.);
#7184 = ORIENTED_EDGE('',*,*,#5604,.F.);
#7185 = TOROIDAL_SURFACE('',#7186,1.27,0.508);
#7186 = AXIS2_PLACEMENT_3D('',#7187,#7188,#7189);
#7187 = CARTESIAN_POINT('',(-12.435,-45.21199999996,8.007));
#7188 = DIRECTION('',(0.,1.,0.));
#7189 = DIRECTION('',(2.331E-14,0.,-1.));
#7190 = ADVANCED_FACE('',(#7191),#7203,.T.);
#7191 = FACE_BOUND('',#7192,.F.);
#7192 = EDGE_LOOP('',(#7193,#7194,#7195,#7202));
#7193 = ORIENTED_EDGE('',*,*,#7160,.F.);
#7194 = ORIENTED_EDGE('',*,*,#4681,.T.);
#7195 = ORIENTED_EDGE('',*,*,#7196,.T.);
#7196 = EDGE_CURVE('',#4674,#5703,#7197,.T.);
#7197 = CIRCLE('',#7198,0.508);
#7198 = AXIS2_PLACEMENT_3D('',#7199,#7200,#7201);
#7199 = CARTESIAN_POINT('',(-12.435,-45.21199999996,15.127));
#7200 = DIRECTION('',(-1.,0.,-8.3E-16));
#7201 = DIRECTION('',(-8.3E-16,0.,1.));
#7202 = ORIENTED_EDGE('',*,*,#5702,.F.);
#7203 = TOROIDAL_SURFACE('',#7204,1.27,0.508);
#7204 = AXIS2_PLACEMENT_3D('',#7205,#7206,#7207);
#7205 = CARTESIAN_POINT('',(-12.435,-45.21199999996,13.857));
#7206 = DIRECTION('',(0.,1.,0.));
#7207 = DIRECTION('',(1.,0.,0.));
#7208 = ADVANCED_FACE('',(#7209),#7221,.T.);
#7209 = FACE_BOUND('',#7210,.T.);
#7210 = EDGE_LOOP('',(#7211,#7218,#7219,#7220));
#7211 = ORIENTED_EDGE('',*,*,#7212,.T.);
#7212 = EDGE_CURVE('',#4640,#5548,#7213,.T.);
#7213 = CIRCLE('',#7214,0.508);
#7214 = AXIS2_PLACEMENT_3D('',#7215,#7216,#7217);
#7215 = CARTESIAN_POINT('',(-25.665,-45.21199999996,6.737));
#7216 = DIRECTION('',(1.,0.,-2.493E-14));
#7217 = DIRECTION('',(-2.493E-14,0.,-1.));
#7218 = ORIENTED_EDGE('',*,*,#5555,.T.);
#7219 = ORIENTED_EDGE('',*,*,#7176,.F.);
#7220 = ORIENTED_EDGE('',*,*,#4639,.F.);
#7221 = CYLINDRICAL_SURFACE('',#7222,0.508);
#7222 = AXIS2_PLACEMENT_3D('',#7223,#7224,#7225);
#7223 = CARTESIAN_POINT('',(-25.665,-45.21199999996,6.737));
#7224 = DIRECTION('',(1.,0.,0.));
#7225 = DIRECTION('',(0.,1.,0.));
#7226 = ADVANCED_FACE('',(#7227),#7239,.T.);
#7227 = FACE_BOUND('',#7228,.T.);
#7228 = EDGE_LOOP('',(#7229,#7230,#7231,#7238));
#7229 = ORIENTED_EDGE('',*,*,#7196,.T.);
#7230 = ORIENTED_EDGE('',*,*,#5727,.T.);
#7231 = ORIENTED_EDGE('',*,*,#7232,.F.);
#7232 = EDGE_CURVE('',#4665,#5677,#7233,.T.);
#7233 = CIRCLE('',#7234,0.508);
#7234 = AXIS2_PLACEMENT_3D('',#7235,#7236,#7237);
#7235 = CARTESIAN_POINT('',(-25.665,-45.21199999996,15.127));
#7236 = DIRECTION('',(-1.,0.,0.));
#7237 = DIRECTION('',(0.,1.,0.));
#7238 = ORIENTED_EDGE('',*,*,#4673,.F.);
#7239 = CYLINDRICAL_SURFACE('',#7240,0.508);
#7240 = AXIS2_PLACEMENT_3D('',#7241,#7242,#7243);
#7241 = CARTESIAN_POINT('',(-12.435,-45.21199999996,15.127));
#7242 = DIRECTION('',(-1.,0.,0.));
#7243 = DIRECTION('',(0.,1.,0.));
#7244 = ADVANCED_FACE('',(#7245),#7257,.T.);
#7245 = FACE_BOUND('',#7246,.F.);
#7246 = EDGE_LOOP('',(#7247,#7254,#7255,#7256));
#7247 = ORIENTED_EDGE('',*,*,#7248,.F.);
#7248 = EDGE_CURVE('',#4648,#5579,#7249,.T.);
#7249 = CIRCLE('',#7250,0.508);
#7250 = AXIS2_PLACEMENT_3D('',#7251,#7252,#7253);
#7251 = CARTESIAN_POINT('',(-26.935,-45.21199999996,8.007));
#7252 = DIRECTION('',(0.,-2.2E-16,-1.));
#7253 = DIRECTION('',(0.,1.,-2.2E-16));
#7254 = ORIENTED_EDGE('',*,*,#4647,.T.);
#7255 = ORIENTED_EDGE('',*,*,#7212,.T.);
#7256 = ORIENTED_EDGE('',*,*,#5586,.F.);
#7257 = TOROIDAL_SURFACE('',#7258,1.27,0.508);
#7258 = AXIS2_PLACEMENT_3D('',#7259,#7260,#7261);
#7259 = CARTESIAN_POINT('',(-25.665,-45.21199999996,8.007));
#7260 = DIRECTION('',(0.,1.,0.));
#7261 = DIRECTION('',(-1.,0.,0.));
#7262 = ADVANCED_FACE('',(#7263),#7275,.T.);
#7263 = FACE_BOUND('',#7264,.F.);
#7264 = EDGE_LOOP('',(#7265,#7266,#7267,#7274));
#7265 = ORIENTED_EDGE('',*,*,#7232,.F.);
#7266 = ORIENTED_EDGE('',*,*,#4664,.T.);
#7267 = ORIENTED_EDGE('',*,*,#7268,.T.);
#7268 = EDGE_CURVE('',#4657,#5629,#7269,.T.);
#7269 = CIRCLE('',#7270,0.508);
#7270 = AXIS2_PLACEMENT_3D('',#7271,#7272,#7273);
#7271 = CARTESIAN_POINT('',(-26.935,-45.21199999996,13.857));
#7272 = DIRECTION('',(-5.61E-15,0.,-1.));
#7273 = DIRECTION('',(-1.,0.,5.61E-15));
#7274 = ORIENTED_EDGE('',*,*,#5684,.F.);
#7275 = TOROIDAL_SURFACE('',#7276,1.27,0.508);
#7276 = AXIS2_PLACEMENT_3D('',#7277,#7278,#7279);
#7277 = CARTESIAN_POINT('',(-25.665,-45.21199999996,13.857));
#7278 = DIRECTION('',(0.,1.,0.));
#7279 = DIRECTION('',(4.66E-15,0.,1.));
#7280 = ADVANCED_FACE('',(#7281),#7287,.T.);
#7281 = FACE_BOUND('',#7282,.T.);
#7282 = EDGE_LOOP('',(#7283,#7284,#7285,#7286));
#7283 = ORIENTED_EDGE('',*,*,#7268,.T.);
#7284 = ORIENTED_EDGE('',*,*,#5636,.T.);
#7285 = ORIENTED_EDGE('',*,*,#7248,.F.);
#7286 = ORIENTED_EDGE('',*,*,#4656,.F.);
#7287 = CYLINDRICAL_SURFACE('',#7288,0.508);
#7288 = AXIS2_PLACEMENT_3D('',#7289,#7290,#7291);
#7289 = CARTESIAN_POINT('',(-26.935,-45.21199999996,13.857));
#7290 = DIRECTION('',(0.,-2.2E-16,-1.));
#7291 = DIRECTION('',(0.,1.,-2.2E-16));
#7292 = ADVANCED_FACE('',(#7293),#7311,.T.);
#7293 = FACE_BOUND('',#7294,.T.);
#7294 = EDGE_LOOP('',(#7295,#7302,#7303,#7310));
#7295 = ORIENTED_EDGE('',*,*,#7296,.T.);
#7296 = EDGE_CURVE('',#4691,#5899,#7297,.T.);
#7297 = CIRCLE('',#7298,0.508);
#7298 = AXIS2_PLACEMENT_3D('',#7299,#7300,#7301);
#7299 = CARTESIAN_POINT('',(11.4852,-45.21199999996,9.164));
#7300 = DIRECTION('',(-1.,0.,0.));
#7301 = DIRECTION('',(0.,1.,0.));
#7302 = ORIENTED_EDGE('',*,*,#5923,.T.);
#7303 = ORIENTED_EDGE('',*,*,#7304,.F.);
#7304 = EDGE_CURVE('',#4693,#5873,#7305,.T.);
#7305 = CIRCLE('',#7306,0.508);
#7306 = AXIS2_PLACEMENT_3D('',#7307,#7308,#7309);
#7307 = CARTESIAN_POINT('',(-2.5532,-45.21199999996,9.164));
#7308 = DIRECTION('',(-1.,0.,0.));
#7309 = DIRECTION('',(0.,1.,0.));
#7310 = ORIENTED_EDGE('',*,*,#4690,.F.);
#7311 = CYLINDRICAL_SURFACE('',#7312,0.508);
#7312 = AXIS2_PLACEMENT_3D('',#7313,#7314,#7315);
#7313 = CARTESIAN_POINT('',(11.4852,-45.21199999996,9.164));
#7314 = DIRECTION('',(-1.,0.,0.));
#7315 = DIRECTION('',(0.,1.,0.));
#7316 = ADVANCED_FACE('',(#7317),#7329,.T.);
#7317 = FACE_BOUND('',#7318,.F.);
#7318 = EDGE_LOOP('',(#7319,#7326,#7327,#7328));
#7319 = ORIENTED_EDGE('',*,*,#7320,.F.);
#7320 = EDGE_CURVE('',#4701,#5850,#7321,.T.);
#7321 = CIRCLE('',#7322,0.508);
#7322 = AXIS2_PLACEMENT_3D('',#7323,#7324,#7325);
#7323 = CARTESIAN_POINT('',(12.298,-45.21199999996,8.3512));
#7324 = DIRECTION('',(0.,2.2E-16,1.));
#7325 = DIRECTION('',(0.,1.,-2.2E-16));
#7326 = ORIENTED_EDGE('',*,*,#4700,.T.);
#7327 = ORIENTED_EDGE('',*,*,#7296,.T.);
#7328 = ORIENTED_EDGE('',*,*,#5898,.F.);
#7329 = TOROIDAL_SURFACE('',#7330,0.8128,0.508);
#7330 = AXIS2_PLACEMENT_3D('',#7331,#7332,#7333);
#7331 = CARTESIAN_POINT('',(11.4852,-45.21199999996,8.3512));
#7332 = DIRECTION('',(0.,1.,0.));
#7333 = DIRECTION('',(1.,0.,0.));
#7334 = ADVANCED_FACE('',(#7335),#7347,.T.);
#7335 = FACE_BOUND('',#7336,.F.);
#7336 = EDGE_LOOP('',(#7337,#7338,#7339,#7346));
#7337 = ORIENTED_EDGE('',*,*,#7304,.F.);
#7338 = ORIENTED_EDGE('',*,*,#4751,.T.);
#7339 = ORIENTED_EDGE('',*,*,#7340,.T.);
#7340 = EDGE_CURVE('',#4744,#5825,#7341,.T.);
#7341 = CIRCLE('',#7342,0.508);
#7342 = AXIS2_PLACEMENT_3D('',#7343,#7344,#7345);
#7343 = CARTESIAN_POINT('',(-3.366,-45.21199999996,8.3512));
#7344 = DIRECTION('',(8.68E-15,0.,-1.));
#7345 = DIRECTION('',(-1.,0.,-8.68E-15));
#7346 = ORIENTED_EDGE('',*,*,#5880,.F.);
#7347 = TOROIDAL_SURFACE('',#7348,0.8128,0.508);
#7348 = AXIS2_PLACEMENT_3D('',#7349,#7350,#7351);
#7349 = CARTESIAN_POINT('',(-2.5532,-45.21199999996,8.3512));
#7350 = DIRECTION('',(0.,1.,0.));
#7351 = DIRECTION('',(-8.74E-15,0.,1.));
#7352 = ADVANCED_FACE('',(#7353),#7365,.T.);
#7353 = FACE_BOUND('',#7354,.T.);
#7354 = EDGE_LOOP('',(#7355,#7362,#7363,#7364));
#7355 = ORIENTED_EDGE('',*,*,#7356,.T.);
#7356 = EDGE_CURVE('',#4710,#5801,#7357,.T.);
#7357 = CIRCLE('',#7358,0.508);
#7358 = AXIS2_PLACEMENT_3D('',#7359,#7360,#7361);
#7359 = CARTESIAN_POINT('',(12.298,-45.21199999996,7.0528));
#7360 = DIRECTION('',(-3.99E-15,0.,1.));
#7361 = DIRECTION('',(1.,0.,3.99E-15));
#7362 = ORIENTED_EDGE('',*,*,#5849,.T.);
#7363 = ORIENTED_EDGE('',*,*,#7320,.F.);
#7364 = ORIENTED_EDGE('',*,*,#4709,.F.);
#7365 = CYLINDRICAL_SURFACE('',#7366,0.508);
#7366 = AXIS2_PLACEMENT_3D('',#7367,#7368,#7369);
#7367 = CARTESIAN_POINT('',(12.298,-45.21199999996,7.0528));
#7368 = DIRECTION('',(0.,2.2E-16,1.));
#7369 = DIRECTION('',(0.,1.,-2.2E-16));
#7370 = ADVANCED_FACE('',(#7371),#7383,.T.);
#7371 = FACE_BOUND('',#7372,.T.);
#7372 = EDGE_LOOP('',(#7373,#7374,#7375,#7382));
#7373 = ORIENTED_EDGE('',*,*,#7340,.T.);
#7374 = ORIENTED_EDGE('',*,*,#5832,.T.);
#7375 = ORIENTED_EDGE('',*,*,#7376,.F.);
#7376 = EDGE_CURVE('',#4735,#5775,#7377,.T.);
#7377 = CIRCLE('',#7378,0.508);
#7378 = AXIS2_PLACEMENT_3D('',#7379,#7380,#7381);
#7379 = CARTESIAN_POINT('',(-3.366,-45.21199999996,7.0528));
#7380 = DIRECTION('',(0.,-2.2E-16,-1.));
#7381 = DIRECTION('',(0.,1.,-2.2E-16));
#7382 = ORIENTED_EDGE('',*,*,#4743,.F.);
#7383 = CYLINDRICAL_SURFACE('',#7384,0.508);
#7384 = AXIS2_PLACEMENT_3D('',#7385,#7386,#7387);
#7385 = CARTESIAN_POINT('',(-3.366,-45.21199999996,8.3512));
#7386 = DIRECTION('',(0.,-2.2E-16,-1.));
#7387 = DIRECTION('',(0.,1.,-2.2E-16));
#7388 = ADVANCED_FACE('',(#7389),#7401,.T.);
#7389 = FACE_BOUND('',#7390,.F.);
#7390 = EDGE_LOOP('',(#7391,#7398,#7399,#7400));
#7391 = ORIENTED_EDGE('',*,*,#7392,.F.);
#7392 = EDGE_CURVE('',#4718,#5752,#7393,.T.);
#7393 = CIRCLE('',#7394,0.508);
#7394 = AXIS2_PLACEMENT_3D('',#7395,#7396,#7397);
#7395 = CARTESIAN_POINT('',(11.4852,-45.21199999996,6.24));
#7396 = DIRECTION('',(1.,0.,0.));
#7397 = DIRECTION('',(0.,1.,0.));
#7398 = ORIENTED_EDGE('',*,*,#4717,.T.);
#7399 = ORIENTED_EDGE('',*,*,#7356,.T.);
#7400 = ORIENTED_EDGE('',*,*,#5800,.F.);
#7401 = TOROIDAL_SURFACE('',#7402,0.8128,0.508);
#7402 = AXIS2_PLACEMENT_3D('',#7403,#7404,#7405);
#7403 = CARTESIAN_POINT('',(11.4852,-45.21199999996,7.0528));
#7404 = DIRECTION('',(0.,1.,0.));
#7405 = DIRECTION('',(5.83E-15,0.,-1.));
#7406 = ADVANCED_FACE('',(#7407),#7419,.T.);
#7407 = FACE_BOUND('',#7408,.F.);
#7408 = EDGE_LOOP('',(#7409,#7410,#7411,#7418));
#7409 = ORIENTED_EDGE('',*,*,#7376,.F.);
#7410 = ORIENTED_EDGE('',*,*,#4734,.T.);
#7411 = ORIENTED_EDGE('',*,*,#7412,.T.);
#7412 = EDGE_CURVE('',#4727,#5744,#7413,.T.);
#7413 = CIRCLE('',#7414,0.508);
#7414 = AXIS2_PLACEMENT_3D('',#7415,#7416,#7417);
#7415 = CARTESIAN_POINT('',(-2.5532,-45.21199999996,6.24));
#7416 = DIRECTION('',(1.,0.,-1.39E-15));
#7417 = DIRECTION('',(-1.39E-15,0.,-1.));
#7418 = ORIENTED_EDGE('',*,*,#5782,.F.);
#7419 = TOROIDAL_SURFACE('',#7420,0.8128,0.508);
#7420 = AXIS2_PLACEMENT_3D('',#7421,#7422,#7423);
#7421 = CARTESIAN_POINT('',(-2.5532,-45.21199999996,7.0528));
#7422 = DIRECTION('',(0.,1.,0.));
#7423 = DIRECTION('',(-1.,0.,0.));
#7424 = ADVANCED_FACE('',(#7425),#7431,.T.);
#7425 = FACE_BOUND('',#7426,.T.);
#7426 = EDGE_LOOP('',(#7427,#7428,#7429,#7430));
#7427 = ORIENTED_EDGE('',*,*,#7412,.T.);
#7428 = ORIENTED_EDGE('',*,*,#5751,.T.);
#7429 = ORIENTED_EDGE('',*,*,#7392,.F.);
#7430 = ORIENTED_EDGE('',*,*,#4726,.F.);
#7431 = CYLINDRICAL_SURFACE('',#7432,0.508);
#7432 = AXIS2_PLACEMENT_3D('',#7433,#7434,#7435);
#7433 = CARTESIAN_POINT('',(-2.5532,-45.21199999996,6.24));
#7434 = DIRECTION('',(1.,0.,0.));
#7435 = DIRECTION('',(0.,1.,0.));
#7436 = ADVANCED_FACE('',(#7437),#7455,.T.);
#7437 = FACE_BOUND('',#7438,.T.);
#7438 = EDGE_LOOP('',(#7439,#7446,#7447,#7454));
#7439 = ORIENTED_EDGE('',*,*,#7440,.T.);
#7440 = EDGE_CURVE('',#4761,#6021,#7441,.T.);
#7441 = CIRCLE('',#7442,0.508);
#7442 = AXIS2_PLACEMENT_3D('',#7443,#7444,#7445);
#7443 = CARTESIAN_POINT('',(19.14,-45.21199999996,20.224199999999));
#7444 = DIRECTION('',(0.,-2.2E-16,-1.));
#7445 = DIRECTION('',(0.,1.,-2.2E-16));
#7446 = ORIENTED_EDGE('',*,*,#6028,.T.);
#7447 = ORIENTED_EDGE('',*,*,#7448,.F.);
#7448 = EDGE_CURVE('',#4763,#5971,#7449,.T.);
#7449 = CIRCLE('',#7450,0.508);
#7450 = AXIS2_PLACEMENT_3D('',#7451,#7452,#7453);
#7451 = CARTESIAN_POINT('',(19.14,-45.21199999996,7.1798));
#7452 = DIRECTION('',(0.,-2.2E-16,-1.));
#7453 = DIRECTION('',(0.,1.,-2.2E-16));
#7454 = ORIENTED_EDGE('',*,*,#4760,.F.);
#7455 = CYLINDRICAL_SURFACE('',#7456,0.508);
#7456 = AXIS2_PLACEMENT_3D('',#7457,#7458,#7459);
#7457 = CARTESIAN_POINT('',(19.14,-45.21199999996,20.224199999999));
#7458 = DIRECTION('',(0.,-2.2E-16,-1.));
#7459 = DIRECTION('',(0.,1.,-2.2E-16));
#7460 = ADVANCED_FACE('',(#7461),#7473,.T.);
#7461 = FACE_BOUND('',#7462,.F.);
#7462 = EDGE_LOOP('',(#7463,#7470,#7471,#7472));
#7463 = ORIENTED_EDGE('',*,*,#7464,.F.);
#7464 = EDGE_CURVE('',#4771,#6069,#7465,.T.);
#7465 = CIRCLE('',#7466,0.508);
#7466 = AXIS2_PLACEMENT_3D('',#7467,#7468,#7469);
#7467 = CARTESIAN_POINT('',(19.952800000002,-45.21199999996,
    21.036999999999));
#7468 = DIRECTION('',(-1.,0.,0.));
#7469 = DIRECTION('',(0.,1.,0.));
#7470 = ORIENTED_EDGE('',*,*,#4770,.T.);
#7471 = ORIENTED_EDGE('',*,*,#7440,.T.);
#7472 = ORIENTED_EDGE('',*,*,#6076,.F.);
#7473 = TOROIDAL_SURFACE('',#7474,0.8128,0.508);
#7474 = AXIS2_PLACEMENT_3D('',#7475,#7476,#7477);
#7475 = CARTESIAN_POINT('',(19.9528,-45.21199999996,20.224199999999));
#7476 = DIRECTION('',(0.,1.,0.));
#7477 = DIRECTION('',(5.52489E-12,0.,1.));
#7478 = ADVANCED_FACE('',(#7479),#7491,.T.);
#7479 = FACE_BOUND('',#7480,.F.);
#7480 = EDGE_LOOP('',(#7481,#7482,#7483,#7490));
#7481 = ORIENTED_EDGE('',*,*,#7448,.F.);
#7482 = ORIENTED_EDGE('',*,*,#4821,.T.);
#7483 = ORIENTED_EDGE('',*,*,#7484,.T.);
#7484 = EDGE_CURVE('',#4814,#5940,#7485,.T.);
#7485 = CIRCLE('',#7486,0.508);
#7486 = AXIS2_PLACEMENT_3D('',#7487,#7488,#7489);
#7487 = CARTESIAN_POINT('',(19.9528,-45.21199999996,6.367));
#7488 = DIRECTION('',(1.,0.,-4.5E-15));
#7489 = DIRECTION('',(-4.5E-15,0.,-1.));
#7490 = ORIENTED_EDGE('',*,*,#5978,.F.);
#7491 = TOROIDAL_SURFACE('',#7492,0.8128,0.508);
#7492 = AXIS2_PLACEMENT_3D('',#7493,#7494,#7495);
#7493 = CARTESIAN_POINT('',(19.9528,-45.21199999996,7.1798));
#7494 = DIRECTION('',(0.,1.,0.));
#7495 = DIRECTION('',(-1.,0.,0.));
#7496 = ADVANCED_FACE('',(#7497),#7509,.T.);
#7497 = FACE_BOUND('',#7498,.T.);
#7498 = EDGE_LOOP('',(#7499,#7506,#7507,#7508));
#7499 = ORIENTED_EDGE('',*,*,#7500,.T.);
#7500 = EDGE_CURVE('',#4780,#6095,#7501,.T.);
#7501 = CIRCLE('',#7502,0.508);
#7502 = AXIS2_PLACEMENT_3D('',#7503,#7504,#7505);
#7503 = CARTESIAN_POINT('',(35.697199999996,-45.21199999996,
    21.036999999999));
#7504 = DIRECTION('',(-1.,0.,-5.5082E-12));
#7505 = DIRECTION('',(-5.5082E-12,0.,1.));
#7506 = ORIENTED_EDGE('',*,*,#6119,.T.);
#7507 = ORIENTED_EDGE('',*,*,#7464,.F.);
#7508 = ORIENTED_EDGE('',*,*,#4779,.F.);
#7509 = CYLINDRICAL_SURFACE('',#7510,0.508);
#7510 = AXIS2_PLACEMENT_3D('',#7511,#7512,#7513);
#7511 = CARTESIAN_POINT('',(35.697199999998,-45.21199999996,
    21.036999999999));
#7512 = DIRECTION('',(-1.,0.,0.));
#7513 = DIRECTION('',(0.,1.,0.));
#7514 = ADVANCED_FACE('',(#7515),#7527,.T.);
#7515 = FACE_BOUND('',#7516,.T.);
#7516 = EDGE_LOOP('',(#7517,#7518,#7519,#7526));
#7517 = ORIENTED_EDGE('',*,*,#7484,.T.);
#7518 = ORIENTED_EDGE('',*,*,#5947,.T.);
#7519 = ORIENTED_EDGE('',*,*,#7520,.F.);
#7520 = EDGE_CURVE('',#4805,#5948,#7521,.T.);
#7521 = CIRCLE('',#7522,0.508);
#7522 = AXIS2_PLACEMENT_3D('',#7523,#7524,#7525);
#7523 = CARTESIAN_POINT('',(35.6972,-45.21199999996,6.367));
#7524 = DIRECTION('',(1.,0.,0.));
#7525 = DIRECTION('',(0.,1.,0.));
#7526 = ORIENTED_EDGE('',*,*,#4813,.F.);
#7527 = CYLINDRICAL_SURFACE('',#7528,0.508);
#7528 = AXIS2_PLACEMENT_3D('',#7529,#7530,#7531);
#7529 = CARTESIAN_POINT('',(19.9528,-45.21199999996,6.367));
#7530 = DIRECTION('',(1.,0.,0.));
#7531 = DIRECTION('',(0.,1.,0.));
#7532 = ADVANCED_FACE('',(#7533),#7545,.T.);
#7533 = FACE_BOUND('',#7534,.F.);
#7534 = EDGE_LOOP('',(#7535,#7542,#7543,#7544));
#7535 = ORIENTED_EDGE('',*,*,#7536,.F.);
#7536 = EDGE_CURVE('',#4788,#6046,#7537,.T.);
#7537 = CIRCLE('',#7538,0.508);
#7538 = AXIS2_PLACEMENT_3D('',#7539,#7540,#7541);
#7539 = CARTESIAN_POINT('',(36.51,-45.21199999996,20.224199999999));
#7540 = DIRECTION('',(0.,2.2E-16,1.));
#7541 = DIRECTION('',(0.,1.,-2.2E-16));
#7542 = ORIENTED_EDGE('',*,*,#4787,.T.);
#7543 = ORIENTED_EDGE('',*,*,#7500,.T.);
#7544 = ORIENTED_EDGE('',*,*,#6094,.F.);
#7545 = TOROIDAL_SURFACE('',#7546,0.8128,0.508);
#7546 = AXIS2_PLACEMENT_3D('',#7547,#7548,#7549);
#7547 = CARTESIAN_POINT('',(35.6972,-45.21199999996,20.224199999999));
#7548 = DIRECTION('',(0.,1.,0.));
#7549 = DIRECTION('',(1.,0.,0.));
#7550 = ADVANCED_FACE('',(#7551),#7563,.T.);
#7551 = FACE_BOUND('',#7552,.F.);
#7552 = EDGE_LOOP('',(#7553,#7554,#7555,#7562));
#7553 = ORIENTED_EDGE('',*,*,#7520,.F.);
#7554 = ORIENTED_EDGE('',*,*,#4804,.T.);
#7555 = ORIENTED_EDGE('',*,*,#7556,.T.);
#7556 = EDGE_CURVE('',#4797,#5997,#7557,.T.);
#7557 = CIRCLE('',#7558,0.508);
#7558 = AXIS2_PLACEMENT_3D('',#7559,#7560,#7561);
#7559 = CARTESIAN_POINT('',(36.51,-45.21199999996,7.1798));
#7560 = DIRECTION('',(3.225E-14,-0.,1.));
#7561 = DIRECTION('',(1.,0.,-3.225E-14));
#7562 = ORIENTED_EDGE('',*,*,#5996,.F.);
#7563 = TOROIDAL_SURFACE('',#7564,0.8128,0.508);
#7564 = AXIS2_PLACEMENT_3D('',#7565,#7566,#7567);
#7565 = CARTESIAN_POINT('',(35.6972,-45.21199999996,7.1798));
#7566 = DIRECTION('',(0.,1.,0.));
#7567 = DIRECTION('',(-2.331E-14,0.,-1.));
#7568 = ADVANCED_FACE('',(#7569),#7575,.T.);
#7569 = FACE_BOUND('',#7570,.T.);
#7570 = EDGE_LOOP('',(#7571,#7572,#7573,#7574));
#7571 = ORIENTED_EDGE('',*,*,#7556,.T.);
#7572 = ORIENTED_EDGE('',*,*,#6045,.T.);
#7573 = ORIENTED_EDGE('',*,*,#7536,.F.);
#7574 = ORIENTED_EDGE('',*,*,#4796,.F.);
#7575 = CYLINDRICAL_SURFACE('',#7576,0.508);
#7576 = AXIS2_PLACEMENT_3D('',#7577,#7578,#7579);
#7577 = CARTESIAN_POINT('',(36.51,-45.21199999996,7.1798));
#7578 = DIRECTION('',(0.,2.2E-16,1.));
#7579 = DIRECTION('',(0.,1.,-2.2E-16));
#7580 = ADVANCED_FACE('',(#7581),#7599,.T.);
#7581 = FACE_BOUND('',#7582,.T.);
#7582 = EDGE_LOOP('',(#7583,#7590,#7591,#7598));
#7583 = ORIENTED_EDGE('',*,*,#7584,.T.);
#7584 = EDGE_CURVE('',#4831,#6193,#7585,.T.);
#7585 = CIRCLE('',#7586,0.508);
#7586 = AXIS2_PLACEMENT_3D('',#7587,#7588,#7589);
#7587 = CARTESIAN_POINT('',(44.67900000007,-45.21199999996,
    8.941999999927));
#7588 = DIRECTION('',(0.,-2.2E-16,-1.));
#7589 = DIRECTION('',(0.,1.,-2.2E-16));
#7590 = ORIENTED_EDGE('',*,*,#6241,.T.);
#7591 = ORIENTED_EDGE('',*,*,#7592,.F.);
#7592 = EDGE_CURVE('',#4833,#6242,#7593,.T.);
#7593 = CIRCLE('',#7594,0.508);
#7594 = AXIS2_PLACEMENT_3D('',#7595,#7596,#7597);
#7595 = CARTESIAN_POINT('',(44.67900000007,-45.21199999996,
    8.322000000069));
#7596 = DIRECTION('',(0.,-2.2E-16,-1.));
#7597 = DIRECTION('',(0.,1.,-2.2E-16));
#7598 = ORIENTED_EDGE('',*,*,#4830,.F.);
#7599 = CYLINDRICAL_SURFACE('',#7600,0.508);
#7600 = AXIS2_PLACEMENT_3D('',#7601,#7602,#7603);
#7601 = CARTESIAN_POINT('',(44.67900000007,-45.21199999996,
    8.941999999927));
#7602 = DIRECTION('',(0.,-2.2E-16,-1.));
#7603 = DIRECTION('',(0.,1.,-2.2E-16));
#7604 = ADVANCED_FACE('',(#7605),#7617,.T.);
#7605 = FACE_BOUND('',#7606,.F.);
#7606 = EDGE_LOOP('',(#7607,#7614,#7615,#7616));
#7607 = ORIENTED_EDGE('',*,*,#7608,.F.);
#7608 = EDGE_CURVE('',#4841,#6144,#7609,.T.);
#7609 = CIRCLE('',#7610,0.508);
#7610 = AXIS2_PLACEMENT_3D('',#7611,#7612,#7613);
#7611 = CARTESIAN_POINT('',(46.58400000007,-45.21199999996,
    10.846999999927));
#7612 = DIRECTION('',(-1.,0.,0.));
#7613 = DIRECTION('',(0.,1.,0.));
#7614 = ORIENTED_EDGE('',*,*,#4840,.T.);
#7615 = ORIENTED_EDGE('',*,*,#7584,.T.);
#7616 = ORIENTED_EDGE('',*,*,#6192,.F.);
#7617 = TOROIDAL_SURFACE('',#7618,1.905,0.508);
#7618 = AXIS2_PLACEMENT_3D('',#7619,#7620,#7621);
#7619 = CARTESIAN_POINT('',(46.58400000007,-45.21199999996,
    8.941999999927));
#7620 = DIRECTION('',(0.,1.,0.));
#7621 = DIRECTION('',(0.,0.,1.));
#7622 = ADVANCED_FACE('',(#7623),#7635,.T.);
#7623 = FACE_BOUND('',#7624,.F.);
#7624 = EDGE_LOOP('',(#7625,#7626,#7627,#7634));
#7625 = ORIENTED_EDGE('',*,*,#7592,.F.);
#7626 = ORIENTED_EDGE('',*,*,#4891,.T.);
#7627 = ORIENTED_EDGE('',*,*,#7628,.T.);
#7628 = EDGE_CURVE('',#4884,#6291,#7629,.T.);
#7629 = CIRCLE('',#7630,0.508);
#7630 = AXIS2_PLACEMENT_3D('',#7631,#7632,#7633);
#7631 = CARTESIAN_POINT('',(46.58400000007,-45.21199999996,
    6.417000000069));
#7632 = DIRECTION('',(1.,-0.,8.3E-16));
#7633 = DIRECTION('',(8.3E-16,0.,-1.));
#7634 = ORIENTED_EDGE('',*,*,#6290,.F.);
#7635 = TOROIDAL_SURFACE('',#7636,1.905,0.508);
#7636 = AXIS2_PLACEMENT_3D('',#7637,#7638,#7639);
#7637 = CARTESIAN_POINT('',(46.58400000007,-45.21199999996,
    8.322000000069));
#7638 = DIRECTION('',(0.,1.,0.));
#7639 = DIRECTION('',(-1.,0.,0.));
#7640 = ADVANCED_FACE('',(#7641),#7653,.T.);
#7641 = FACE_BOUND('',#7642,.T.);
#7642 = EDGE_LOOP('',(#7643,#7650,#7651,#7652));
#7643 = ORIENTED_EDGE('',*,*,#7644,.T.);
#7644 = EDGE_CURVE('',#4850,#6136,#7645,.T.);
#7645 = CIRCLE('',#7646,0.508);
#7646 = AXIS2_PLACEMENT_3D('',#7647,#7648,#7649);
#7647 = CARTESIAN_POINT('',(52.983999999929,-45.21199999996,
    10.846999999927));
#7648 = DIRECTION('',(-1.,0.,-1.65E-15));
#7649 = DIRECTION('',(-1.65E-15,0.,1.));
#7650 = ORIENTED_EDGE('',*,*,#6143,.T.);
#7651 = ORIENTED_EDGE('',*,*,#7608,.F.);
#7652 = ORIENTED_EDGE('',*,*,#4849,.F.);
#7653 = CYLINDRICAL_SURFACE('',#7654,0.508);
#7654 = AXIS2_PLACEMENT_3D('',#7655,#7656,#7657);
#7655 = CARTESIAN_POINT('',(52.983999999929,-45.21199999996,
    10.846999999927));
#7656 = DIRECTION('',(-1.,0.,0.));
#7657 = DIRECTION('',(0.,1.,0.));
#7658 = ADVANCED_FACE('',(#7659),#7671,.T.);
#7659 = FACE_BOUND('',#7660,.T.);
#7660 = EDGE_LOOP('',(#7661,#7662,#7663,#7670));
#7661 = ORIENTED_EDGE('',*,*,#7628,.T.);
#7662 = ORIENTED_EDGE('',*,*,#6315,.T.);
#7663 = ORIENTED_EDGE('',*,*,#7664,.F.);
#7664 = EDGE_CURVE('',#4875,#6265,#7665,.T.);
#7665 = CIRCLE('',#7666,0.508);
#7666 = AXIS2_PLACEMENT_3D('',#7667,#7668,#7669);
#7667 = CARTESIAN_POINT('',(52.983999999929,-45.21199999996,
    6.417000000069));
#7668 = DIRECTION('',(1.,0.,0.));
#7669 = DIRECTION('',(0.,1.,0.));
#7670 = ORIENTED_EDGE('',*,*,#4883,.F.);
#7671 = CYLINDRICAL_SURFACE('',#7672,0.508);
#7672 = AXIS2_PLACEMENT_3D('',#7673,#7674,#7675);
#7673 = CARTESIAN_POINT('',(46.58400000007,-45.21199999996,
    6.417000000069));
#7674 = DIRECTION('',(1.,0.,0.));
#7675 = DIRECTION('',(0.,1.,0.));
#7676 = ADVANCED_FACE('',(#7677),#7689,.T.);
#7677 = FACE_BOUND('',#7678,.F.);
#7678 = EDGE_LOOP('',(#7679,#7686,#7687,#7688));
#7679 = ORIENTED_EDGE('',*,*,#7680,.F.);
#7680 = EDGE_CURVE('',#4858,#6167,#7681,.T.);
#7681 = CIRCLE('',#7682,0.508);
#7682 = AXIS2_PLACEMENT_3D('',#7683,#7684,#7685);
#7683 = CARTESIAN_POINT('',(54.888999999929,-45.21199999996,
    8.941999999927));
#7684 = DIRECTION('',(0.,2.2E-16,1.));
#7685 = DIRECTION('',(0.,1.,-2.2E-16));
#7686 = ORIENTED_EDGE('',*,*,#4857,.T.);
#7687 = ORIENTED_EDGE('',*,*,#7644,.T.);
#7688 = ORIENTED_EDGE('',*,*,#6174,.F.);
#7689 = TOROIDAL_SURFACE('',#7690,1.905,0.508);
#7690 = AXIS2_PLACEMENT_3D('',#7691,#7692,#7693);
#7691 = CARTESIAN_POINT('',(52.983999999929,-45.21199999996,
    8.941999999927));
#7692 = DIRECTION('',(0.,1.,0.));
#7693 = DIRECTION('',(1.,0.,1.27E-15));
#7694 = ADVANCED_FACE('',(#7695),#7707,.T.);
#7695 = FACE_BOUND('',#7696,.F.);
#7696 = EDGE_LOOP('',(#7697,#7698,#7699,#7706));
#7697 = ORIENTED_EDGE('',*,*,#7664,.F.);
#7698 = ORIENTED_EDGE('',*,*,#4874,.T.);
#7699 = ORIENTED_EDGE('',*,*,#7700,.T.);
#7700 = EDGE_CURVE('',#4867,#6217,#7701,.T.);
#7701 = CIRCLE('',#7702,0.508);
#7702 = AXIS2_PLACEMENT_3D('',#7703,#7704,#7705);
#7703 = CARTESIAN_POINT('',(54.888999999929,-45.21199999996,
    8.322000000069));
#7704 = DIRECTION('',(5.15E-15,-0.,1.));
#7705 = DIRECTION('',(1.,0.,-5.15E-15));
#7706 = ORIENTED_EDGE('',*,*,#6272,.F.);
#7707 = TOROIDAL_SURFACE('',#7708,1.905,0.508);
#7708 = AXIS2_PLACEMENT_3D('',#7709,#7710,#7711);
#7709 = CARTESIAN_POINT('',(52.983999999929,-45.21199999996,
    8.322000000069));
#7710 = DIRECTION('',(0.,1.,0.));
#7711 = DIRECTION('',(-5.09E-15,0.,-1.));
#7712 = ADVANCED_FACE('',(#7713),#7719,.T.);
#7713 = FACE_BOUND('',#7714,.T.);
#7714 = EDGE_LOOP('',(#7715,#7716,#7717,#7718));
#7715 = ORIENTED_EDGE('',*,*,#7700,.T.);
#7716 = ORIENTED_EDGE('',*,*,#6224,.T.);
#7717 = ORIENTED_EDGE('',*,*,#7680,.F.);
#7718 = ORIENTED_EDGE('',*,*,#4866,.F.);
#7719 = CYLINDRICAL_SURFACE('',#7720,0.508);
#7720 = AXIS2_PLACEMENT_3D('',#7721,#7722,#7723);
#7721 = CARTESIAN_POINT('',(54.888999999929,-45.21199999996,
    8.322000000069));
#7722 = DIRECTION('',(0.,2.2E-16,1.));
#7723 = DIRECTION('',(0.,1.,-2.2E-16));
#7724 = ADVANCED_FACE('',(#7725),#7737,.F.);
#7725 = FACE_BOUND('',#7726,.T.);
#7726 = EDGE_LOOP('',(#7727,#7728,#7729,#7730));
#7727 = ORIENTED_EDGE('',*,*,#4986,.F.);
#7728 = ORIENTED_EDGE('',*,*,#4925,.F.);
#7729 = ORIENTED_EDGE('',*,*,#5156,.T.);
#7730 = ORIENTED_EDGE('',*,*,#7731,.F.);
#7731 = EDGE_CURVE('',#4987,#5157,#7732,.T.);
#7732 = CIRCLE('',#7733,0.508);
#7733 = AXIS2_PLACEMENT_3D('',#7734,#7735,#7736);
#7734 = CARTESIAN_POINT('',(69.595999999987,34.798,4.826000000003));
#7735 = DIRECTION('',(9.1509E-13,1.0285E-13,-1.));
#7736 = DIRECTION('',(-2.311E-14,1.,1.0285E-13));
#7737 = CYLINDRICAL_SURFACE('',#7738,0.508);
#7738 = AXIS2_PLACEMENT_3D('',#7739,#7740,#7741);
#7739 = CARTESIAN_POINT('',(69.59599999999,34.798,1.524));
#7740 = DIRECTION('',(0.,0.,1.));
#7741 = DIRECTION('',(1.,2.311E-14,0.));
#7742 = ADVANCED_FACE('',(#7743),#7755,.T.);
#7743 = FACE_BOUND('',#7744,.T.);
#7744 = EDGE_LOOP('',(#7745,#7746,#7747,#7754));
#7745 = ORIENTED_EDGE('',*,*,#6354,.T.);
#7746 = ORIENTED_EDGE('',*,*,#6380,.T.);
#7747 = ORIENTED_EDGE('',*,*,#7748,.F.);
#7748 = EDGE_CURVE('',#4943,#6371,#7749,.T.);
#7749 = CIRCLE('',#7750,0.508);
#7750 = AXIS2_PLACEMENT_3D('',#7751,#7752,#7753);
#7751 = CARTESIAN_POINT('',(70.611999999979,-13.16392387304,
    15.358039850176));
#7752 = DIRECTION('',(8.7793E-13,0.258819045103,-0.965925826289));
#7753 = DIRECTION('',(-1.,-2.310941927387E-14,-9.150921672994E-13));
#7754 = ORIENTED_EDGE('',*,*,#4942,.F.);
#7755 = CYLINDRICAL_SURFACE('',#7756,0.508);
#7756 = AXIS2_PLACEMENT_3D('',#7757,#7758,#7759);
#7757 = CARTESIAN_POINT('',(70.611999999973,-14.86780210989,21.717));
#7758 = DIRECTION('',(8.7793E-13,0.258819045103,-0.965925826289));
#7759 = DIRECTION('',(-1.,-2.310941927387E-14,-9.150921672994E-13));
#7760 = ADVANCED_FACE('',(#7761),#7773,.F.);
#7761 = FACE_BOUND('',#7762,.F.);
#7762 = EDGE_LOOP('',(#7763,#7764,#7765,#7772));
#7763 = ORIENTED_EDGE('',*,*,#5139,.T.);
#7764 = ORIENTED_EDGE('',*,*,#5196,.T.);
#7765 = ORIENTED_EDGE('',*,*,#7766,.F.);
#7766 = EDGE_CURVE('',#5012,#5197,#7767,.T.);
#7767 = CIRCLE('',#7768,0.508);
#7768 = AXIS2_PLACEMENT_3D('',#7769,#7770,#7771);
#7769 = CARTESIAN_POINT('',(69.595999999989,-34.798,4.826000000003));
#7770 = DIRECTION('',(-9.1509E-13,-1.1671E-13,1.));
#7771 = DIRECTION('',(2.311E-14,-1.,-1.1671E-13));
#7772 = ORIENTED_EDGE('',*,*,#5020,.F.);
#7773 = CYLINDRICAL_SURFACE('',#7774,0.508);
#7774 = AXIS2_PLACEMENT_3D('',#7775,#7776,#7777);
#7775 = CARTESIAN_POINT('',(69.595999999992,-34.798,1.524));
#7776 = DIRECTION('',(0.,0.,1.));
#7777 = DIRECTION('',(1.,2.311E-14,0.));
#7778 = ADVANCED_FACE('',(#7779),#7791,.T.);
#7779 = FACE_BOUND('',#7780,.F.);
#7780 = EDGE_LOOP('',(#7781,#7782,#7783,#7790));
#7781 = ORIENTED_EDGE('',*,*,#7748,.F.);
#7782 = ORIENTED_EDGE('',*,*,#4950,.T.);
#7783 = ORIENTED_EDGE('',*,*,#7784,.T.);
#7784 = EDGE_CURVE('',#4951,#6826,#7785,.T.);
#7785 = CIRCLE('',#7786,0.508);
#7786 = AXIS2_PLACEMENT_3D('',#7787,#7788,#7789);
#7787 = CARTESIAN_POINT('',(70.611999999979,-12.18254323353,14.605));
#7788 = DIRECTION('',(-2.311E-14,1.,6.9E-16));
#7789 = DIRECTION('',(9.1509E-13,6.900000000211E-16,-1.));
#7790 = ORIENTED_EDGE('',*,*,#6825,.F.);
#7791 = TOROIDAL_SURFACE('',#7792,1.016,0.508);
#7792 = AXIS2_PLACEMENT_3D('',#7793,#7794,#7795);
#7793 = CARTESIAN_POINT('',(70.611999999978,-12.18254323353,15.621));
#7794 = DIRECTION('',(-1.,-2.311E-14,-9.1509E-13));
#7795 = DIRECTION('',(2.591652658284E-13,-0.965925826289,-0.258819045103
    ));
#7796 = ADVANCED_FACE('',(#7797),#7817,.F.);
#7797 = FACE_BOUND('',#7798,.F.);
#7798 = EDGE_LOOP('',(#7799,#7808,#7809,#7810));
#7799 = ORIENTED_EDGE('',*,*,#7800,.F.);
#7800 = EDGE_CURVE('',#5004,#7801,#7803,.T.);
#7801 = VERTEX_POINT('',#7802);
#7802 = CARTESIAN_POINT('',(69.595999999988,-33.782,5.334));
#7803 = CIRCLE('',#7804,0.508);
#7804 = AXIS2_PLACEMENT_3D('',#7805,#7806,#7807);
#7805 = CARTESIAN_POINT('',(69.595999999988,-33.782,5.842000000003));
#7806 = DIRECTION('',(-2.311E-14,1.,1.5386E-13));
#7807 = DIRECTION('',(-9.1509E-13,-1.5386E-13,1.));
#7808 = ORIENTED_EDGE('',*,*,#5011,.T.);
#7809 = ORIENTED_EDGE('',*,*,#7766,.T.);
#7810 = ORIENTED_EDGE('',*,*,#7811,.F.);
#7811 = EDGE_CURVE('',#7801,#5197,#7812,.T.);
#7812 = CIRCLE('',#7813,0.508);
#7813 = AXIS2_PLACEMENT_3D('',#7814,#7815,#7816);
#7814 = CARTESIAN_POINT('',(69.595999999989,-33.782,4.826000000003));
#7815 = DIRECTION('',(1.,2.311E-14,9.1509E-13));
#7816 = DIRECTION('',(-9.1509E-13,-1.5386E-13,1.));
#7817 = TOROIDAL_SURFACE('',#7818,1.016,0.508);
#7818 = AXIS2_PLACEMENT_3D('',#7819,#7820,#7821);
#7819 = CARTESIAN_POINT('',(69.595999999989,-33.782,4.826000000003));
#7820 = DIRECTION('',(1.,2.311E-14,9.1509E-13));
#7821 = DIRECTION('',(-9.1509E-13,-1.5386E-13,1.));
#7822 = ADVANCED_FACE('',(#7823),#7835,.T.);
#7823 = FACE_BOUND('',#7824,.T.);
#7824 = EDGE_LOOP('',(#7825,#7826,#7827,#7834));
#7825 = ORIENTED_EDGE('',*,*,#7784,.T.);
#7826 = ORIENTED_EDGE('',*,*,#6886,.T.);
#7827 = ORIENTED_EDGE('',*,*,#7828,.F.);
#7828 = EDGE_CURVE('',#4960,#6868,#7829,.T.);
#7829 = CIRCLE('',#7830,0.508);
#7830 = AXIS2_PLACEMENT_3D('',#7831,#7832,#7833);
#7831 = CARTESIAN_POINT('',(70.611999999978,34.440918124405,14.605));
#7832 = DIRECTION('',(-2.311E-14,1.,0.));
#7833 = DIRECTION('',(-1.,-2.311E-14,-9.1509E-13));
#7834 = ORIENTED_EDGE('',*,*,#4959,.F.);
#7835 = CYLINDRICAL_SURFACE('',#7836,0.508);
#7836 = AXIS2_PLACEMENT_3D('',#7837,#7838,#7839);
#7837 = CARTESIAN_POINT('',(70.611999999979,-12.18254323353,14.605));
#7838 = DIRECTION('',(-2.311E-14,1.,0.));
#7839 = DIRECTION('',(-1.,-2.311E-14,-9.1509E-13));
#7840 = ADVANCED_FACE('',(#7841),#7860,.F.);
#7841 = FACE_BOUND('',#7842,.F.);
#7842 = EDGE_LOOP('',(#7843,#7844,#7852,#7859));
#7843 = ORIENTED_EDGE('',*,*,#7800,.T.);
#7844 = ORIENTED_EDGE('',*,*,#7845,.T.);
#7845 = EDGE_CURVE('',#7801,#7846,#7848,.T.);
#7846 = VERTEX_POINT('',#7847);
#7847 = CARTESIAN_POINT('',(69.595999999988,33.782,5.334));
#7848 = LINE('',#7849,#7850);
#7849 = CARTESIAN_POINT('',(69.595999999988,-34.29,5.334));
#7850 = VECTOR('',#7851,1.);
#7851 = DIRECTION('',(0.,1.,0.));
#7852 = ORIENTED_EDGE('',*,*,#7853,.F.);
#7853 = EDGE_CURVE('',#4995,#7846,#7854,.T.);
#7854 = CIRCLE('',#7855,0.508);
#7855 = AXIS2_PLACEMENT_3D('',#7856,#7857,#7858);
#7856 = CARTESIAN_POINT('',(69.595999999986,33.782,5.842000000003));
#7857 = DIRECTION('',(-2.311E-14,1.,1.3987E-13));
#7858 = DIRECTION('',(-9.1509E-13,-1.3987E-13,1.));
#7859 = ORIENTED_EDGE('',*,*,#5003,.F.);
#7860 = CYLINDRICAL_SURFACE('',#7861,0.508);
#7861 = AXIS2_PLACEMENT_3D('',#7862,#7863,#7864);
#7862 = CARTESIAN_POINT('',(69.595999999988,-34.29,5.842));
#7863 = DIRECTION('',(0.,1.,0.));
#7864 = DIRECTION('',(1.,0.,9.1509E-13));
#7865 = ADVANCED_FACE('',(#7866),#7872,.T.);
#7866 = FACE_BOUND('',#7867,.T.);
#7867 = EDGE_LOOP('',(#7868,#7869,#7870,#7871));
#7868 = ORIENTED_EDGE('',*,*,#7828,.T.);
#7869 = ORIENTED_EDGE('',*,*,#6867,.T.);
#7870 = ORIENTED_EDGE('',*,*,#7055,.F.);
#7871 = ORIENTED_EDGE('',*,*,#4967,.F.);
#7872 = ( BOUNDED_SURFACE() B_SPLINE_SURFACE(2,7,(
    (#7873,#7874,#7875,#7876,#7877,#7878,#7879,#7880,#7881,#7882,#7883
      ,#7884,#7885,#7886)
    ,(#7887,#7888,#7889,#7890,#7891,#7892,#7893,#7894,#7895,#7896,#7897
      ,#7898,#7899,#7900)
    ,(#7901,#7902,#7903,#7904,#7905,#7906,#7907,#7908,#7909,#7910,#7911
      ,#7912,#7913,#7914
)),.UNSPECIFIED.,.F.,.F.,.F.) B_SPLINE_SURFACE_WITH_KNOTS((3,3),(8,6,8),
  (0.,0.180679598378),(305.34844945308,305.51068866347,305.52912905145),
.UNSPECIFIED.) GEOMETRIC_REPRESENTATION_ITEM() RATIONAL_B_SPLINE_SURFACE
((
    (1.,1.,1.,1.,1.,1.,1.,1.,1.,1.,1.,1.,1.,1.)
    ,(0.707106781186,0.707106781186,0.707164078773,0.706861419989
      ,0.707668122491,0.706122188642,0.708812980666,0.705576095609
      ,0.705232053372,0.704874326437,0.704502911766,0.704117806322
      ,0.703719007066,0.703306510961)
,(1.,1.,1.,1.,1.,1.,1.,1.,1.,1.,1.,1.,1.,1.
))) REPRESENTATION_ITEM('') SURFACE() );
#7873 = CARTESIAN_POINT('',(70.103999999978,34.440918124405,14.605));
#7874 = CARTESIAN_POINT('',(70.103999999978,34.460587497627,
    14.604999999999));
#7875 = CARTESIAN_POINT('',(70.103999999978,34.480389305036,
    14.605022236125));
#7876 = CARTESIAN_POINT('',(70.103999999978,34.499427568131,
    14.604859873279));
#7877 = CARTESIAN_POINT('',(70.103999999978,34.521335767186,
    14.605461447971));
#7878 = CARTESIAN_POINT('',(70.103999999978,34.53705216508,
    14.603900686138));
#7879 = CARTESIAN_POINT('',(70.103999999978,34.569497622351,
    14.607288702001));
#7880 = CARTESIAN_POINT('',(70.103999999978,34.575152897013,
    14.602869900771));
#7881 = CARTESIAN_POINT('',(70.103999999978,34.575718972448,
    14.602406647073));
#7882 = CARTESIAN_POINT('',(70.103999999978,34.576274415013,
    14.601931315818));
#7883 = CARTESIAN_POINT('',(70.103999999978,34.576819700873,
    14.601444094714));
#7884 = CARTESIAN_POINT('',(70.103999999978,34.577355306197,
    14.60094517147));
#7885 = CARTESIAN_POINT('',(70.103999999978,34.577881707152,
    14.600434733792));
#7886 = CARTESIAN_POINT('',(70.103999999978,34.578399379904,
    14.599912969388));
#7887 = CARTESIAN_POINT('',(70.103999999978,34.440918124405,15.113));
#7888 = CARTESIAN_POINT('',(70.103999999978,34.460587497614,15.113));
#7889 = CARTESIAN_POINT('',(70.103999999978,34.480276730166,15.113));
#7890 = CARTESIAN_POINT('',(70.103999999978,34.499933871397,15.113));
#7891 = CARTESIAN_POINT('',(70.103999999978,34.520050213827,15.113));
#7892 = CARTESIAN_POINT('',(70.103999999978,34.539936711319,15.113));
#7893 = CARTESIAN_POINT('',(70.103999999978,34.56061543176,15.113));
#7894 = CARTESIAN_POINT('',(70.103999999978,34.583884755345,15.113));
#7895 = CARTESIAN_POINT('',(70.103999999978,34.5862771089,15.113));
#7896 = CARTESIAN_POINT('',(70.103999999978,34.588677358905,15.113));
#7897 = CARTESIAN_POINT('',(70.103999999978,34.591085724685,15.113));
#7898 = CARTESIAN_POINT('',(70.103999999978,34.593502427007,15.113));
#7899 = CARTESIAN_POINT('',(70.103999999978,34.595927688129,15.113));
#7900 = CARTESIAN_POINT('',(70.103999999978,34.598361731845,15.113));
#7901 = CARTESIAN_POINT('',(70.611999999978,34.440918124405,15.113));
#7902 = CARTESIAN_POINT('',(70.611999999979,34.442235722495,15.113));
#7903 = CARTESIAN_POINT('',(70.611139793057,34.443574085998,15.113));
#7904 = CARTESIAN_POINT('',(70.610049947837,34.444904097123,15.113));
#7905 = CARTESIAN_POINT('',(70.606516303379,34.446798863764,15.113));
#7906 = CARTESIAN_POINT('',(70.605744185817,34.44848963676,15.113));
#7907 = CARTESIAN_POINT('',(70.597874810414,34.451148247368,15.113));
#7908 = CARTESIAN_POINT('',(70.597545009006,34.454566421588,15.113));
#7909 = CARTESIAN_POINT('',(70.597522091209,34.45492085476,15.113));
#7910 = CARTESIAN_POINT('',(70.597509927302,34.455280854295,15.113));
#7911 = CARTESIAN_POINT('',(70.597508529026,34.455646416561,15.113));
#7912 = CARTESIAN_POINT('',(70.597517908121,34.456017537926,15.113));
#7913 = CARTESIAN_POINT('',(70.597538076326,34.45639421476,15.113));
#7914 = CARTESIAN_POINT('',(70.597569045382,34.45677644343,15.113));
#7915 = ADVANCED_FACE('',(#7916),#7928,.F.);
#7916 = FACE_BOUND('',#7917,.T.);
#7917 = EDGE_LOOP('',(#7918,#7919,#7920,#7921));
#7918 = ORIENTED_EDGE('',*,*,#7853,.F.);
#7919 = ORIENTED_EDGE('',*,*,#4994,.T.);
#7920 = ORIENTED_EDGE('',*,*,#7731,.T.);
#7921 = ORIENTED_EDGE('',*,*,#7922,.F.);
#7922 = EDGE_CURVE('',#7846,#5157,#7923,.T.);
#7923 = CIRCLE('',#7924,0.508);
#7924 = AXIS2_PLACEMENT_3D('',#7925,#7926,#7927);
#7925 = CARTESIAN_POINT('',(69.595999999987,33.782,4.826000000003));
#7926 = DIRECTION('',(-1.,-2.311E-14,-9.1509E-13));
#7927 = DIRECTION('',(-9.1509E-13,-1.3987E-13,1.));
#7928 = TOROIDAL_SURFACE('',#7929,1.016,0.508);
#7929 = AXIS2_PLACEMENT_3D('',#7930,#7931,#7932);
#7930 = CARTESIAN_POINT('',(69.595999999987,33.782,4.826000000003));
#7931 = DIRECTION('',(1.,2.311E-14,9.1509E-13));
#7932 = DIRECTION('',(-9.1509E-13,-1.3987E-13,1.));
#7933 = ADVANCED_FACE('',(#7934),#7952,.T.);
#7934 = FACE_BOUND('',#7935,.F.);
#7935 = EDGE_LOOP('',(#7936,#7943,#7944,#7951));
#7936 = ORIENTED_EDGE('',*,*,#7937,.T.);
#7937 = EDGE_CURVE('',#5030,#6902,#7938,.T.);
#7938 = ELLIPSE('',#7939,0.359210244843,0.254);
#7939 = AXIS2_PLACEMENT_3D('',#7940,#7941,#7942);
#7940 = CARTESIAN_POINT('',(70.357999999976,-21.47180210989,18.034));
#7941 = DIRECTION('',(0.,0.707106781187,0.707106781187));
#7942 = DIRECTION('',(-3.1E-16,-0.707106781187,0.707106781187));
#7943 = ORIENTED_EDGE('',*,*,#6909,.T.);
#7944 = ORIENTED_EDGE('',*,*,#7945,.F.);
#7945 = EDGE_CURVE('',#5032,#6910,#7946,.T.);
#7946 = ELLIPSE('',#7947,0.359210244843,0.254);
#7947 = AXIS2_PLACEMENT_3D('',#7948,#7949,#7950);
#7948 = CARTESIAN_POINT('',(70.357999999976,-28.58380210989,18.034));
#7949 = DIRECTION('',(3.1E-16,0.707106781187,-0.707106781187));
#7950 = DIRECTION('',(0.,-0.707106781187,-0.707106781187));
#7951 = ORIENTED_EDGE('',*,*,#5029,.F.);
#7952 = CYLINDRICAL_SURFACE('',#7953,0.254);
#7953 = AXIS2_PLACEMENT_3D('',#7954,#7955,#7956);
#7954 = CARTESIAN_POINT('',(70.357999999976,-21.72580210989,18.034));
#7955 = DIRECTION('',(-2.2E-16,-1.,-0.));
#7956 = DIRECTION('',(-1.,2.2E-16,-9.1532E-13));
#7957 = ADVANCED_FACE('',(#7958),#7970,.T.);
#7958 = FACE_BOUND('',#7959,.F.);
#7959 = EDGE_LOOP('',(#7960,#7961,#7962,#7969));
#7960 = ORIENTED_EDGE('',*,*,#7945,.T.);
#7961 = ORIENTED_EDGE('',*,*,#6933,.T.);
#7962 = ORIENTED_EDGE('',*,*,#7963,.F.);
#7963 = EDGE_CURVE('',#5048,#6934,#7964,.T.);
#7964 = ELLIPSE('',#7965,0.359210244843,0.254);
#7965 = AXIS2_PLACEMENT_3D('',#7966,#7967,#7968);
#7966 = CARTESIAN_POINT('',(70.357999999976,-28.58380210989,21.209));
#7967 = DIRECTION('',(0.,-0.707106781187,-0.707106781187));
#7968 = DIRECTION('',(-3.1E-16,-0.707106781187,0.707106781187));
#7969 = ORIENTED_EDGE('',*,*,#5055,.F.);
#7970 = CYLINDRICAL_SURFACE('',#7971,0.254);
#7971 = AXIS2_PLACEMENT_3D('',#7972,#7973,#7974);
#7972 = CARTESIAN_POINT('',(70.357999999976,-28.58380210989,18.288));
#7973 = DIRECTION('',(-2.2E-16,0.,1.));
#7974 = DIRECTION('',(-1.,-2.289E-14,-2.2E-16));
#7975 = ADVANCED_FACE('',(#7976),#7988,.T.);
#7976 = FACE_BOUND('',#7977,.F.);
#7977 = EDGE_LOOP('',(#7978,#7979,#7980,#7987));
#7978 = ORIENTED_EDGE('',*,*,#7963,.T.);
#7979 = ORIENTED_EDGE('',*,*,#6957,.T.);
#7980 = ORIENTED_EDGE('',*,*,#7981,.F.);
#7981 = EDGE_CURVE('',#5040,#6958,#7982,.T.);
#7982 = ELLIPSE('',#7983,0.359210244843,0.254);
#7983 = AXIS2_PLACEMENT_3D('',#7984,#7985,#7986);
#7984 = CARTESIAN_POINT('',(70.357999999974,-21.47180210989,21.209));
#7985 = DIRECTION('',(-3.1E-16,-0.707106781187,0.707106781187));
#7986 = DIRECTION('',(0.,-0.707106781187,-0.707106781187));
#7987 = ORIENTED_EDGE('',*,*,#5047,.F.);
#7988 = CYLINDRICAL_SURFACE('',#7989,0.254);
#7989 = AXIS2_PLACEMENT_3D('',#7990,#7991,#7992);
#7990 = CARTESIAN_POINT('',(70.357999999974,-28.32980210989,21.209));
#7991 = DIRECTION('',(2.2E-16,1.,0.));
#7992 = DIRECTION('',(-1.,2.2E-16,-9.1532E-13));
#7993 = ADVANCED_FACE('',(#7994),#8000,.T.);
#7994 = FACE_BOUND('',#7995,.F.);
#7995 = EDGE_LOOP('',(#7996,#7997,#7998,#7999));
#7996 = ORIENTED_EDGE('',*,*,#7981,.T.);
#7997 = ORIENTED_EDGE('',*,*,#6981,.T.);
#7998 = ORIENTED_EDGE('',*,*,#7937,.F.);
#7999 = ORIENTED_EDGE('',*,*,#5039,.F.);
#8000 = CYLINDRICAL_SURFACE('',#8001,0.254);
#8001 = AXIS2_PLACEMENT_3D('',#8002,#8003,#8004);
#8002 = CARTESIAN_POINT('',(70.357999999974,-21.47180210989,20.955));
#8003 = DIRECTION('',(2.2E-16,0.,-1.));
#8004 = DIRECTION('',(-1.,-2.289E-14,-2.2E-16));
#8005 = ADVANCED_FACE('',(#8006),#8033,.F.);
#8006 = FACE_BOUND('',#8007,.T.);
#8007 = EDGE_LOOP('',(#8008,#8017,#8025,#8032));
#8008 = ORIENTED_EDGE('',*,*,#8009,.T.);
#8009 = EDGE_CURVE('',#5064,#8010,#8012,.T.);
#8010 = VERTEX_POINT('',#8011);
#8011 = CARTESIAN_POINT('',(69.595999999982,33.782,9.525));
#8012 = CIRCLE('',#8013,0.508);
#8013 = AXIS2_PLACEMENT_3D('',#8014,#8015,#8016);
#8014 = CARTESIAN_POINT('',(69.595999999982,33.782000000005,
    10.033000000003));
#8015 = DIRECTION('',(-2.311E-14,1.,-5.02952E-12));
#8016 = DIRECTION('',(-9.1509E-13,5.02952E-12,1.));
#8017 = ORIENTED_EDGE('',*,*,#8018,.T.);
#8018 = EDGE_CURVE('',#8010,#8019,#8021,.T.);
#8019 = VERTEX_POINT('',#8020);
#8020 = CARTESIAN_POINT('',(69.595999999982,-33.782,9.525));
#8021 = LINE('',#8022,#8023);
#8022 = CARTESIAN_POINT('',(69.595999999982,34.29,9.525));
#8023 = VECTOR('',#8024,1.);
#8024 = DIRECTION('',(-0.,-1.,-0.));
#8025 = ORIENTED_EDGE('',*,*,#8026,.F.);
#8026 = EDGE_CURVE('',#5066,#8019,#8027,.T.);
#8027 = CIRCLE('',#8028,0.508);
#8028 = AXIS2_PLACEMENT_3D('',#8029,#8030,#8031);
#8029 = CARTESIAN_POINT('',(69.595999999984,-33.78199999999,10.033));
#8030 = DIRECTION('',(-2.311E-14,1.,-1.83114E-12));
#8031 = DIRECTION('',(-9.1509E-13,1.83114E-12,1.));
#8032 = ORIENTED_EDGE('',*,*,#5063,.F.);
#8033 = CYLINDRICAL_SURFACE('',#8034,0.508);
#8034 = AXIS2_PLACEMENT_3D('',#8035,#8036,#8037);
#8035 = CARTESIAN_POINT('',(69.595999999982,34.29,10.033));
#8036 = DIRECTION('',(-0.,-1.,-0.));
#8037 = DIRECTION('',(1.,0.,9.1509E-13));
#8038 = ADVANCED_FACE('',(#8039),#8059,.F.);
#8039 = FACE_BOUND('',#8040,.F.);
#8040 = EDGE_LOOP('',(#8041,#8050,#8051,#8052));
#8041 = ORIENTED_EDGE('',*,*,#8042,.F.);
#8042 = EDGE_CURVE('',#5117,#8043,#8045,.T.);
#8043 = VERTEX_POINT('',#8044);
#8044 = CARTESIAN_POINT('',(69.595999999985,34.29,9.017));
#8045 = CIRCLE('',#8046,0.508);
#8046 = AXIS2_PLACEMENT_3D('',#8047,#8048,#8049);
#8047 = CARTESIAN_POINT('',(69.595999999983,34.798,9.016999999997));
#8048 = DIRECTION('',(9.1509E-13,-5.9445E-12,-1.));
#8049 = DIRECTION('',(-2.311E-14,1.,-5.9445E-12));
#8050 = ORIENTED_EDGE('',*,*,#5124,.T.);
#8051 = ORIENTED_EDGE('',*,*,#8009,.T.);
#8052 = ORIENTED_EDGE('',*,*,#8053,.F.);
#8053 = EDGE_CURVE('',#8043,#8010,#8054,.T.);
#8054 = CIRCLE('',#8055,0.508);
#8055 = AXIS2_PLACEMENT_3D('',#8056,#8057,#8058);
#8056 = CARTESIAN_POINT('',(69.595999999983,33.782,9.017000000003));
#8057 = DIRECTION('',(1.,2.311E-14,9.1509E-13));
#8058 = DIRECTION('',(-2.310999999456E-14,1.,-5.9445E-12));
#8059 = TOROIDAL_SURFACE('',#8060,1.016,0.508);
#8060 = AXIS2_PLACEMENT_3D('',#8061,#8062,#8063);
#8061 = CARTESIAN_POINT('',(69.595999999983,33.782,9.017000000003));
#8062 = DIRECTION('',(1.,2.311E-14,9.1509E-13));
#8063 = DIRECTION('',(-2.310999999456E-14,1.,-5.9445E-12));
#8064 = ADVANCED_FACE('',(#8065),#8085,.F.);
#8065 = FACE_BOUND('',#8066,.T.);
#8066 = EDGE_LOOP('',(#8067,#8076,#8077,#8078));
#8067 = ORIENTED_EDGE('',*,*,#8068,.F.);
#8068 = EDGE_CURVE('',#5074,#8069,#8071,.T.);
#8069 = VERTEX_POINT('',#8070);
#8070 = CARTESIAN_POINT('',(69.595999999987,-34.29,9.017));
#8071 = CIRCLE('',#8072,0.508);
#8072 = AXIS2_PLACEMENT_3D('',#8073,#8074,#8075);
#8073 = CARTESIAN_POINT('',(69.595999999985,-34.798,9.017));
#8074 = DIRECTION('',(-9.1509E-13,9.1615E-13,1.));
#8075 = DIRECTION('',(2.311E-14,-1.,9.1615E-13));
#8076 = ORIENTED_EDGE('',*,*,#5073,.T.);
#8077 = ORIENTED_EDGE('',*,*,#8026,.T.);
#8078 = ORIENTED_EDGE('',*,*,#8079,.F.);
#8079 = EDGE_CURVE('',#8069,#8019,#8080,.T.);
#8080 = CIRCLE('',#8081,0.508);
#8081 = AXIS2_PLACEMENT_3D('',#8082,#8083,#8084);
#8082 = CARTESIAN_POINT('',(69.595999999985,-33.782,9.017));
#8083 = DIRECTION('',(-1.,-2.311E-14,-9.1509E-13));
#8084 = DIRECTION('',(2.310999999916E-14,-1.,9.1615E-13));
#8085 = TOROIDAL_SURFACE('',#8086,1.016,0.508);
#8086 = AXIS2_PLACEMENT_3D('',#8087,#8088,#8089);
#8087 = CARTESIAN_POINT('',(69.595999999985,-33.782,9.017));
#8088 = DIRECTION('',(1.,2.311E-14,9.1509E-13));
#8089 = DIRECTION('',(2.310999999916E-14,-1.,9.1615E-13));
#8090 = ADVANCED_FACE('',(#8091),#8110,.F.);
#8091 = FACE_BOUND('',#8092,.T.);
#8092 = EDGE_LOOP('',(#8093,#8102,#8108,#8109));
#8093 = ORIENTED_EDGE('',*,*,#8094,.T.);
#8094 = EDGE_CURVE('',#5108,#8095,#8097,.T.);
#8095 = VERTEX_POINT('',#8096);
#8096 = CARTESIAN_POINT('',(69.595999999985,34.29,7.747));
#8097 = CIRCLE('',#8098,0.508);
#8098 = AXIS2_PLACEMENT_3D('',#8099,#8100,#8101);
#8099 = CARTESIAN_POINT('',(69.595999999985,34.798,7.746999999997));
#8100 = DIRECTION('',(9.1509E-13,-5.948E-12,-1.));
#8101 = DIRECTION('',(-2.311E-14,1.,-5.948E-12));
#8102 = ORIENTED_EDGE('',*,*,#8103,.T.);
#8103 = EDGE_CURVE('',#8095,#8043,#8104,.T.);
#8104 = LINE('',#8105,#8106);
#8105 = CARTESIAN_POINT('',(69.595999999985,34.29,7.239));
#8106 = VECTOR('',#8107,1.);
#8107 = DIRECTION('',(0.,0.,1.));
#8108 = ORIENTED_EDGE('',*,*,#8042,.F.);
#8109 = ORIENTED_EDGE('',*,*,#5116,.F.);
#8110 = CYLINDRICAL_SURFACE('',#8111,0.508);
#8111 = AXIS2_PLACEMENT_3D('',#8112,#8113,#8114);
#8112 = CARTESIAN_POINT('',(69.595999999985,34.798,7.239));
#8113 = DIRECTION('',(0.,0.,1.));
#8114 = DIRECTION('',(1.,2.311E-14,0.));
#8115 = ADVANCED_FACE('',(#8116),#8135,.F.);
#8116 = FACE_BOUND('',#8117,.F.);
#8117 = EDGE_LOOP('',(#8118,#8127,#8133,#8134));
#8118 = ORIENTED_EDGE('',*,*,#8119,.T.);
#8119 = EDGE_CURVE('',#5083,#8120,#8122,.T.);
#8120 = VERTEX_POINT('',#8121);
#8121 = CARTESIAN_POINT('',(69.595999999987,-34.29,7.747));
#8122 = CIRCLE('',#8123,0.508);
#8123 = AXIS2_PLACEMENT_3D('',#8124,#8125,#8126);
#8124 = CARTESIAN_POINT('',(69.595999999986,-34.798,7.746999999997));
#8125 = DIRECTION('',(-9.1509E-13,-5.948E-12,1.));
#8126 = DIRECTION('',(2.311E-14,-1.,-5.948E-12));
#8127 = ORIENTED_EDGE('',*,*,#8128,.T.);
#8128 = EDGE_CURVE('',#8120,#8069,#8129,.T.);
#8129 = LINE('',#8130,#8131);
#8130 = CARTESIAN_POINT('',(69.595999999987,-34.29,7.239));
#8131 = VECTOR('',#8132,1.);
#8132 = DIRECTION('',(0.,0.,1.));
#8133 = ORIENTED_EDGE('',*,*,#8068,.F.);
#8134 = ORIENTED_EDGE('',*,*,#5082,.F.);
#8135 = CYLINDRICAL_SURFACE('',#8136,0.508);
#8136 = AXIS2_PLACEMENT_3D('',#8137,#8138,#8139);
#8137 = CARTESIAN_POINT('',(69.595999999987,-34.798,7.239));
#8138 = DIRECTION('',(0.,0.,1.));
#8139 = DIRECTION('',(1.,2.311E-14,0.));
#8140 = ADVANCED_FACE('',(#8141),#8161,.F.);
#8141 = FACE_BOUND('',#8142,.T.);
#8142 = EDGE_LOOP('',(#8143,#8144,#8145,#8154));
#8143 = ORIENTED_EDGE('',*,*,#8094,.F.);
#8144 = ORIENTED_EDGE('',*,*,#5107,.T.);
#8145 = ORIENTED_EDGE('',*,*,#8146,.T.);
#8146 = EDGE_CURVE('',#5100,#8147,#8149,.T.);
#8147 = VERTEX_POINT('',#8148);
#8148 = CARTESIAN_POINT('',(69.595999999985,33.782,7.239));
#8149 = CIRCLE('',#8150,0.508);
#8150 = AXIS2_PLACEMENT_3D('',#8151,#8152,#8153);
#8151 = CARTESIAN_POINT('',(69.595999999985,33.781999999995,
    6.731000000003));
#8152 = DIRECTION('',(2.311E-14,-1.,5.03289E-12));
#8153 = DIRECTION('',(9.1509E-13,-5.03289E-12,-1.));
#8154 = ORIENTED_EDGE('',*,*,#8155,.F.);
#8155 = EDGE_CURVE('',#8095,#8147,#8156,.T.);
#8156 = CIRCLE('',#8157,0.508);
#8157 = AXIS2_PLACEMENT_3D('',#8158,#8159,#8160);
#8158 = CARTESIAN_POINT('',(69.595999999985,33.782,7.747000000003));
#8159 = DIRECTION('',(-1.,-2.311E-14,-9.1509E-13));
#8160 = DIRECTION('',(-2.310999999456E-14,1.,-5.948E-12));
#8161 = TOROIDAL_SURFACE('',#8162,1.016,0.508);
#8162 = AXIS2_PLACEMENT_3D('',#8163,#8164,#8165);
#8163 = CARTESIAN_POINT('',(69.595999999985,33.782,7.747000000003));
#8164 = DIRECTION('',(1.,2.311E-14,9.1509E-13));
#8165 = DIRECTION('',(-2.310999999456E-14,1.,-5.948E-12));
#8166 = ADVANCED_FACE('',(#8167),#8187,.F.);
#8167 = FACE_BOUND('',#8168,.F.);
#8168 = EDGE_LOOP('',(#8169,#8170,#8171,#8180));
#8169 = ORIENTED_EDGE('',*,*,#8119,.F.);
#8170 = ORIENTED_EDGE('',*,*,#5090,.T.);
#8171 = ORIENTED_EDGE('',*,*,#8172,.T.);
#8172 = EDGE_CURVE('',#5091,#8173,#8175,.T.);
#8173 = VERTEX_POINT('',#8174);
#8174 = CARTESIAN_POINT('',(69.595999999985,-33.782,7.239));
#8175 = CIRCLE('',#8176,0.508);
#8176 = AXIS2_PLACEMENT_3D('',#8177,#8178,#8179);
#8177 = CARTESIAN_POINT('',(69.595999999987,-33.78199999999,
    6.731000000003));
#8178 = DIRECTION('',(2.311E-14,-1.,-5.03289E-12));
#8179 = DIRECTION('',(9.1509E-13,5.03289E-12,-1.));
#8180 = ORIENTED_EDGE('',*,*,#8181,.F.);
#8181 = EDGE_CURVE('',#8120,#8173,#8182,.T.);
#8182 = CIRCLE('',#8183,0.508);
#8183 = AXIS2_PLACEMENT_3D('',#8184,#8185,#8186);
#8184 = CARTESIAN_POINT('',(69.595999999986,-33.782,7.747000000003));
#8185 = DIRECTION('',(1.,2.311E-14,9.1509E-13));
#8186 = DIRECTION('',(2.311000000544E-14,-1.,-5.948E-12));
#8187 = TOROIDAL_SURFACE('',#8188,1.016,0.508);
#8188 = AXIS2_PLACEMENT_3D('',#8189,#8190,#8191);
#8189 = CARTESIAN_POINT('',(69.595999999986,-33.782,7.747000000003));
#8190 = DIRECTION('',(1.,2.311E-14,9.1509E-13));
#8191 = DIRECTION('',(2.311000000544E-14,-1.,-5.948E-12));
#8192 = ADVANCED_FACE('',(#8193),#8204,.F.);
#8193 = FACE_BOUND('',#8194,.F.);
#8194 = EDGE_LOOP('',(#8195,#8196,#8202,#8203));
#8195 = ORIENTED_EDGE('',*,*,#8146,.T.);
#8196 = ORIENTED_EDGE('',*,*,#8197,.T.);
#8197 = EDGE_CURVE('',#8147,#8173,#8198,.T.);
#8198 = LINE('',#8199,#8200);
#8199 = CARTESIAN_POINT('',(69.595999999985,34.29,7.239));
#8200 = VECTOR('',#8201,1.);
#8201 = DIRECTION('',(-0.,-1.,-0.));
#8202 = ORIENTED_EDGE('',*,*,#8172,.F.);
#8203 = ORIENTED_EDGE('',*,*,#5099,.F.);
#8204 = CYLINDRICAL_SURFACE('',#8205,0.508);
#8205 = AXIS2_PLACEMENT_3D('',#8206,#8207,#8208);
#8206 = CARTESIAN_POINT('',(69.595999999985,34.29,6.731));
#8207 = DIRECTION('',(-0.,-1.,-0.));
#8208 = DIRECTION('',(1.,0.,9.1509E-13));
#8209 = ADVANCED_FACE('',(#8210),#8229,.T.);
#8210 = FACE_BOUND('',#8211,.T.);
#8211 = EDGE_LOOP('',(#8212,#8221,#8227,#8228));
#8212 = ORIENTED_EDGE('',*,*,#8213,.F.);
#8213 = EDGE_CURVE('',#8214,#5166,#8216,.T.);
#8214 = VERTEX_POINT('',#8215);
#8215 = CARTESIAN_POINT('',(66.802,33.782,5.334));
#8216 = CIRCLE('',#8217,0.508);
#8217 = AXIS2_PLACEMENT_3D('',#8218,#8219,#8220);
#8218 = CARTESIAN_POINT('',(66.802,33.782,4.826));
#8219 = DIRECTION('',(-1.,-6.E-17,-0.));
#8220 = DIRECTION('',(-6.E-17,1.,0.));
#8221 = ORIENTED_EDGE('',*,*,#8222,.T.);
#8222 = EDGE_CURVE('',#8214,#7846,#8223,.T.);
#8223 = LINE('',#8224,#8225);
#8224 = CARTESIAN_POINT('',(66.294,33.782,5.334));
#8225 = VECTOR('',#8226,1.);
#8226 = DIRECTION('',(1.,0.,0.));
#8227 = ORIENTED_EDGE('',*,*,#7922,.T.);
#8228 = ORIENTED_EDGE('',*,*,#5173,.F.);
#8229 = CYLINDRICAL_SURFACE('',#8230,0.508);
#8230 = AXIS2_PLACEMENT_3D('',#8231,#8232,#8233);
#8231 = CARTESIAN_POINT('',(66.294,33.782,4.826));
#8232 = DIRECTION('',(1.,0.,0.));
#8233 = DIRECTION('',(0.,1.,0.));
#8234 = ADVANCED_FACE('',(#8235),#8254,.T.);
#8235 = FACE_BOUND('',#8236,.F.);
#8236 = EDGE_LOOP('',(#8237,#8246,#8252,#8253));
#8237 = ORIENTED_EDGE('',*,*,#8238,.T.);
#8238 = EDGE_CURVE('',#5188,#8239,#8241,.T.);
#8239 = VERTEX_POINT('',#8240);
#8240 = CARTESIAN_POINT('',(66.802,-33.782,5.334));
#8241 = CIRCLE('',#8242,0.508);
#8242 = AXIS2_PLACEMENT_3D('',#8243,#8244,#8245);
#8243 = CARTESIAN_POINT('',(66.802,-33.782,4.826));
#8244 = DIRECTION('',(-1.,0.,-6.E-17));
#8245 = DIRECTION('',(-6.E-17,0.,1.));
#8246 = ORIENTED_EDGE('',*,*,#8247,.T.);
#8247 = EDGE_CURVE('',#8239,#7801,#8248,.T.);
#8248 = LINE('',#8249,#8250);
#8249 = CARTESIAN_POINT('',(66.294,-33.782,5.334));
#8250 = VECTOR('',#8251,1.);
#8251 = DIRECTION('',(1.,0.,0.));
#8252 = ORIENTED_EDGE('',*,*,#7811,.T.);
#8253 = ORIENTED_EDGE('',*,*,#5204,.F.);
#8254 = CYLINDRICAL_SURFACE('',#8255,0.508);
#8255 = AXIS2_PLACEMENT_3D('',#8256,#8257,#8258);
#8256 = CARTESIAN_POINT('',(66.294,-33.782,4.826));
#8257 = DIRECTION('',(1.,0.,0.));
#8258 = DIRECTION('',(0.,-1.,0.));
#8259 = ADVANCED_FACE('',(#8260),#8271,.T.);
#8260 = FACE_BOUND('',#8261,.T.);
#8261 = EDGE_LOOP('',(#8262,#8269,#8270));
#8262 = ORIENTED_EDGE('',*,*,#8263,.F.);
#8263 = EDGE_CURVE('',#8214,#5221,#8264,.T.);
#8264 = CIRCLE('',#8265,0.508);
#8265 = AXIS2_PLACEMENT_3D('',#8266,#8267,#8268);
#8266 = CARTESIAN_POINT('',(66.802,33.782,4.826));
#8267 = DIRECTION('',(-1.399E-14,-1.,-0.));
#8268 = DIRECTION('',(-1.,1.399E-14,0.));
#8269 = ORIENTED_EDGE('',*,*,#8213,.T.);
#8270 = ORIENTED_EDGE('',*,*,#5228,.F.);
#8271 = SPHERICAL_SURFACE('',#8272,0.508);
#8272 = AXIS2_PLACEMENT_3D('',#8273,#8274,#8275);
#8273 = CARTESIAN_POINT('',(66.802,33.782,4.826));
#8274 = DIRECTION('',(-0.,-0.,-1.));
#8275 = DIRECTION('',(-1.,1.399E-14,0.));
#8276 = ADVANCED_FACE('',(#8277),#8288,.T.);
#8277 = FACE_BOUND('',#8278,.T.);
#8278 = EDGE_LOOP('',(#8279,#8280,#8281));
#8279 = ORIENTED_EDGE('',*,*,#5253,.F.);
#8280 = ORIENTED_EDGE('',*,*,#8238,.T.);
#8281 = ORIENTED_EDGE('',*,*,#8282,.F.);
#8282 = EDGE_CURVE('',#5244,#8239,#8283,.T.);
#8283 = CIRCLE('',#8284,0.508);
#8284 = AXIS2_PLACEMENT_3D('',#8285,#8286,#8287);
#8285 = CARTESIAN_POINT('',(66.802,-33.782,4.826));
#8286 = DIRECTION('',(0.,1.,-0.));
#8287 = DIRECTION('',(-1.,0.,0.));
#8288 = SPHERICAL_SURFACE('',#8289,0.508);
#8289 = AXIS2_PLACEMENT_3D('',#8290,#8291,#8292);
#8290 = CARTESIAN_POINT('',(66.802,-33.782,4.826));
#8291 = DIRECTION('',(0.,1.,0.));
#8292 = DIRECTION('',(-1.,0.,0.));
#8293 = ADVANCED_FACE('',(#8294),#8305,.T.);
#8294 = FACE_BOUND('',#8295,.T.);
#8295 = EDGE_LOOP('',(#8296,#8297,#8298,#8304));
#8296 = ORIENTED_EDGE('',*,*,#5271,.F.);
#8297 = ORIENTED_EDGE('',*,*,#8282,.T.);
#8298 = ORIENTED_EDGE('',*,*,#8299,.T.);
#8299 = EDGE_CURVE('',#8239,#8214,#8300,.T.);
#8300 = LINE('',#8301,#8302);
#8301 = CARTESIAN_POINT('',(66.802,-34.29,5.334));
#8302 = VECTOR('',#8303,1.);
#8303 = DIRECTION('',(0.,1.,0.));
#8304 = ORIENTED_EDGE('',*,*,#8263,.T.);
#8305 = CYLINDRICAL_SURFACE('',#8306,0.508);
#8306 = AXIS2_PLACEMENT_3D('',#8307,#8308,#8309);
#8307 = CARTESIAN_POINT('',(66.802,-34.29,4.826));
#8308 = DIRECTION('',(0.,1.,0.));
#8309 = DIRECTION('',(-1.,0.,0.));
#8310 = ADVANCED_FACE('',(#8311),#8317,.F.);
#8311 = FACE_BOUND('',#8312,.F.);
#8312 = EDGE_LOOP('',(#8313,#8314,#8315,#8316));
#8313 = ORIENTED_EDGE('',*,*,#6998,.T.);
#8314 = ORIENTED_EDGE('',*,*,#6484,.T.);
#8315 = ORIENTED_EDGE('',*,*,#6749,.F.);
#8316 = ORIENTED_EDGE('',*,*,#6791,.F.);
#8317 = PLANE('',#8318);
#8318 = AXIS2_PLACEMENT_3D('',#8319,#8320,#8321);
#8319 = CARTESIAN_POINT('',(-66.294,-34.29,5.334));
#8320 = DIRECTION('',(0.,0.,-1.));
#8321 = DIRECTION('',(0.,1.,0.));
#8322 = ADVANCED_FACE('',(#8323),#8348,.F.);
#8323 = FACE_BOUND('',#8324,.F.);
#8324 = EDGE_LOOP('',(#8325,#8333,#8334,#8342));
#8325 = ORIENTED_EDGE('',*,*,#8326,.T.);
#8326 = EDGE_CURVE('',#8327,#6537,#8329,.T.);
#8327 = VERTEX_POINT('',#8328);
#8328 = CARTESIAN_POINT('',(-66.802,-34.29,7.747));
#8329 = LINE('',#8330,#8331);
#8330 = CARTESIAN_POINT('',(-66.294,-34.29,7.747));
#8331 = VECTOR('',#8332,1.);
#8332 = DIRECTION('',(-1.,-0.,-0.));
#8333 = ORIENTED_EDGE('',*,*,#6545,.T.);
#8334 = ORIENTED_EDGE('',*,*,#8335,.T.);
#8335 = EDGE_CURVE('',#6546,#8336,#8338,.T.);
#8336 = VERTEX_POINT('',#8337);
#8337 = CARTESIAN_POINT('',(-66.802,-34.29,9.017));
#8338 = LINE('',#8339,#8340);
#8339 = CARTESIAN_POINT('',(-70.104,-34.29,9.017));
#8340 = VECTOR('',#8341,1.);
#8341 = DIRECTION('',(1.,0.,0.));
#8342 = ORIENTED_EDGE('',*,*,#8343,.F.);
#8343 = EDGE_CURVE('',#8327,#8336,#8344,.T.);
#8344 = LINE('',#8345,#8346);
#8345 = CARTESIAN_POINT('',(-66.802,-34.29,7.239));
#8346 = VECTOR('',#8347,1.);
#8347 = DIRECTION('',(0.,0.,1.));
#8348 = PLANE('',#8349);
#8349 = AXIS2_PLACEMENT_3D('',#8350,#8351,#8352);
#8350 = CARTESIAN_POINT('',(-70.104,-34.29,1.524));
#8351 = DIRECTION('',(0.,1.,0.));
#8352 = DIRECTION('',(1.,0.,0.));
#8353 = ADVANCED_FACE('',(#8354),#8373,.T.);
#8354 = FACE_BOUND('',#8355,.F.);
#8355 = EDGE_LOOP('',(#8356,#8357,#8366,#8372));
#8356 = ORIENTED_EDGE('',*,*,#8326,.F.);
#8357 = ORIENTED_EDGE('',*,*,#8358,.F.);
#8358 = EDGE_CURVE('',#8359,#8327,#8361,.T.);
#8359 = VERTEX_POINT('',#8360);
#8360 = CARTESIAN_POINT('',(-66.802,-33.782,7.239));
#8361 = CIRCLE('',#8362,0.508);
#8362 = AXIS2_PLACEMENT_3D('',#8363,#8364,#8365);
#8363 = CARTESIAN_POINT('',(-66.802,-33.782,7.747));
#8364 = DIRECTION('',(-1.,0.,0.));
#8365 = DIRECTION('',(0.,0.,-1.));
#8366 = ORIENTED_EDGE('',*,*,#8367,.T.);
#8367 = EDGE_CURVE('',#8359,#6572,#8368,.T.);
#8368 = LINE('',#8369,#8370);
#8369 = CARTESIAN_POINT('',(-66.294,-33.782,7.239));
#8370 = VECTOR('',#8371,1.);
#8371 = DIRECTION('',(-1.,-0.,-0.));
#8372 = ORIENTED_EDGE('',*,*,#6580,.F.);
#8373 = CYLINDRICAL_SURFACE('',#8374,0.508);
#8374 = AXIS2_PLACEMENT_3D('',#8375,#8376,#8377);
#8375 = CARTESIAN_POINT('',(-66.294,-33.782,7.747));
#8376 = DIRECTION('',(-1.,-0.,-0.));
#8377 = DIRECTION('',(0.,-1.,0.));
#8378 = ADVANCED_FACE('',(#8379),#8398,.T.);
#8379 = FACE_BOUND('',#8380,.F.);
#8380 = EDGE_LOOP('',(#8381,#8382,#8383,#8391));
#8381 = ORIENTED_EDGE('',*,*,#8335,.F.);
#8382 = ORIENTED_EDGE('',*,*,#6606,.F.);
#8383 = ORIENTED_EDGE('',*,*,#8384,.T.);
#8384 = EDGE_CURVE('',#6596,#8385,#8387,.T.);
#8385 = VERTEX_POINT('',#8386);
#8386 = CARTESIAN_POINT('',(-66.802,-33.782,9.525));
#8387 = LINE('',#8388,#8389);
#8388 = CARTESIAN_POINT('',(-70.104,-33.782,9.525));
#8389 = VECTOR('',#8390,1.);
#8390 = DIRECTION('',(1.,0.,0.));
#8391 = ORIENTED_EDGE('',*,*,#8392,.F.);
#8392 = EDGE_CURVE('',#8336,#8385,#8393,.T.);
#8393 = CIRCLE('',#8394,0.508);
#8394 = AXIS2_PLACEMENT_3D('',#8395,#8396,#8397);
#8395 = CARTESIAN_POINT('',(-66.802,-33.782,9.017));
#8396 = DIRECTION('',(-1.,0.,0.));
#8397 = DIRECTION('',(0.,-1.,0.));
#8398 = CYLINDRICAL_SURFACE('',#8399,0.508);
#8399 = AXIS2_PLACEMENT_3D('',#8400,#8401,#8402);
#8400 = CARTESIAN_POINT('',(-70.104,-33.782,9.017));
#8401 = DIRECTION('',(1.,0.,0.));
#8402 = DIRECTION('',(0.,-1.,0.));
#8403 = ADVANCED_FACE('',(#8404),#8422,.F.);
#8404 = FACE_BOUND('',#8405,.F.);
#8405 = EDGE_LOOP('',(#8406,#8407,#8415,#8421));
#8406 = ORIENTED_EDGE('',*,*,#8367,.F.);
#8407 = ORIENTED_EDGE('',*,*,#8408,.F.);
#8408 = EDGE_CURVE('',#8409,#8359,#8411,.T.);
#8409 = VERTEX_POINT('',#8410);
#8410 = CARTESIAN_POINT('',(-66.802,33.782,7.239));
#8411 = LINE('',#8412,#8413);
#8412 = CARTESIAN_POINT('',(-66.802,34.29,7.239));
#8413 = VECTOR('',#8414,1.);
#8414 = DIRECTION('',(0.,-1.,0.));
#8415 = ORIENTED_EDGE('',*,*,#8416,.T.);
#8416 = EDGE_CURVE('',#8409,#6622,#8417,.T.);
#8417 = LINE('',#8418,#8419);
#8418 = CARTESIAN_POINT('',(-66.294,33.782,7.239));
#8419 = VECTOR('',#8420,1.);
#8420 = DIRECTION('',(-1.,-0.,-0.));
#8421 = ORIENTED_EDGE('',*,*,#6630,.T.);
#8422 = PLANE('',#8423);
#8423 = AXIS2_PLACEMENT_3D('',#8424,#8425,#8426);
#8424 = CARTESIAN_POINT('',(-66.294,34.29,7.239));
#8425 = DIRECTION('',(0.,0.,1.));
#8426 = DIRECTION('',(0.,-1.,0.));
#8427 = ADVANCED_FACE('',(#8428),#8446,.T.);
#8428 = FACE_BOUND('',#8429,.T.);
#8429 = EDGE_LOOP('',(#8430,#8431,#8439,#8445));
#8430 = ORIENTED_EDGE('',*,*,#8384,.T.);
#8431 = ORIENTED_EDGE('',*,*,#8432,.T.);
#8432 = EDGE_CURVE('',#8385,#8433,#8435,.T.);
#8433 = VERTEX_POINT('',#8434);
#8434 = CARTESIAN_POINT('',(-66.802,33.782,9.525));
#8435 = LINE('',#8436,#8437);
#8436 = CARTESIAN_POINT('',(-66.802,-34.29,9.525));
#8437 = VECTOR('',#8438,1.);
#8438 = DIRECTION('',(0.,1.,0.));
#8439 = ORIENTED_EDGE('',*,*,#8440,.T.);
#8440 = EDGE_CURVE('',#8433,#6647,#8441,.T.);
#8441 = LINE('',#8442,#8443);
#8442 = CARTESIAN_POINT('',(-66.294,33.782,9.525));
#8443 = VECTOR('',#8444,1.);
#8444 = DIRECTION('',(-1.,0.,0.));
#8445 = ORIENTED_EDGE('',*,*,#6655,.T.);
#8446 = PLANE('',#8447);
#8447 = AXIS2_PLACEMENT_3D('',#8448,#8449,#8450);
#8448 = CARTESIAN_POINT('',(-68.199,2.E-16,9.525));
#8449 = DIRECTION('',(0.,0.,1.));
#8450 = DIRECTION('',(1.,0.,0.));
#8451 = ADVANCED_FACE('',(#8452),#8471,.T.);
#8452 = FACE_BOUND('',#8453,.F.);
#8453 = EDGE_LOOP('',(#8454,#8463,#8469,#8470));
#8454 = ORIENTED_EDGE('',*,*,#8455,.F.);
#8455 = EDGE_CURVE('',#8456,#8409,#8458,.T.);
#8456 = VERTEX_POINT('',#8457);
#8457 = CARTESIAN_POINT('',(-66.802,34.29,7.747));
#8458 = CIRCLE('',#8459,0.508);
#8459 = AXIS2_PLACEMENT_3D('',#8460,#8461,#8462);
#8460 = CARTESIAN_POINT('',(-66.802,33.782,7.747));
#8461 = DIRECTION('',(-1.,-0.,-6.E-17));
#8462 = DIRECTION('',(6.E-17,0.,-1.));
#8463 = ORIENTED_EDGE('',*,*,#8464,.T.);
#8464 = EDGE_CURVE('',#8456,#6674,#8465,.T.);
#8465 = LINE('',#8466,#8467);
#8466 = CARTESIAN_POINT('',(-66.294,34.29,7.747));
#8467 = VECTOR('',#8468,1.);
#8468 = DIRECTION('',(-1.,-0.,-0.));
#8469 = ORIENTED_EDGE('',*,*,#6682,.F.);
#8470 = ORIENTED_EDGE('',*,*,#8416,.F.);
#8471 = CYLINDRICAL_SURFACE('',#8472,0.508);
#8472 = AXIS2_PLACEMENT_3D('',#8473,#8474,#8475);
#8473 = CARTESIAN_POINT('',(-66.294,33.782,7.747));
#8474 = DIRECTION('',(-1.,-0.,-0.));
#8475 = DIRECTION('',(0.,0.,-1.));
#8476 = ADVANCED_FACE('',(#8477),#8496,.T.);
#8477 = FACE_BOUND('',#8478,.T.);
#8478 = EDGE_LOOP('',(#8479,#8488,#8494,#8495));
#8479 = ORIENTED_EDGE('',*,*,#8480,.F.);
#8480 = EDGE_CURVE('',#8481,#8433,#8483,.T.);
#8481 = VERTEX_POINT('',#8482);
#8482 = CARTESIAN_POINT('',(-66.802,34.29,9.017));
#8483 = CIRCLE('',#8484,0.508);
#8484 = AXIS2_PLACEMENT_3D('',#8485,#8486,#8487);
#8485 = CARTESIAN_POINT('',(-66.802,33.782,9.017));
#8486 = DIRECTION('',(1.,0.,-0.));
#8487 = DIRECTION('',(0.,0.,1.));
#8488 = ORIENTED_EDGE('',*,*,#8489,.T.);
#8489 = EDGE_CURVE('',#8481,#6698,#8490,.T.);
#8490 = LINE('',#8491,#8492);
#8491 = CARTESIAN_POINT('',(-66.294,34.29,9.017));
#8492 = VECTOR('',#8493,1.);
#8493 = DIRECTION('',(-1.,0.,0.));
#8494 = ORIENTED_EDGE('',*,*,#6708,.T.);
#8495 = ORIENTED_EDGE('',*,*,#8440,.F.);
#8496 = CYLINDRICAL_SURFACE('',#8497,0.508);
#8497 = AXIS2_PLACEMENT_3D('',#8498,#8499,#8500);
#8498 = CARTESIAN_POINT('',(-66.294,33.782,9.017));
#8499 = DIRECTION('',(-1.,0.,0.));
#8500 = DIRECTION('',(0.,0.,1.));
#8501 = ADVANCED_FACE('',(#8502),#8513,.F.);
#8502 = FACE_BOUND('',#8503,.F.);
#8503 = EDGE_LOOP('',(#8504,#8505,#8506,#8507));
#8504 = ORIENTED_EDGE('',*,*,#8489,.T.);
#8505 = ORIENTED_EDGE('',*,*,#6724,.F.);
#8506 = ORIENTED_EDGE('',*,*,#8464,.F.);
#8507 = ORIENTED_EDGE('',*,*,#8508,.T.);
#8508 = EDGE_CURVE('',#8456,#8481,#8509,.T.);
#8509 = LINE('',#8510,#8511);
#8510 = CARTESIAN_POINT('',(-66.802,34.29,7.239));
#8511 = VECTOR('',#8512,1.);
#8512 = DIRECTION('',(0.,0.,1.));
#8513 = PLANE('',#8514);
#8514 = AXIS2_PLACEMENT_3D('',#8515,#8516,#8517);
#8515 = CARTESIAN_POINT('',(-66.294,34.29,1.524));
#8516 = DIRECTION('',(0.,-1.,0.));
#8517 = DIRECTION('',(-1.,0.,0.));
#8518 = ADVANCED_FACE('',(#8519),#8525,.F.);
#8519 = FACE_BOUND('',#8520,.T.);
#8520 = EDGE_LOOP('',(#8521,#8522,#8523,#8524));
#8521 = ORIENTED_EDGE('',*,*,#7845,.T.);
#8522 = ORIENTED_EDGE('',*,*,#8222,.F.);
#8523 = ORIENTED_EDGE('',*,*,#8299,.F.);
#8524 = ORIENTED_EDGE('',*,*,#8247,.T.);
#8525 = PLANE('',#8526);
#8526 = AXIS2_PLACEMENT_3D('',#8527,#8528,#8529);
#8527 = CARTESIAN_POINT('',(66.294,-34.29,5.334));
#8528 = DIRECTION('',(-0.,-0.,-1.));
#8529 = DIRECTION('',(0.,-1.,0.));
#8530 = ADVANCED_FACE('',(#8531),#8556,.T.);
#8531 = FACE_BOUND('',#8532,.F.);
#8532 = EDGE_LOOP('',(#8533,#8534,#8542,#8550));
#8533 = ORIENTED_EDGE('',*,*,#8018,.T.);
#8534 = ORIENTED_EDGE('',*,*,#8535,.T.);
#8535 = EDGE_CURVE('',#8019,#8536,#8538,.T.);
#8536 = VERTEX_POINT('',#8537);
#8537 = CARTESIAN_POINT('',(66.802,-33.782,9.525));
#8538 = LINE('',#8539,#8540);
#8539 = CARTESIAN_POINT('',(70.104,-33.782,9.525));
#8540 = VECTOR('',#8541,1.);
#8541 = DIRECTION('',(-1.,-0.,-0.));
#8542 = ORIENTED_EDGE('',*,*,#8543,.T.);
#8543 = EDGE_CURVE('',#8536,#8544,#8546,.T.);
#8544 = VERTEX_POINT('',#8545);
#8545 = CARTESIAN_POINT('',(66.802,33.782,9.525));
#8546 = LINE('',#8547,#8548);
#8547 = CARTESIAN_POINT('',(66.802,-34.29,9.525));
#8548 = VECTOR('',#8549,1.);
#8549 = DIRECTION('',(0.,1.,0.));
#8550 = ORIENTED_EDGE('',*,*,#8551,.T.);
#8551 = EDGE_CURVE('',#8544,#8010,#8552,.T.);
#8552 = LINE('',#8553,#8554);
#8553 = CARTESIAN_POINT('',(66.294,33.782,9.525));
#8554 = VECTOR('',#8555,1.);
#8555 = DIRECTION('',(1.,0.,0.));
#8556 = PLANE('',#8557);
#8557 = AXIS2_PLACEMENT_3D('',#8558,#8559,#8560);
#8558 = CARTESIAN_POINT('',(68.199,2.E-16,9.525));
#8559 = DIRECTION('',(0.,0.,1.));
#8560 = DIRECTION('',(1.,0.,0.));
#8561 = ADVANCED_FACE('',(#8562),#8581,.T.);
#8562 = FACE_BOUND('',#8563,.T.);
#8563 = EDGE_LOOP('',(#8564,#8572,#8579,#8580));
#8564 = ORIENTED_EDGE('',*,*,#8565,.F.);
#8565 = EDGE_CURVE('',#8566,#8043,#8568,.T.);
#8566 = VERTEX_POINT('',#8567);
#8567 = CARTESIAN_POINT('',(66.802,34.29,9.017));
#8568 = LINE('',#8569,#8570);
#8569 = CARTESIAN_POINT('',(66.294,34.29,9.017));
#8570 = VECTOR('',#8571,1.);
#8571 = DIRECTION('',(1.,0.,0.));
#8572 = ORIENTED_EDGE('',*,*,#8573,.T.);
#8573 = EDGE_CURVE('',#8566,#8544,#8574,.T.);
#8574 = CIRCLE('',#8575,0.508);
#8575 = AXIS2_PLACEMENT_3D('',#8576,#8577,#8578);
#8576 = CARTESIAN_POINT('',(66.802,33.782,9.017));
#8577 = DIRECTION('',(1.,0.,0.));
#8578 = DIRECTION('',(0.,1.,0.));
#8579 = ORIENTED_EDGE('',*,*,#8551,.T.);
#8580 = ORIENTED_EDGE('',*,*,#8053,.F.);
#8581 = CYLINDRICAL_SURFACE('',#8582,0.508);
#8582 = AXIS2_PLACEMENT_3D('',#8583,#8584,#8585);
#8583 = CARTESIAN_POINT('',(66.294,33.782,9.017));
#8584 = DIRECTION('',(1.,0.,0.));
#8585 = DIRECTION('',(0.,1.,0.));
#8586 = ADVANCED_FACE('',(#8587),#8606,.T.);
#8587 = FACE_BOUND('',#8588,.F.);
#8588 = EDGE_LOOP('',(#8589,#8590,#8591,#8599));
#8589 = ORIENTED_EDGE('',*,*,#8535,.F.);
#8590 = ORIENTED_EDGE('',*,*,#8079,.F.);
#8591 = ORIENTED_EDGE('',*,*,#8592,.T.);
#8592 = EDGE_CURVE('',#8069,#8593,#8595,.T.);
#8593 = VERTEX_POINT('',#8594);
#8594 = CARTESIAN_POINT('',(66.294,-34.29,9.017));
#8595 = LINE('',#8596,#8597);
#8596 = CARTESIAN_POINT('',(70.104,-34.29,9.017));
#8597 = VECTOR('',#8598,1.);
#8598 = DIRECTION('',(-1.,-0.,-0.));
#8599 = ORIENTED_EDGE('',*,*,#8600,.F.);
#8600 = EDGE_CURVE('',#8536,#8593,#8601,.T.);
#8601 = ELLIPSE('',#8602,0.718420489686,0.508);
#8602 = AXIS2_PLACEMENT_3D('',#8603,#8604,#8605);
#8603 = CARTESIAN_POINT('',(66.802,-33.782,9.017));
#8604 = DIRECTION('',(0.707106781187,-0.707106781187,0.));
#8605 = DIRECTION('',(0.707106781187,0.707106781187,0.));
#8606 = CYLINDRICAL_SURFACE('',#8607,0.508);
#8607 = AXIS2_PLACEMENT_3D('',#8608,#8609,#8610);
#8608 = CARTESIAN_POINT('',(70.104,-33.782,9.017));
#8609 = DIRECTION('',(-1.,-0.,-0.));
#8610 = DIRECTION('',(0.,0.,1.));
#8611 = ADVANCED_FACE('',(#8612),#8630,.F.);
#8612 = FACE_BOUND('',#8613,.T.);
#8613 = EDGE_LOOP('',(#8614,#8615,#8616,#8624));
#8614 = ORIENTED_EDGE('',*,*,#8565,.T.);
#8615 = ORIENTED_EDGE('',*,*,#8103,.F.);
#8616 = ORIENTED_EDGE('',*,*,#8617,.F.);
#8617 = EDGE_CURVE('',#8618,#8095,#8620,.T.);
#8618 = VERTEX_POINT('',#8619);
#8619 = CARTESIAN_POINT('',(66.802,34.29,7.747));
#8620 = LINE('',#8621,#8622);
#8621 = CARTESIAN_POINT('',(66.294,34.29,7.747));
#8622 = VECTOR('',#8623,1.);
#8623 = DIRECTION('',(1.,0.,0.));
#8624 = ORIENTED_EDGE('',*,*,#8625,.T.);
#8625 = EDGE_CURVE('',#8618,#8566,#8626,.T.);
#8626 = LINE('',#8627,#8628);
#8627 = CARTESIAN_POINT('',(66.802,34.29,7.239));
#8628 = VECTOR('',#8629,1.);
#8629 = DIRECTION('',(0.,0.,1.));
#8630 = PLANE('',#8631);
#8631 = AXIS2_PLACEMENT_3D('',#8632,#8633,#8634);
#8632 = CARTESIAN_POINT('',(66.294,34.29,1.524));
#8633 = DIRECTION('',(-0.,-1.,-0.));
#8634 = DIRECTION('',(-1.,0.,0.));
#8635 = ADVANCED_FACE('',(#8636),#8654,.F.);
#8636 = FACE_BOUND('',#8637,.T.);
#8637 = EDGE_LOOP('',(#8638,#8646,#8652,#8653));
#8638 = ORIENTED_EDGE('',*,*,#8639,.F.);
#8639 = EDGE_CURVE('',#8640,#8593,#8642,.T.);
#8640 = VERTEX_POINT('',#8641);
#8641 = CARTESIAN_POINT('',(66.294,-34.29,7.747));
#8642 = LINE('',#8643,#8644);
#8643 = CARTESIAN_POINT('',(66.294,-34.29,1.524));
#8644 = VECTOR('',#8645,1.);
#8645 = DIRECTION('',(0.,0.,1.));
#8646 = ORIENTED_EDGE('',*,*,#8647,.T.);
#8647 = EDGE_CURVE('',#8640,#8120,#8648,.T.);
#8648 = LINE('',#8649,#8650);
#8649 = CARTESIAN_POINT('',(66.294,-34.29,7.747));
#8650 = VECTOR('',#8651,1.);
#8651 = DIRECTION('',(1.,0.,0.));
#8652 = ORIENTED_EDGE('',*,*,#8128,.T.);
#8653 = ORIENTED_EDGE('',*,*,#8592,.T.);
#8654 = PLANE('',#8655);
#8655 = AXIS2_PLACEMENT_3D('',#8656,#8657,#8658);
#8656 = CARTESIAN_POINT('',(70.104,-34.29,1.524));
#8657 = DIRECTION('',(0.,1.,0.));
#8658 = DIRECTION('',(1.,0.,0.));
#8659 = ADVANCED_FACE('',(#8660),#8679,.T.);
#8660 = FACE_BOUND('',#8661,.F.);
#8661 = EDGE_LOOP('',(#8662,#8671,#8677,#8678));
#8662 = ORIENTED_EDGE('',*,*,#8663,.F.);
#8663 = EDGE_CURVE('',#8664,#8618,#8666,.T.);
#8664 = VERTEX_POINT('',#8665);
#8665 = CARTESIAN_POINT('',(66.802,33.782,7.239));
#8666 = CIRCLE('',#8667,0.508);
#8667 = AXIS2_PLACEMENT_3D('',#8668,#8669,#8670);
#8668 = CARTESIAN_POINT('',(66.802,33.782,7.747));
#8669 = DIRECTION('',(1.,1.405E-14,-0.));
#8670 = DIRECTION('',(-1.405E-14,1.,0.));
#8671 = ORIENTED_EDGE('',*,*,#8672,.T.);
#8672 = EDGE_CURVE('',#8664,#8147,#8673,.T.);
#8673 = LINE('',#8674,#8675);
#8674 = CARTESIAN_POINT('',(66.294,33.782,7.239));
#8675 = VECTOR('',#8676,1.);
#8676 = DIRECTION('',(1.,0.,0.));
#8677 = ORIENTED_EDGE('',*,*,#8155,.F.);
#8678 = ORIENTED_EDGE('',*,*,#8617,.F.);
#8679 = CYLINDRICAL_SURFACE('',#8680,0.508);
#8680 = AXIS2_PLACEMENT_3D('',#8681,#8682,#8683);
#8681 = CARTESIAN_POINT('',(66.294,33.782,7.747));
#8682 = DIRECTION('',(1.,0.,0.));
#8683 = DIRECTION('',(0.,1.,0.));
#8684 = ADVANCED_FACE('',(#8685),#8704,.T.);
#8685 = FACE_BOUND('',#8686,.F.);
#8686 = EDGE_LOOP('',(#8687,#8696,#8697,#8698));
#8687 = ORIENTED_EDGE('',*,*,#8688,.T.);
#8688 = EDGE_CURVE('',#8689,#8640,#8691,.T.);
#8689 = VERTEX_POINT('',#8690);
#8690 = CARTESIAN_POINT('',(66.802,-33.782,7.239));
#8691 = ELLIPSE('',#8692,0.718420489686,0.508);
#8692 = AXIS2_PLACEMENT_3D('',#8693,#8694,#8695);
#8693 = CARTESIAN_POINT('',(66.802,-33.782,7.747));
#8694 = DIRECTION('',(-0.707106781187,0.707106781187,0.));
#8695 = DIRECTION('',(-0.707106781187,-0.707106781187,0.));
#8696 = ORIENTED_EDGE('',*,*,#8647,.T.);
#8697 = ORIENTED_EDGE('',*,*,#8181,.T.);
#8698 = ORIENTED_EDGE('',*,*,#8699,.F.);
#8699 = EDGE_CURVE('',#8689,#8173,#8700,.T.);
#8700 = LINE('',#8701,#8702);
#8701 = CARTESIAN_POINT('',(66.294,-33.782,7.239));
#8702 = VECTOR('',#8703,1.);
#8703 = DIRECTION('',(1.,0.,0.));
#8704 = CYLINDRICAL_SURFACE('',#8705,0.508);
#8705 = AXIS2_PLACEMENT_3D('',#8706,#8707,#8708);
#8706 = CARTESIAN_POINT('',(66.294,-33.782,7.747));
#8707 = DIRECTION('',(1.,0.,0.));
#8708 = DIRECTION('',(0.,0.,-1.));
#8709 = ADVANCED_FACE('',(#8710),#8721,.F.);
#8710 = FACE_BOUND('',#8711,.T.);
#8711 = EDGE_LOOP('',(#8712,#8718,#8719,#8720));
#8712 = ORIENTED_EDGE('',*,*,#8713,.F.);
#8713 = EDGE_CURVE('',#8664,#8689,#8714,.T.);
#8714 = LINE('',#8715,#8716);
#8715 = CARTESIAN_POINT('',(66.802,34.29,7.239));
#8716 = VECTOR('',#8717,1.);
#8717 = DIRECTION('',(-0.,-1.,-0.));
#8718 = ORIENTED_EDGE('',*,*,#8672,.T.);
#8719 = ORIENTED_EDGE('',*,*,#8197,.T.);
#8720 = ORIENTED_EDGE('',*,*,#8699,.F.);
#8721 = PLANE('',#8722);
#8722 = AXIS2_PLACEMENT_3D('',#8723,#8724,#8725);
#8723 = CARTESIAN_POINT('',(66.294,34.29,7.239));
#8724 = DIRECTION('',(0.,0.,1.));
#8725 = DIRECTION('',(0.,1.,0.));
#8726 = ADVANCED_FACE('',(#8727),#8754,.T.);
#8727 = FACE_BOUND('',#8728,.T.);
#8728 = EDGE_LOOP('',(#8729,#8738,#8746,#8753));
#8729 = ORIENTED_EDGE('',*,*,#8730,.F.);
#8730 = EDGE_CURVE('',#8731,#8327,#8733,.T.);
#8731 = VERTEX_POINT('',#8732);
#8732 = CARTESIAN_POINT('',(-66.294,-33.782,7.747));
#8733 = CIRCLE('',#8734,0.508);
#8734 = AXIS2_PLACEMENT_3D('',#8735,#8736,#8737);
#8735 = CARTESIAN_POINT('',(-66.802,-33.782,7.747));
#8736 = DIRECTION('',(0.,1.405E-14,-1.));
#8737 = DIRECTION('',(0.,-1.,-1.405E-14));
#8738 = ORIENTED_EDGE('',*,*,#8739,.T.);
#8739 = EDGE_CURVE('',#8731,#8740,#8742,.T.);
#8740 = VERTEX_POINT('',#8741);
#8741 = CARTESIAN_POINT('',(-66.294,-33.782,9.017));
#8742 = LINE('',#8743,#8744);
#8743 = CARTESIAN_POINT('',(-66.294,-33.782,7.239));
#8744 = VECTOR('',#8745,1.);
#8745 = DIRECTION('',(0.,0.,1.));
#8746 = ORIENTED_EDGE('',*,*,#8747,.T.);
#8747 = EDGE_CURVE('',#8740,#8336,#8748,.T.);
#8748 = CIRCLE('',#8749,0.508);
#8749 = AXIS2_PLACEMENT_3D('',#8750,#8751,#8752);
#8750 = CARTESIAN_POINT('',(-66.802,-33.782,9.017));
#8751 = DIRECTION('',(-0.,-0.,-1.));
#8752 = DIRECTION('',(0.,-1.,0.));
#8753 = ORIENTED_EDGE('',*,*,#8343,.F.);
#8754 = CYLINDRICAL_SURFACE('',#8755,0.508);
#8755 = AXIS2_PLACEMENT_3D('',#8756,#8757,#8758);
#8756 = CARTESIAN_POINT('',(-66.802,-33.782,7.239));
#8757 = DIRECTION('',(0.,0.,1.));
#8758 = DIRECTION('',(0.,-1.,0.));
#8759 = ADVANCED_FACE('',(#8760),#8771,.T.);
#8760 = FACE_BOUND('',#8761,.T.);
#8761 = EDGE_LOOP('',(#8762,#8769,#8770));
#8762 = ORIENTED_EDGE('',*,*,#8763,.F.);
#8763 = EDGE_CURVE('',#8731,#8359,#8764,.T.);
#8764 = CIRCLE('',#8765,0.508);
#8765 = AXIS2_PLACEMENT_3D('',#8766,#8767,#8768);
#8766 = CARTESIAN_POINT('',(-66.802,-33.782,7.747));
#8767 = DIRECTION('',(0.,1.,0.));
#8768 = DIRECTION('',(0.,0.,-1.));
#8769 = ORIENTED_EDGE('',*,*,#8730,.T.);
#8770 = ORIENTED_EDGE('',*,*,#8358,.F.);
#8771 = SPHERICAL_SURFACE('',#8772,0.508);
#8772 = AXIS2_PLACEMENT_3D('',#8773,#8774,#8775);
#8773 = CARTESIAN_POINT('',(-66.802,-33.782,7.747));
#8774 = DIRECTION('',(-1.,0.,0.));
#8775 = DIRECTION('',(0.,0.,-1.));
#8776 = ADVANCED_FACE('',(#8777),#8788,.T.);
#8777 = FACE_BOUND('',#8778,.T.);
#8778 = EDGE_LOOP('',(#8779,#8780,#8787));
#8779 = ORIENTED_EDGE('',*,*,#8747,.F.);
#8780 = ORIENTED_EDGE('',*,*,#8781,.T.);
#8781 = EDGE_CURVE('',#8740,#8385,#8782,.T.);
#8782 = CIRCLE('',#8783,0.508);
#8783 = AXIS2_PLACEMENT_3D('',#8784,#8785,#8786);
#8784 = CARTESIAN_POINT('',(-66.802,-33.782,9.017));
#8785 = DIRECTION('',(-0.,-1.,-6.E-17));
#8786 = DIRECTION('',(0.,-6.E-17,1.));
#8787 = ORIENTED_EDGE('',*,*,#8392,.F.);
#8788 = SPHERICAL_SURFACE('',#8789,0.508);
#8789 = AXIS2_PLACEMENT_3D('',#8790,#8791,#8792);
#8790 = CARTESIAN_POINT('',(-66.802,-33.782,9.017));
#8791 = DIRECTION('',(-1.,0.,0.));
#8792 = DIRECTION('',(0.,-1.,0.));
#8793 = ADVANCED_FACE('',(#8794),#8813,.T.);
#8794 = FACE_BOUND('',#8795,.T.);
#8795 = EDGE_LOOP('',(#8796,#8797,#8806,#8812));
#8796 = ORIENTED_EDGE('',*,*,#8408,.F.);
#8797 = ORIENTED_EDGE('',*,*,#8798,.F.);
#8798 = EDGE_CURVE('',#8799,#8409,#8801,.T.);
#8799 = VERTEX_POINT('',#8800);
#8800 = CARTESIAN_POINT('',(-66.294,33.782,7.747));
#8801 = CIRCLE('',#8802,0.508);
#8802 = AXIS2_PLACEMENT_3D('',#8803,#8804,#8805);
#8803 = CARTESIAN_POINT('',(-66.802,33.782,7.747));
#8804 = DIRECTION('',(-0.,1.,0.));
#8805 = DIRECTION('',(1.,0.,0.));
#8806 = ORIENTED_EDGE('',*,*,#8807,.T.);
#8807 = EDGE_CURVE('',#8799,#8731,#8808,.T.);
#8808 = LINE('',#8809,#8810);
#8809 = CARTESIAN_POINT('',(-66.294,34.29,7.747));
#8810 = VECTOR('',#8811,1.);
#8811 = DIRECTION('',(0.,-1.,0.));
#8812 = ORIENTED_EDGE('',*,*,#8763,.T.);
#8813 = CYLINDRICAL_SURFACE('',#8814,0.508);
#8814 = AXIS2_PLACEMENT_3D('',#8815,#8816,#8817);
#8815 = CARTESIAN_POINT('',(-66.802,34.29,7.747));
#8816 = DIRECTION('',(0.,-1.,0.));
#8817 = DIRECTION('',(0.,0.,-1.));
#8818 = ADVANCED_FACE('',(#8819),#8838,.T.);
#8819 = FACE_BOUND('',#8820,.T.);
#8820 = EDGE_LOOP('',(#8821,#8822,#8830,#8837));
#8821 = ORIENTED_EDGE('',*,*,#8781,.F.);
#8822 = ORIENTED_EDGE('',*,*,#8823,.T.);
#8823 = EDGE_CURVE('',#8740,#8824,#8826,.T.);
#8824 = VERTEX_POINT('',#8825);
#8825 = CARTESIAN_POINT('',(-66.294,33.782,9.017));
#8826 = LINE('',#8827,#8828);
#8827 = CARTESIAN_POINT('',(-66.294,-34.29,9.017));
#8828 = VECTOR('',#8829,1.);
#8829 = DIRECTION('',(0.,1.,0.));
#8830 = ORIENTED_EDGE('',*,*,#8831,.F.);
#8831 = EDGE_CURVE('',#8433,#8824,#8832,.T.);
#8832 = CIRCLE('',#8833,0.508);
#8833 = AXIS2_PLACEMENT_3D('',#8834,#8835,#8836);
#8834 = CARTESIAN_POINT('',(-66.802,33.782,9.017));
#8835 = DIRECTION('',(0.,1.,0.));
#8836 = DIRECTION('',(0.,0.,1.));
#8837 = ORIENTED_EDGE('',*,*,#8432,.F.);
#8838 = CYLINDRICAL_SURFACE('',#8839,0.508);
#8839 = AXIS2_PLACEMENT_3D('',#8840,#8841,#8842);
#8840 = CARTESIAN_POINT('',(-66.802,-34.29,9.017));
#8841 = DIRECTION('',(0.,1.,0.));
#8842 = DIRECTION('',(0.,0.,1.));
#8843 = ADVANCED_FACE('',(#8844),#8855,.T.);
#8844 = FACE_BOUND('',#8845,.F.);
#8845 = EDGE_LOOP('',(#8846,#8853,#8854));
#8846 = ORIENTED_EDGE('',*,*,#8847,.F.);
#8847 = EDGE_CURVE('',#8456,#8799,#8848,.T.);
#8848 = CIRCLE('',#8849,0.508);
#8849 = AXIS2_PLACEMENT_3D('',#8850,#8851,#8852);
#8850 = CARTESIAN_POINT('',(-66.802,33.782,7.747));
#8851 = DIRECTION('',(0.,0.,-1.));
#8852 = DIRECTION('',(1.,0.,0.));
#8853 = ORIENTED_EDGE('',*,*,#8455,.T.);
#8854 = ORIENTED_EDGE('',*,*,#8798,.F.);
#8855 = SPHERICAL_SURFACE('',#8856,0.508);
#8856 = AXIS2_PLACEMENT_3D('',#8857,#8858,#8859);
#8857 = CARTESIAN_POINT('',(-66.802,33.782,7.747));
#8858 = DIRECTION('',(0.,-1.,0.));
#8859 = DIRECTION('',(1.,0.,0.));
#8860 = ADVANCED_FACE('',(#8861),#8872,.T.);
#8861 = FACE_BOUND('',#8862,.F.);
#8862 = EDGE_LOOP('',(#8863,#8864,#8871));
#8863 = ORIENTED_EDGE('',*,*,#8480,.F.);
#8864 = ORIENTED_EDGE('',*,*,#8865,.T.);
#8865 = EDGE_CURVE('',#8481,#8824,#8866,.T.);
#8866 = CIRCLE('',#8867,0.508);
#8867 = AXIS2_PLACEMENT_3D('',#8868,#8869,#8870);
#8868 = CARTESIAN_POINT('',(-66.802,33.782,9.017));
#8869 = DIRECTION('',(6.E-17,0.,-1.));
#8870 = DIRECTION('',(1.,0.,6.E-17));
#8871 = ORIENTED_EDGE('',*,*,#8831,.F.);
#8872 = SPHERICAL_SURFACE('',#8873,0.508);
#8873 = AXIS2_PLACEMENT_3D('',#8874,#8875,#8876);
#8874 = CARTESIAN_POINT('',(-66.802,33.782,9.017));
#8875 = DIRECTION('',(0.,-1.,0.));
#8876 = DIRECTION('',(0.,0.,1.));
#8877 = ADVANCED_FACE('',(#8878),#8889,.T.);
#8878 = FACE_BOUND('',#8879,.F.);
#8879 = EDGE_LOOP('',(#8880,#8881,#8887,#8888));
#8880 = ORIENTED_EDGE('',*,*,#8847,.T.);
#8881 = ORIENTED_EDGE('',*,*,#8882,.T.);
#8882 = EDGE_CURVE('',#8799,#8824,#8883,.T.);
#8883 = LINE('',#8884,#8885);
#8884 = CARTESIAN_POINT('',(-66.294,33.782,7.239));
#8885 = VECTOR('',#8886,1.);
#8886 = DIRECTION('',(0.,0.,1.));
#8887 = ORIENTED_EDGE('',*,*,#8865,.F.);
#8888 = ORIENTED_EDGE('',*,*,#8508,.F.);
#8889 = CYLINDRICAL_SURFACE('',#8890,0.508);
#8890 = AXIS2_PLACEMENT_3D('',#8891,#8892,#8893);
#8891 = CARTESIAN_POINT('',(-66.802,33.782,7.239));
#8892 = DIRECTION('',(0.,0.,1.));
#8893 = DIRECTION('',(0.,1.,0.));
#8894 = ADVANCED_FACE('',(#8895),#8914,.T.);
#8895 = FACE_BOUND('',#8896,.F.);
#8896 = EDGE_LOOP('',(#8897,#8898,#8906,#8913));
#8897 = ORIENTED_EDGE('',*,*,#8600,.T.);
#8898 = ORIENTED_EDGE('',*,*,#8899,.T.);
#8899 = EDGE_CURVE('',#8593,#8900,#8902,.T.);
#8900 = VERTEX_POINT('',#8901);
#8901 = CARTESIAN_POINT('',(66.294,33.782,9.017));
#8902 = LINE('',#8903,#8904);
#8903 = CARTESIAN_POINT('',(66.294,-34.29,9.017));
#8904 = VECTOR('',#8905,1.);
#8905 = DIRECTION('',(0.,1.,0.));
#8906 = ORIENTED_EDGE('',*,*,#8907,.T.);
#8907 = EDGE_CURVE('',#8900,#8544,#8908,.T.);
#8908 = CIRCLE('',#8909,0.508);
#8909 = AXIS2_PLACEMENT_3D('',#8910,#8911,#8912);
#8910 = CARTESIAN_POINT('',(66.802,33.782,9.017));
#8911 = DIRECTION('',(0.,1.,-6.E-17));
#8912 = DIRECTION('',(0.,6.E-17,1.));
#8913 = ORIENTED_EDGE('',*,*,#8543,.F.);
#8914 = CYLINDRICAL_SURFACE('',#8915,0.508);
#8915 = AXIS2_PLACEMENT_3D('',#8916,#8917,#8918);
#8916 = CARTESIAN_POINT('',(66.802,-34.29,9.017));
#8917 = DIRECTION('',(0.,1.,0.));
#8918 = DIRECTION('',(0.,0.,1.));
#8919 = ADVANCED_FACE('',(#8920),#8931,.T.);
#8920 = FACE_BOUND('',#8921,.T.);
#8921 = EDGE_LOOP('',(#8922,#8929,#8930));
#8922 = ORIENTED_EDGE('',*,*,#8923,.F.);
#8923 = EDGE_CURVE('',#8900,#8566,#8924,.T.);
#8924 = CIRCLE('',#8925,0.508);
#8925 = AXIS2_PLACEMENT_3D('',#8926,#8927,#8928);
#8926 = CARTESIAN_POINT('',(66.802,33.782,9.017));
#8927 = DIRECTION('',(0.,0.,-1.));
#8928 = DIRECTION('',(0.,1.,0.));
#8929 = ORIENTED_EDGE('',*,*,#8907,.T.);
#8930 = ORIENTED_EDGE('',*,*,#8573,.F.);
#8931 = SPHERICAL_SURFACE('',#8932,0.508);
#8932 = AXIS2_PLACEMENT_3D('',#8933,#8934,#8935);
#8933 = CARTESIAN_POINT('',(66.802,33.782,9.017));
#8934 = DIRECTION('',(1.,0.,0.));
#8935 = DIRECTION('',(0.,1.,0.));
#8936 = ADVANCED_FACE('',(#8937),#8956,.T.);
#8937 = FACE_BOUND('',#8938,.T.);
#8938 = EDGE_LOOP('',(#8939,#8940,#8949,#8955));
#8939 = ORIENTED_EDGE('',*,*,#8625,.F.);
#8940 = ORIENTED_EDGE('',*,*,#8941,.F.);
#8941 = EDGE_CURVE('',#8942,#8618,#8944,.T.);
#8942 = VERTEX_POINT('',#8943);
#8943 = CARTESIAN_POINT('',(66.294,33.782,7.747));
#8944 = CIRCLE('',#8945,0.508);
#8945 = AXIS2_PLACEMENT_3D('',#8946,#8947,#8948);
#8946 = CARTESIAN_POINT('',(66.802,33.782,7.747));
#8947 = DIRECTION('',(0.,0.,-1.));
#8948 = DIRECTION('',(-1.,0.,0.));
#8949 = ORIENTED_EDGE('',*,*,#8950,.T.);
#8950 = EDGE_CURVE('',#8942,#8900,#8951,.T.);
#8951 = LINE('',#8952,#8953);
#8952 = CARTESIAN_POINT('',(66.294,33.782,7.239));
#8953 = VECTOR('',#8954,1.);
#8954 = DIRECTION('',(0.,0.,1.));
#8955 = ORIENTED_EDGE('',*,*,#8923,.T.);
#8956 = CYLINDRICAL_SURFACE('',#8957,0.508);
#8957 = AXIS2_PLACEMENT_3D('',#8958,#8959,#8960);
#8958 = CARTESIAN_POINT('',(66.802,33.782,7.239));
#8959 = DIRECTION('',(0.,0.,1.));
#8960 = DIRECTION('',(0.,1.,0.));
#8961 = ADVANCED_FACE('',(#8962),#8973,.F.);
#8962 = FACE_BOUND('',#8963,.T.);
#8963 = EDGE_LOOP('',(#8964,#8965,#8966,#8967));
#8964 = ORIENTED_EDGE('',*,*,#8639,.T.);
#8965 = ORIENTED_EDGE('',*,*,#8899,.T.);
#8966 = ORIENTED_EDGE('',*,*,#8950,.F.);
#8967 = ORIENTED_EDGE('',*,*,#8968,.T.);
#8968 = EDGE_CURVE('',#8942,#8640,#8969,.T.);
#8969 = LINE('',#8970,#8971);
#8970 = CARTESIAN_POINT('',(66.294,34.29,7.747));
#8971 = VECTOR('',#8972,1.);
#8972 = DIRECTION('',(-0.,-1.,-0.));
#8973 = PLANE('',#8974);
#8974 = AXIS2_PLACEMENT_3D('',#8975,#8976,#8977);
#8975 = CARTESIAN_POINT('',(66.294,-34.29,1.524));
#8976 = DIRECTION('',(1.,0.,0.));
#8977 = DIRECTION('',(0.,-1.,0.));
#8978 = ADVANCED_FACE('',(#8979),#8990,.T.);
#8979 = FACE_BOUND('',#8980,.F.);
#8980 = EDGE_LOOP('',(#8981,#8988,#8989));
#8981 = ORIENTED_EDGE('',*,*,#8982,.F.);
#8982 = EDGE_CURVE('',#8664,#8942,#8983,.T.);
#8983 = CIRCLE('',#8984,0.508);
#8984 = AXIS2_PLACEMENT_3D('',#8985,#8986,#8987);
#8985 = CARTESIAN_POINT('',(66.802,33.782,7.747));
#8986 = DIRECTION('',(0.,1.,-0.));
#8987 = DIRECTION('',(-1.,0.,0.));
#8988 = ORIENTED_EDGE('',*,*,#8663,.T.);
#8989 = ORIENTED_EDGE('',*,*,#8941,.F.);
#8990 = SPHERICAL_SURFACE('',#8991,0.508);
#8991 = AXIS2_PLACEMENT_3D('',#8992,#8993,#8994);
#8992 = CARTESIAN_POINT('',(66.802,33.782,7.747));
#8993 = DIRECTION('',(0.,0.,1.));
#8994 = DIRECTION('',(-1.,0.,0.));
#8995 = ADVANCED_FACE('',(#8996),#9002,.T.);
#8996 = FACE_BOUND('',#8997,.F.);
#8997 = EDGE_LOOP('',(#8998,#8999,#9000,#9001));
#8998 = ORIENTED_EDGE('',*,*,#8982,.T.);
#8999 = ORIENTED_EDGE('',*,*,#8968,.T.);
#9000 = ORIENTED_EDGE('',*,*,#8688,.F.);
#9001 = ORIENTED_EDGE('',*,*,#8713,.F.);
#9002 = CYLINDRICAL_SURFACE('',#9003,0.508);
#9003 = AXIS2_PLACEMENT_3D('',#9004,#9005,#9006);
#9004 = CARTESIAN_POINT('',(66.802,34.29,7.747));
#9005 = DIRECTION('',(-0.,-1.,-0.));
#9006 = DIRECTION('',(0.,0.,-1.));
#9007 = ADVANCED_FACE('',(#9008),#9014,.F.);
#9008 = FACE_BOUND('',#9009,.F.);
#9009 = EDGE_LOOP('',(#9010,#9011,#9012,#9013));
#9010 = ORIENTED_EDGE('',*,*,#8807,.T.);
#9011 = ORIENTED_EDGE('',*,*,#8739,.T.);
#9012 = ORIENTED_EDGE('',*,*,#8823,.T.);
#9013 = ORIENTED_EDGE('',*,*,#8882,.F.);
#9014 = PLANE('',#9015);
#9015 = AXIS2_PLACEMENT_3D('',#9016,#9017,#9018);
#9016 = CARTESIAN_POINT('',(-66.294,-34.29,1.524));
#9017 = DIRECTION('',(-1.,0.,0.));
#9018 = DIRECTION('',(0.,1.,0.));
#9019 = ( GEOMETRIC_REPRESENTATION_CONTEXT(3) 
GLOBAL_UNCERTAINTY_ASSIGNED_CONTEXT((#9026)) 
GLOBAL_UNIT_ASSIGNED_CONTEXT((#9020,#9024,#9025)) REPRESENTATION_CONTEXT
('Context #1','3D Context with UNIT and UNCERTAINTY') );
#9020 = ( CONVERSION_BASED_UNIT('INCH',#9022) LENGTH_UNIT() NAMED_UNIT(
  #9021) );
#9021 = DIMENSIONAL_EXPONENTS(1.,0.,0.,0.,0.,0.,0.);
#9022 = LENGTH_MEASURE_WITH_UNIT(25.4,#9023);
#9023 = ( LENGTH_UNIT() NAMED_UNIT(*) SI_UNIT(.MILLI.,.METRE.) );
#9024 = ( NAMED_UNIT(*) PLANE_ANGLE_UNIT() SI_UNIT($,.RADIAN.) );
#9025 = ( NAMED_UNIT(*) SI_UNIT($,.STERADIAN.) SOLID_ANGLE_UNIT() );
#9026 = UNCERTAINTY_MEASURE_WITH_UNIT(LENGTH_MEASURE(1.E-05),#9020,
  'distance_accuracy_value','confusion accuracy');
#9027 = PRODUCT_RELATED_PRODUCT_CATEGORY('part',$,(#7));
#9028 = MECHANICAL_DESIGN_GEOMETRIC_PRESENTATION_REPRESENTATION('',(
    #9029),#9019);
#9029 = STYLED_ITEM('color',(#9030),#15);
#9030 = PRESENTATION_STYLE_ASSIGNMENT((#9031,#9039));
#9031 = SURFACE_STYLE_USAGE(.BOTH.,#9032);
#9032 = SURFACE_SIDE_STYLE('',(#9033,#9037));
#9033 = SURFACE_STYLE_FILL_AREA(#9034);
#9034 = FILL_AREA_STYLE('',(#9035));
#9035 = FILL_AREA_STYLE_COLOUR('',#9036);
#9036 = COLOUR_RGB('',0.447058818107,0.474509808674,0.501960817233);
#9037 = SURFACE_STYLE_RENDERING_WITH_PROPERTIES(.NORMAL_SHADING.,#9036,(
    #9038));
#9038 = SURFACE_STYLE_TRANSPARENT(0.5);
#9039 = CURVE_STYLE('',#9040,POSITIVE_LENGTH_MEASURE(0.1),#9041);
#9040 = DRAUGHTING_PRE_DEFINED_CURVE_FONT('continuous');
#9041 = COLOUR_RGB('',9.803921802644E-02,9.803921802644E-02,
  9.803921802644E-02);
ENDSEC;
END-ISO-10303-21;
